<?xml version="1.0" encoding="utf-8" ?>
<kml xmlns="http://www.opengis.net/kml/2.2">
<Document id="root_doc">
<Schema name="ju_maksimir_natura_poligoni" id="ju_maksimir_natura_poligoni">
	<SimpleField name="ogc_fid" type="float"></SimpleField>
	<SimpleField name="sitecode" type="string"></SimpleField>
	<SimpleField name="sitename" type="string"></SimpleField>
	<SimpleField name="ms" type="string"></SimpleField>
	<SimpleField name="sitetype" type="string"></SimpleField>
	<SimpleField name="shape_leng" type="float"></SimpleField>
	<SimpleField name="shape_area" type="float"></SimpleField>
	<SimpleField name="url" type="string"></SimpleField>
</Schema>
<Folder><name>ju_maksimir_natura_poligoni</name>
  <Placemark>
	<Style><LineStyle><color>ff0000ff</color></LineStyle><PolyStyle><fill>0</fill></PolyStyle></Style>
	<ExtendedData><SchemaData schemaUrl="#ju_maksimir_natura_poligoni">
		<SimpleData name="ogc_fid">73</SimpleData>
		<SimpleData name="sitecode">HR1000002</SimpleData>
		<SimpleData name="sitename">Sava kod Hrušćice sa šljunčarom Rakitje</SimpleData>
		<SimpleData name="ms">HR</SimpleData>
		<SimpleData name="sitetype">Ekološka mreža NATURA 2000 - Područje očuvanja značajno za ptice</SimpleData>
		<SimpleData name="shape_leng">25908.140184700001555</SimpleData>
		<SimpleData name="shape_area">1453.256130219999932</SimpleData>
		<SimpleData name="url">https://interni.bioportal.hr/ekomreza/natura/report/site?site-code=HR1000002</SimpleData>
	</SchemaData></ExtendedData>
      <MultiGeometry><Polygon><outerBoundaryIs><LinearRing><coordinates>16.146190023882,45.789745354716 16.1462183917531,45.7895645075482 16.1462526508385,45.789313210013 16.1462752740661,45.7891799596536 16.1463169408798,45.7890486722097 16.1463832292053,45.7888984158208 16.146473777572,45.7887863265144 16.1466245306754,45.7886249038496 16.1468108301608,45.7884388311151 16.1469395252741,45.7883211447216 16.1471446017294,45.788178935236 16.1473249613358,45.7880709314081 16.1475571394639,45.7879478499586 16.1479230220219,45.7877756615026 16.1481306609253,45.7876582178838 16.148483095094,45.7874593215822 16.1486580163307,45.7873493940326 16.1488466913731,45.7872166536017 16.1490135040682,45.7870971780152 16.1491531061495,45.7869757137588 16.1492601108261,45.7868427218282 16.1493616709054,45.786709713086 16.1495183076818,45.7864759311001 16.1496312079846,45.7862705824905 16.1497828992788,45.785956792855 16.1498988301689,45.7857019346276 16.1500067377138,45.7854241968057 16.1500841737455,45.7852301665178 16.1501589593898,45.7850247015103 16.1502031221262,45.7849277034342 16.1502719152129,45.7848098298146 16.150250927219,45.7846227315734 16.1502091618754,45.7845036359066 16.1500732217297,45.7843379868797 16.1499936922475,45.7842154714042 16.1499948296271,45.7840337190913 16.1500099504879,45.7838817506643 16.1500771706113,45.7837068106656 16.1501443283055,45.7835417835174 16.1502828908457,45.7832877490201 16.1503120561562,45.7831556523929 16.1503032094656,45.7830597904092 16.1503364357942,45.783033455097 16.150407096838,45.7830634132796 16.1505345594546,45.783073716289 16.1506102938553,45.7830475109025 16.1507051081444,45.782991621834 16.1508377467531,45.7829292392549 16.1509421701176,45.7828469414529 16.1510513798392,45.7827547450842 16.1511162825183,45.7826139078517 16.1511662993123,45.7824866354963 16.151196668787,45.782352415176 16.1512169588266,45.7822560474261 16.1512570435541,45.7821425206316 16.1513962997796,45.7819122037513 16.1514562655875,45.7817677421474 16.1515407350798,45.7816405747019 16.1517046416575,45.7814034437364 16.151774557498,45.7812417928213 16.1520436657896,45.7807088057247 16.1523929962339,45.7799384312502 16.1524926312678,45.7797458748663 16.1528100682425,45.7793542329804 16.1527762353158,45.7792542568965 16.1528310596878,45.7791442178165 16.1530044981301,45.7789553296188 16.153187073299,45.7788801172016 16.1532072518712,45.7788009681712 16.1533510300596,45.7786326524123 16.1533915132373,45.7784536916604 16.1534422878378,45.7782024397865 16.1535973135339,45.777806859347 16.1536331726966,45.7775796686812 16.1537806953399,45.7776007797007 16.1539140712632,45.7775219734779 16.1540226882912,45.7774671995725 16.1542094358781,45.7775125362492 16.1545252092534,45.7773860662899 16.1548570562303,45.7778451105877 16.1549943329196,45.7779316234411 16.1551513609615,45.77800786334 16.1553920795717,45.7780809119335 16.1556962930621,45.7782333616574 16.1561377046157,45.7784860968375 16.1562555513645,45.7785312227813 16.1566240915333,45.7786287606883 16.1568181491818,45.7787061839254 16.1572666926537,45.7788963316721 16.1575987780622,45.7790106076217 16.1577694907869,45.7790394393734 16.1580971773262,45.7791379676968 16.1583083462493,45.7791700662953 16.1587218803929,45.7792027691286 16.1589421588674,45.7792160132663 16.1590545076044,45.7792289349684 16.1592249738482,45.7792986714039 16.1593220337618,45.7793443665378 16.1593853769061,45.7794334025112 16.159397318969,45.7795414392693 16.1594022866919,45.7796831527318 16.1596026849938,45.7794406618496 16.1598240551052,45.7792980541297 16.1598843461253,45.7792254983044 16.160067874509,45.7790893900843 16.1602069153868,45.7790170674501 16.160472233441,45.7788988342583 16.1606174794695,45.7788419593281 16.1607720138008,45.7788115605052 16.1608788716471,45.7788515516851 16.1610237151915,45.7788607977315 16.1611624071581,45.778845781146 16.161408182826,45.7788332844837 16.1615278273921,45.7788424552137 16.1616123560547,45.7789286661591 16.1616529319053,45.7789905017887 16.1616648782593,45.7790985383303 16.1617212310734,45.7791560116319 16.1618061336078,45.7791805080716 16.1620340973374,45.7792144436942 16.1623099271149,45.7791683148909 16.1625912558442,45.7791359353037 16.1626454032294,45.779126404347 16.1624900586363,45.7787667976936 16.1626340826407,45.7787520209216 16.1625763201445,45.7784231066849 16.1629538342526,45.7784185197941 16.1632309010492,45.7784079354051 16.163505265891,45.7783954420096 16.1636680686085,45.7784187240827 16.1636778823482,45.7787037249766 16.1638972441564,45.7787105943797 16.1644085968546,45.7786763312938 16.1646205221941,45.7786488519028 16.1651288029952,45.7785174980726 16.1654505318403,45.7784443546333 16.1656747651216,45.7784080004048 16.165695618896,45.7783658761055 16.1656892029303,45.7782176845886 16.1657660713411,45.7781846987603 16.1658248527306,45.7781235574313 16.1658325356346,45.7780597121044 16.165930944355,45.7780881015264 16.1661862660852,45.7781297229645 16.1664817942063,45.7781637976052 16.1668028345625,45.778205609478 16.1668820883344,45.7781509230825 16.1668160968054,45.7779481767085 16.1672450687133,45.7779602775015 16.1673588107213,45.7779569915015 16.1673901265833,45.7779064446272 16.1682328839442,45.7778763409607 16.1686673677284,45.7778305808858 16.1689884516722,45.7777302345518 16.1692475479957,45.777622473498 16.169595009012,45.777431776409 16.1698648682542,45.7772517047507 16.1698856721597,45.7772300625824 16.1709935931485,45.7786945395754 16.1710344008472,45.7787547654996 16.1710604676961,45.7787058797409 16.1711820711268,45.7783833257994 16.1712119132347,45.7783239295079 16.1716157668265,45.7777958187241 16.1718357863794,45.7775524512079 16.1723975323099,45.7770187209192 16.1726173238942,45.7768129835513 16.1727806517518,45.7766575223584 16.1729680325001,45.7764765727519 16.1730910618826,45.7763392455027 16.1731541397925,45.7762580696287 16.1732323121382,45.7761446034685 16.1733183450785,45.7759612776435 16.1733594364386,45.7758164139106 16.1734945588627,45.7756499159651 16.1735651794913,45.7755531165809 16.1736540389233,45.775395873873 16.1736963516291,45.7752969069092 16.1737465548511,45.7751228651221 16.1737824665378,45.7748434365745 16.1738034628799,45.7747248551363 16.1738251893219,45.7744497024001 16.1738276011231,45.7743498629263 16.1738097940518,45.7742666075403 16.1737629654699,45.7741410272551 16.1737213549575,45.7740615433331 16.1736487093832,45.7739717310243 16.1735669615686,45.7738742119656 16.1734687293757,45.7737804860868 16.173407044016,45.7736932648746 16.1733617313715,45.7736214518308 16.1732350099184,45.7733945160978 16.1731154935003,45.7731868025746 16.1730448280275,45.7730713944038 16.1730672877309,45.7729844137529 16.1731596883734,45.7728233888317 16.1732941171362,45.7726701647127 16.1733254965837,45.7726216121059 16.1733459391769,45.7725666270402 16.1733444980977,45.7725000592591 16.1733229744856,45.7724270337773 16.173266733689,45.7723475087345 16.1732121719112,45.7722935895976 16.1731868036077,45.772252554507 16.1731778883664,45.7722128468906 16.173168959471,45.7721756991676 16.1731802339125,45.7721245282515 16.1732171083063,45.7720747109707 16.1732704082829,45.7720313409328 16.1733640697907,45.7719676049944 16.1735016148657,45.7719065552206 16.1735420286375,45.7718772283147 16.1735586620889,45.7718478343545 16.1735534880872,45.7717940564696 16.1735939913471,45.7717493701993 16.1736833208866,45.7718008276271 16.1738129298552,45.7718460005996 16.1739243745022,45.7718693599035 16.1740688321093,45.7718774527759 16.1745864912187,45.7718776478648 16.1753017429616,45.7718707225009 16.175532351159,45.7718637545015 16.175530915223,45.7717634802138 16.1755019030022,45.7712297609868 16.1754915897115,45.7709320190424 16.1759335564277,45.7708462059971 16.1761950375256,45.7707402201343 16.176501442891,45.7704995472805 16.1766988726927,45.7703652924995 16.176944961241,45.7701441084078 16.1775891481114,45.770510899915 16.1777408556901,45.7703377076842 16.1778699168085,45.7701380899273 16.1779551471068,45.7699878681416 16.1780213070532,45.7698414023075 16.178073769672,45.769710133273 16.1781813747741,45.769455222188 16.1782530512707,45.7692954393888 16.1783052513421,45.7692098803011 16.178412207385,45.7690673370357 16.1785436992461,45.7689172449816 16.1787162190477,45.7687310817369 16.1789133079266,45.768531654016 16.1791048644258,45.7683474476477 16.1792115329205,45.7682544224772 16.1793262451002,45.768182370758 16.1795118659401,45.7680838531259 16.1797981972112,45.7679818086139 16.1801799170568,45.7678552705902 16.180362574222,45.7677986443313 16.1805151649067,45.7677647886702 16.1806894400772,45.767746229747 16.1808418470619,45.7677447506933 16.1809887344959,45.7677565883845 16.1811192396573,45.7677779036655 16.1812469268028,45.7678163512542 16.1814315347821,45.7678949544952 16.1816514117034,45.7679927009081 16.1818714084873,45.7680694971527 16.181993707349,45.7680984063033 16.182099798459,45.7681063192519 16.1822168161626,45.7681066447736 16.1823284793469,45.7680917189506 16.1824675281262,45.7680463955536 16.182636685277,45.767970682045 16.1830378032392,45.7677813372193 16.1834143738734,45.7676014455652 16.183973701761,45.7673458757064 16.1843775539656,45.7671527239605 16.1849370110866,45.7668723898826 16.185259067803,45.7667056741476 16.1856521336521,45.7664934429601 16.1860342148377,45.7662983214513 16.1863480158006,45.7661468162875 16.1867081093351,45.7659897234606 16.1869181147268,45.7659064978643 16.1871498477877,45.7658309490982 16.1873106366468,45.7657894881766 16.1875258817126,45.7657424622293 16.1877711659453,45.765676472763 16.1879620464305,45.7656065244433 16.1880875742575,45.7655440160366 16.188117667941,45.765515529478 16.1882241781498,45.7654472552652 16.1883335264262,45.7653580377076 16.1884157358878,45.7652554145734 16.188467936566,45.7651660410251 16.1885644201004,45.7649434681139 16.18861409063,45.7648198051434 16.1886348683542,45.7640817901761 16.1886167094585,45.7639356812174 16.188252987939,45.7633598103049 16.188120367896,45.7631453728368 16.1880128648716,45.7629979022905 16.1871186057119,45.7622461924643 16.1868330944362,45.7620268752559 16.1866679257277,45.7619372241111 16.1866298684987,45.7619059001937 16.1872984631105,45.7619880105609 16.1885784863058,45.7621208433109 16.1889415339405,45.7621485923943 16.1892217724616,45.7621716538921 16.1894765968811,45.7621812664741 16.1896676550415,45.7621996259499 16.1899860509508,45.7622361692671 16.1904831310142,45.762224136863 16.1907633705634,45.7622471954818 16.1910816197874,45.76231049547 16.1912790501259,45.7623288685794 16.1921529551807,45.7621572902408 16.1923585339807,45.7620999803679 16.1925135002934,45.7620322680821 16.1927090382399,45.7618751622653 16.1929043991992,45.7617501155943 16.1931070998323,45.7616785230689 16.19355066357,45.7615367755062 16.1937209402846,45.7614610880993 16.1938699655682,45.7614320981363 16.1939622533281,45.7614545398961 16.1940782831559,45.7613491760237 16.1942287195938,45.7612067341739 16.1943547401396,45.7610508953363 16.1944398096098,45.7609197067124 16.1945113883991,45.7607675309496 16.1945803064271,45.7606039214323 16.1946438980653,45.7604193466295 16.194691130943,45.7602404409206 16.1947328077402,45.7600824722476 16.1947855036009,45.7598997722201 16.1948518657598,45.7597056820675 16.1949070629755,45.7595629857851 16.1949593426385,45.7594564681519 16.1951132930975,45.7591673819112 16.1952891850989,45.7588459763602 16.1954239507213,45.7585815974815 16.1955394923145,45.7583495466158 16.1956797382868,45.758077564284 16.1959477081775,45.7575840374973 16.1960714080508,45.7573522444121 16.1961951895805,45.7571049774861 16.1963155816891,45.7568553205273 16.1964428074367,45.7565997293886 16.1966112309547,45.7562728265141 16.1967624351165,45.7559851585876 16.1968003097248,45.7558995528346 16.196821070051,45.7558341373335 16.1968674602832,45.7557461732724 16.1969461674966,45.7556479138824 16.1969724187391,45.7556236051359 16.1970292088366,45.7555871877307 16.1971056542451,45.7555386327689 16.1971667717935,45.7555067977681 16.1972300008118,45.7554871579664 16.1973171797816,45.7554660573128 16.197393418892,45.7554555938884 16.1974522200476,45.7554496543404 16.1975262417797,45.7554468035911 16.1976263731997,45.7554455443628 16.1977743742227,45.755447460214 16.197885347959,45.7554538480734 16.198052848035,45.7554725748599 16.1981398870203,45.7554773758491 16.1982965707853,45.7554838840646 16.1984249989347,45.7554826997531 16.1985425764604,45.7554753914007 16.1986601539512,45.755468083827 16.1987755962338,45.7554531509678 16.198875817783,45.7554351311438 16.1989716951167,45.7554155764192 16.199071950583,45.7553914612441 16.1991656912559,45.7553642820935 16.1992900028194,45.7553188993241 16.1993576417751,45.7552886045809 16.1994405314631,45.755255301383 16.199506002278,45.7552234765811 16.1996020412484,45.7551734481087 16.1997155189827,45.7551188943874 16.1997897022887,45.7550855680528 16.1998726008666,45.7550507420962 16.1999423826835,45.7550265461034 16.2000710138123,45.7549872690945 16.2002214427881,45.7549419529663 16.2003653417778,45.7548966204148 16.2004983422005,45.7548543067479 16.200642265182,45.7548044029081 16.2007949276339,45.7547484265044 16.2009606479213,45.7546924849728 16.2011241917421,45.7546365366073 16.2012899126566,45.7545805945987 16.2013917015256,45.7545437329773 16.2014680848647,45.7545058411975 16.2015042638932,45.7544816518239 16.2015364988924,45.7544317411493 16.2015694721718,45.7543708799845 16.2015971452369,45.7542833410876 16.201592039251,45.7542204764716 16.2015705685361,45.7541651877492 16.2015517161751,45.7541289511047 16.2015328333803,45.7540984281303 16.2015166920239,45.7540641034458 16.2015087025796,45.7540317049401 16.201506175674,45.7539955109363 16.2015145306311,45.7539593453609 16.2015746587993,45.7539080786487 16.2016347272475,45.7538682392547 16.2016648267583,45.7538359402177 16.2016878529222,45.7538019328735 16.2017005409351,45.7537712772966 16.2017046932436,45.7537236444332 16.2017064498818,45.7536836815399 16.2017121647397,45.7536322726797 16.2017342035518,45.7535809064339 16.2017617656577,45.753514317325 16.2019543107206,45.7531205698543 16.202119899744,45.7526791377377 16.2021282642378,45.7526410672493 16.2021175130654,45.7526162802172 16.202097897498,45.7526102183848 16.2020434653628,45.7526136477702 16.2019498560931,45.7526300679832 16.2017762831255,45.7526546134129 16.2016776737023,45.7526519751036 16.2015655682119,45.7526290648698 16.2014382041129,45.7525977824709 16.201287186996,45.7525378702204 16.2011786226279,45.7524887809728 16.20105146372,45.7524194072812 16.2009209601031,45.7523393107272 16.2007093097992,45.752170914285 16.2005840996281,45.7520551206899 16.2004877508264,45.7519477348017 16.2004101393725,45.7518344466597 16.2003714261237,45.7517605423207 16.20031931951,45.7516473209957 16.2002657815524,45.7514841000788 16.2002358259027,45.7513626037331 16.2002058882167,45.7512375361018 16.2001625332299,45.7510779131658 16.2001461547547,45.7509612141808 16.2001365959327,45.7508409617669 16.20012184789,45.7507373610025 16.2001020304826,45.7506277956236 16.2000408400484,45.7503062357362 16.1999927740146,45.7500739870389 16.1999833508748,45.7499287374873 16.199971894451,45.7498453819286 16.1999537206457,45.7497465338927 16.1999240663803,45.7495690910861 16.1998974099153,45.7494666485343 16.1998588010417,45.7493736990058 16.1998199817352,45.7493200298697 16.1997457492071,45.7492115118657 16.1996714224959,45.7491208483825 16.1995513798886,45.7489943532047 16.1994261919665,45.748876177451 16.1993110776934,45.7487818359954 16.1991975490913,45.7487089247408 16.1991145366165,45.7486527581184 16.1990483936451,45.7486216351393 16.1990076884404,45.7486024817514 16.1988990581763,45.7485676745253 16.1987378204308,45.7485136832326 16.1985443311999,45.7484500830914 16.1984170359913,45.7484080844095 16.198327011693,45.7483911814694 16.1981656993067,45.7483514735672 16.1980009723114,45.7483141363945 16.1978532555392,45.7482756544273 16.1977581832311,45.7482492150574 16.1976546349373,45.7482179914135 16.1975781870266,45.7482058855739 16.1975305809076,45.7482057595548 16.1974642644443,45.7482067735158 16.1973758446277,45.7482077297955 16.1973027524627,45.7482039657498 16.1972398431413,45.7482037990654 16.1971854742229,45.7481965123333 16.1971260299997,45.7481844512555 16.1970461763859,45.7481735264732 16.1969833443904,45.7481590754554 16.1969273512139,45.7481374998952 16.1968764024346,45.7481266516637 16.196827139859,45.7481181878668 16.1967880794127,45.7481097520235 16.1967472735064,45.7481096437244 16.1967013085206,45.7481202347888 16.1966451684687,45.7481260379536 16.1965754126796,45.7481341849155 16.1964971692831,45.7481399293059 16.1964529303901,45.7481457630897 16.1964001251795,45.7481634785083 16.196349047395,45.7481764367278 16.1963064958972,45.748184656722 16.1962741904299,45.7481845708482 16.1962283350633,45.7481749254092 16.1961841296867,45.7481748078707 16.1961280205397,45.7481746586563 16.1960701994019,45.7481768857433 16.1960157531228,45.7481838835458 16.1959681457442,45.7481837568723 16.1959018551354,45.7481800091293 16.1958780643774,45.7481775649229 16.1958492372052,45.74816320379 16.1958152844059,45.7481535907695 16.1957863732,45.7481547042358 16.1957574309466,45.7481617689194 16.1957268258488,45.7481616874186 16.1957081426384,45.7481580663373 16.1956758643447,45.7481532195007 16.1956452463124,45.7481555188265 16.1956196905245,45.748164973379 16.1955873087096,45.7481791715049 16.1955481642867,45.748186208953 16.1955022378453,45.7481896578889 16.1954631516618,45.7481859823901 16.195427490801,45.748177555143 16.1953850311024,45.7481691097586 16.1953476958187,45.748155915357 16.1953103294489,45.7481486739671 16.1952780123356,45.7481509686634 16.195249042823,45.7481627949113 16.1952166596307,45.7481769929285 16.1951792025594,45.7481864156342 16.1950890383044,45.7481956985801 16.1950583813374,45.7482051393934 16.1950123770582,45.7482228723218 16.1949613248386,45.7482310682234 16.1948950147873,45.7482308911686 16.1948423257594,45.7482271800314 16.1947964446566,45.7482222957147 16.1947538929039,45.7482305142302 16.1947027887221,45.7482482334087 16.1946227991883,45.7482623040396 16.1945496357282,45.7482716319978 16.1944645775227,45.74827973676 16.1944118702807,45.7482795958001 16.1943727906047,45.7482747295044 16.1943286358484,45.7482650887519 16.1942878883205,45.7482542666577 16.1942351733184,45.7482553160369 16.1941925824558,45.7482706768872 16.1941074591822,45.7482906847237 16.1940139393996,45.7482916247474 16.1939476487999,45.7482878758706 16.1938831236341,45.7482722281711 16.193823725605,45.748251833309 16.1937880584475,45.7482445950751 16.1937456237036,45.7482313873827 16.1937133520561,45.7482253486683 16.1936708392094,45.748226425136 16.1936112263943,45.7482453114549 16.1935516383108,45.7482594360432 16.1934784889964,45.7482663824706 16.1933866031464,45.7482792298787 16.1933168349494,45.7482897557005 16.1932046112191,45.7482906448549 16.1931281132911,45.748288058535 16.1930465260614,45.7482830776083 16.19297179377,45.7482685924129 16.1929174122943,45.7482636853986 16.1928086285065,45.7482574407611 16.1927355692567,45.748247721675 16.1926829600387,45.7482297244596 16.1926183764954,45.7482247889616 16.1925741632742,45.7482258604467 16.1924789354023,45.7482279850594 16.1924194267945,45.7482278248739 16.1923429289913,45.7482252380286 16.1922698502416,45.7482190899163 16.1921934048024,45.7482069795805 16.1920829993891,45.7481864463856 16.1919539110963,45.7481622904898 16.1918706643845,45.7481501625002 16.191819736238,45.7481357407449 16.1917160276728,45.7481342705221 16.1916361411459,45.7481292940767 16.1914542870882,45.7481157091664 16.1913488847799,45.7481130435949 16.1912689733566,45.7481128276915 16.1911295062162,45.748120782938 16.1909799117429,45.7481156166675 16.1908269875915,45.7480973481347 16.1907047014577,45.7480732092335 16.1905671517372,45.7480418871152 16.1904076120694,45.7479902695422 16.1902769496947,45.7479434908967 16.190103867099,45.7478811222119 16.189903562193,45.7478222507083 16.1898339310833,45.7478077773039 16.1897609863359,45.7477778200195 16.1897015626788,45.747762183809 16.1896047420058,45.7477452555356 16.1894722353249,45.7477246597714 16.1893804959983,45.7477113164428 16.1892710095799,45.7476902089516 16.1890764968106,45.7476485902057 16.1889542124201,45.7476244494335 16.1888115518376,45.7475954921681 16.1887011885888,45.7475678131682 16.1885857575439,45.7475341680409 16.1884550791823,45.747490958589 16.1882596945189,45.7474318861611 16.187878334132,45.7472501210177 16.187769771902,45.7472045903114 16.1876578556779,45.747150717241 16.1874882534584,45.7470752601401 16.1873509405915,45.7470022720318 16.1872203296238,45.7469471578305 16.1871711107437,45.7469315482373 16.1870940428394,45.7469237050551 16.1870301851506,45.7468966412856 16.186845281737,45.7468211413121 16.1867927023892,45.7467983805942 16.1867587240718,45.7467935256769 16.1867060315856,45.7467910003189 16.1866465844781,45.7467801242192 16.1866075119079,45.7467740657434 16.1865684339742,45.7467691967814 16.1865429772364,45.7467607938514 16.1865158681151,45.7467440550894 16.1864904380525,45.7467308904539 16.1864564610829,45.7467260363501 16.1864003801022,45.7467211206686 16.186286560437,45.7467041429207 16.1861625656701,45.7466823762432 16.1860538524678,45.746664221848 16.1859909916646,45.7466557160105 16.185941778771,45.7466389163612 16.1859026876378,45.7466364280187 16.1858618694922,45.7466386966816 16.1858210112795,45.7466481069705 16.1857716782282,45.7466527330699 16.1857019628082,45.7466537317554 16.1856305483689,45.7466547248238 16.1855625399353,45.7466545376792 16.1853806520644,45.7466480856548 16.1852004498808,45.7466440179692 16.185045718852,45.746645972425 16.1849709092054,45.7466457661797 16.1848128780407,45.7466298554939 16.1847160126267,45.746621256043 16.1845834379775,45.7466137474767 16.1844950406287,45.7466111225245 16.1843794128485,45.746613184052 16.1842251968963,45.7466277369867 16.1841310762122,45.7466315439361 16.1840238961841,45.7466431510927 16.1839456066093,45.7466572189537 16.1838553745235,45.746678396367 16.1836391726186,45.7467266024397 16.1834485140829,45.7467677371251 16.1830229447363,45.7468582158718 16.1828748512524,45.7468887546041 16.1826960250885,45.7469418243915 16.1824831678145,45.7469995619967 16.1822822866291,45.74704423675 16.182132464908,45.74707953148 16.1819944898862,45.7471243816206 16.1818428795422,45.7471751449343 16.1816503635011,45.7472436507021 16.181471453808,45.7473110027372 16.1812670480987,45.7473770938267 16.1811324452077,45.7474267131979 16.1809671776498,45.7474869607639 16.1809058406942,45.7475094069669 16.1808687304791,45.7475171595128 16.1808176836525,45.7475241586691 16.1807462165256,45.7475339585249 16.1806829267546,45.7475409234107 16.1806277341668,45.7475593393148 16.1805008787283,45.7476218360058 16.1804128854391,45.7476672999863 16.1803514651781,45.7477042676055 16.1803008945704,45.747736096173 16.18024471753,45.7477587265212 16.1801646911303,45.7477787382362 16.1800591744398,45.7477962985355 16.1799740400883,45.7478174871545 16.1798701827835,45.7478421936765 16.1796930374749,45.7478976443483 16.1795124583478,45.7479590373206 16.1792448854224,45.7480689903181 16.1789687030698,45.7481979655601 16.1788441536631,45.7482726088475 16.178644671672,45.7483684674115 16.1784822041841,45.7484354605848 16.1782858262665,45.7485234710613 16.1781057455778,45.7486158128839 16.1779093405031,45.7487081084031 16.1776976271667,45.7488015499424 16.1774957995387,45.7488904965753 16.1771958271673,45.7490153521399 16.1770376255356,45.749087279934 16.1769823328242,45.7491223581678 16.1769392133456,45.7491693752085 16.1768859339906,45.7492092208531 16.1767774425452,45.7492703364357 16.1766669168444,45.7493300181682 16.1766218397329,45.7493627451525 16.1765890375964,45.7493897931073 16.1765502470678,45.7493939681682 16.1765033681581,45.7493852648095 16.176440233875,45.7493650878828 16.1763630890681,45.7492977322822 16.1763022575592,45.7492318517369 16.1762538015858,45.7491431511929 16.1761969944974,45.7490872806202 16.1760973248135,45.7490341462936 16.1759692382913,45.7489552184791 16.1759184445272,45.7489179349847 16.1758251189856,45.7488262500939 16.1756749296892,45.7486886927559 16.1754921044834,45.7485496154386 16.1752930144677,45.7484004911745 16.1750735569812,45.7482455957791 16.1749923596381,45.7481739428448 16.1749232549971,45.7481280361753 16.1748785676072,45.7480936264664 16.1748217629535,45.7480377552062 16.1747711284025,45.7479733308416 16.1746635734781,45.7478730338419 16.1746290387045,45.7478472235819 16.1745964440015,45.7478385601156 16.1745576780181,45.7478384497011 16.17451479955,45.7478440413175 16.1742121053845,45.7479688813175 16.1735903919357,45.7482185131663 16.1732222637049,45.7483674475071 16.1729093212429,45.748499397382 16.1727088274518,45.7485916713589 16.1723814422045,45.7487507192133 16.1719926768992,45.7489381578217 16.1718944653243,45.7489850147863 16.1718392085675,45.7490134248838 16.1695529580266,45.7500658449504 16.1668136289891,45.7515354750094 16.1627889444968,45.7539339775884 16.1614693317434,45.7546991392669 16.1611587563936,45.7548791547344 16.1604353544481,45.7552745897793 16.1597595992749,45.7556630194754 16.1593536710521,45.7558617921555 16.1590737919582,45.7560252272774 16.1587767469754,45.7562148001216 16.1585344347407,45.7563521582232 16.1582445664686,45.7564798509516 16.1579103237021,45.7566335988649 16.157562415976,45.7567968274599 16.1568426424103,45.7571470164985 16.1557373118203,45.7576960220638 16.1552118162005,45.7579753641189 16.1547238752872,45.7582310093502 16.1545907779528,45.7583044098035 16.1545052801419,45.7583803349248 16.1543787777461,45.758487085575 16.1542558526429,45.7585652772632 16.1540271673575,45.758695525251 16.153638187567,45.7588967097234 16.1534710455291,45.7589747665112 16.1533722493128,45.7590006555913 16.153256493049,45.7590193495812 16.1531677974788,45.7590619334878 16.1530755971362,45.7591211719333 16.1524952885231,45.7594598533426 16.1521540171305,45.7596445125819 16.1513895422883,45.7600611910926 16.1502768517094,45.7606815429491 16.1494475157783,45.7611313403323 16.1488057457742,45.7615007639094 16.1480924056992,45.7618913904428 16.1473858724976,45.7622796517276 16.1467883700176,45.7626372970258 16.1462080910252,45.7629592811565 16.1456756061898,45.7632528418269 16.1454604430554,45.7633902562307 16.1453512219038,45.7634494355829 16.1452147573444,45.7635132919913 16.1449963112409,45.7636316501068 16.1448187883476,45.7637334697885 16.1447265714849,45.7637927013992 16.1445931744486,45.763908942286 16.1444737312905,45.7639704698736 16.1440879447194,45.7641930576815 16.1436512095489,45.7644035809065 16.1432656746843,45.7645856945091 16.1430335844138,45.7647087680025 16.1428150391678,45.7648414059719 16.1423573818358,45.7651304232333 16.1416980545928,45.7655711734616 16.1412059749085,45.7659219772952 16.1408915178289,45.7661566816872 16.140786172754,45.7662463424195 16.1407247597281,45.7662747180328 16.140093494233,45.7668637948897 16.1388610877993,45.7681042004736 16.1379817697425,45.7692048478937 16.1376599677939,45.7696851108609 16.1372872296478,45.7702591207479 16.1364259712041,45.7718178163266 16.1357082071655,45.7731887503762 16.1349218626855,45.7746769609353 16.1348838185277,45.7747720679566 16.1348011427329,45.7749289322916 16.1345364118729,45.7753518549478 16.1343268124845,45.7756678213881 16.134100231261,45.7759789704021 16.1339253182825,45.7761926759701 16.1335108319362,45.7766222588663 16.132945733492,45.7771894380127 16.132480656928,45.7776058992448 16.1323745138778,45.7777079289294 16.1321487118445,45.7778976601587 16.1317794623071,45.7781702547118 16.1314169057165,45.7784595339448 16.1310714811291,45.778729822168 16.1304731783287,45.7791659418961 16.1301178374276,45.779390961298 16.1299061025489,45.7795093119735 16.1293431783214,45.7797384172197 16.1292899213558,45.779761669826 16.1292483811778,45.7797695423589 16.1291610404642,45.7798054461622 16.1289288433706,45.7799303943202 16.1288523890386,45.7799663332414 16.1286966958039,45.7800477244606 16.128412564427,45.7802048811733 16.128147713378,45.7803278166586 16.1278910650094,45.7804450654141 16.1276999832631,45.7805263400119 16.1275771911737,45.7805716496584 16.1273861973495,45.7806395916858 16.1272469841692,45.7806981797541 16.1271131634123,45.780764402954 16.1270176018057,45.7808078968863 16.1269275610599,45.7808399804108 16.1268266319147,45.7808720283025 16.1267148156316,45.7809040414366 16.1265893758037,45.7809379139141 16.1265239340766,45.7809548412043 16.1263438896075,45.7810132946964 16.126071017044,45.781113344211 16.1258500641551,45.7811830904901 16.1256782096942,45.7812377608985 16.1255581992945,45.7812735540052 16.1254327337194,45.7813112348776 16.1253154709374,45.781343227885 16.1251872685803,45.7813828034885 16.1250590673284,45.7814223789514 16.12491721675,45.7814676231902 16.1247944969997,45.7815015035233 16.1246581406996,45.78153914688 16.1245027310702,45.7815767274586 16.1243908979893,45.7816106422353 16.1242681648203,45.7816464259338 16.124085457346,45.7816953445261 16.1239109540015,45.7817385752044 16.1237337548567,45.7817779878873 16.1235783298449,45.7818174720319 16.1233056536586,45.7818870429695 16.1230820758,45.7819415389298 16.1228176800527,45.7819939939387 16.1225613856198,45.7820559985741 16.1222888227669,45.7821084262787 16.122043570204,45.7821476113489 16.1217300716473,45.782215139503 16.1215460156454,45.7822616677967 16.121417554062,45.7822882955922 16.1210730033972,45.7823587648706 16.1209356061932,45.7823887826266 16.1208287154966,45.7824158538383 16.1206215299887,45.782460875901 16.1204208873937,45.7825043959641 16.1201897687696,45.7825462910116 16.1199390497742,45.7825881194959 16.1195313019395,45.7826644691301 16.1193699486702,45.782694405228 16.1192630371816,45.7827245225246 16.1191757645959,45.7827486099391 16.1191124464661,45.7827727771433 16.1190403247214,45.7828106288004 16.1189834472827,45.7828485303481 16.1189553525672,45.7828923027714 16.1190786289266,45.7829899137396 16.119399253395,45.783236291773 16.1196656568527,45.7834504915629 16.120027361895,45.7837411909874 16.1203348666242,45.7839966655887 16.1205708911055,45.7841955250918 16.1208502149358,45.7844326207823 16.1211143272056,45.78466509346 16.1213373128215,45.7848608613982 16.1215277976483,45.7850321429904 16.1217031429439,45.7851881369409 16.1219217149781,45.7853930310635 16.1221619332214,45.7856178036151 16.1224410741709,45.7858838439767 16.1227872570309,45.786220193018 16.1231074234643,45.7865396955251 16.123332354601,45.7867720337374 16.1234859532327,45.7869249055922 16.123734690135,45.787180177224 16.1239811891576,45.7874445819912 16.1241736442902,45.7876493857699 16.1244676721487,45.7879718451208 16.1246968059278,45.7882285735377 16.1249150941975,45.7884791706462 16.1250858392412,45.7886747596279 16.1252090387724,45.7888153406941 16.1253257665079,45.7889467584512 16.1253819939479,45.7890063654956 16.1255032011491,45.7891195138528 16.1256719856172,45.7892830986846 16.125790853395,45.7894206172999 16.1259356006055,45.7895963125725 16.1260739283225,45.7897552261075 16.1261884214373,45.7898957775972 16.1262769734345,45.7900072949173 16.1263159115699,45.7900529835488 16.1265182083552,45.7900118547569 16.1268235129161,45.7899538102525 16.1269761846637,45.7899219304487 16.1273497264989,45.7898374435741 16.1275060143793,45.7898036402895 16.127826844724,45.7897342468731 16.1282330780931,45.7896460547431 16.128501993537,45.7895853157215 16.1287437442318,45.7895291829515 16.1289338212299,45.7894845387522 16.129258316451,45.7894056000572 16.129411813387,45.7893657978504 16.1296210245617,45.7893115471328 16.1298582887974,45.7892494650893 16.1301773987372,45.7891609837707 16.1304501746292,45.7890811850296 16.1307228358672,45.7890030489927 16.1310976478862,45.7888979449784 16.1312801281956,45.788844573994 16.1313830125763,45.7888125330179 16.1315303836675,45.7887577751455 16.1316849541096,45.7887093235815 16.1317950040286,45.7886748272872 16.1319723460817,45.788616356576 16.1321442296923,45.7885597728889 16.1323848308633,45.7884902298081 16.1339551037253,45.7879127606099 16.1339407001917,45.7879571429126 16.1340015886601,45.7883571966788 16.1340215283511,45.7885448487089 16.1340518997402,45.789295298566 16.1340899062902,45.7895567837689 16.1341961431529,45.7895476013746 16.1343404419308,45.7895461583874 16.1345309724236,45.7895524816952 16.134751312012,45.7895798499799 16.1349580278395,45.7896090791869 16.1351646196266,45.7896573536513 16.1353793168811,45.7897151761718 16.1355993361336,45.7897920612885 16.1360092790257,45.7899685892492 16.1363919887764,45.7901469330448 16.1365437754759,45.790250263795 16.1366655545523,45.7903630205868 16.136824991422,45.7905463673298 16.1370274437242,45.7908136504865 16.1371732835332,45.7909950486611 16.1372922437641,45.7911230329966 16.1373897339307,45.7912033344648 16.1375985382035,45.7913316035677 16.1377448858105,45.7914349145486 16.1379344365828,45.7915935954417 16.1381266497322,45.7917618070083 16.1382702272205,45.7918727271228 16.1384328768901,45.7919818025371 16.1385930122302,45.7920584923417 16.1387586062118,45.7921332943071 16.1389135069005,45.7921775896881 16.1391608757292,45.7922374131919 16.1394926438603,45.7922975015843 16.1397402960771,45.7923135198738 16.140023427578,45.7923163162073 16.140197780103,45.7922997242283 16.1404213339646,45.7922528142821 16.1406148789328,45.7922153311736 16.1407947489993,45.7921873282065 16.1410073258189,45.7921537140067 16.1412306951302,45.7921353695749 16.141410504849,45.7921168889081 16.1416665929239,45.7920910277157 16.1419037324908,45.7920479663174 16.1421463907189,45.7919934933795 16.1423945661458,45.7919276106614 16.1425910372862,45.7918577559381 16.1428339494945,45.7917632872202 16.1430031576183,45.7916990602772 16.1431476453948,45.7916690381766 16.1432811575517,45.7916523139321 16.1434990418627,45.7916396616564 16.1437714751984,45.7916119427701 16.1439131653632,45.7915933384113 16.1440631090607,45.7915614281835 16.1441831298584,45.7915256148353 16.1444287474727,45.7914330551193 16.1445979782719,45.7913650170374 16.1447290809827,45.7912987650294 16.1448082986281,45.7912571104286 16.1449423656111,45.7911527753456 16.1450901419941,45.79103324641 16.1453474434714,45.7908150192312 16.1455772041943,45.7906462246213 16.1458261296065,45.7904603477998 16.1459630241652,45.7903388791176 16.1460563696225,45.7902153714016 16.1461282503766,45.7900422776438 16.1461783505395,45.7898691163907 16.146190023882,45.789745354716</coordinates></LinearRing></outerBoundaryIs></Polygon><Polygon><outerBoundaryIs><LinearRing><coordinates>15.8354301508396,45.8028443642452 15.8357264507385,45.8027628470318 15.8359214853227,45.8026714915103 15.8361396185751,45.8024908642117 15.8368299295912,45.8018936950261 15.8373335756585,45.8014249235955 15.83761861531,45.8011768556288 15.8378990627331,45.8009441756603 15.8382247518,45.8006131023423 15.8384569676758,45.8003585608713 15.8388179805263,45.8000215240354 15.8392948933357,45.7995741698608 15.840084315211,45.7987894924707 15.840320485355,45.7985719660631 15.8405122910754,45.7983788456573 15.8406862835064,45.7982010383715 15.8409715474586,45.7979313824505 15.8414351306719,45.7974901086202 15.8417525431374,45.7971096495238 15.8419176414836,45.796937954502 15.8420372883917,45.7968831494209 15.8421081755546,45.796900692468 15.8421868343427,45.7969121687865 15.8422715482384,45.7969112779907 15.8423525653702,45.7968896983916 15.8424199892945,45.7968515058129 15.8424543488098,45.7967772974519 15.8424687048786,45.7967291544903 15.8424720191936,45.7966148092216 15.8424820690564,45.7964302311752 15.8425708915175,45.7962474830961 15.842594916755,45.7962145528507 15.8426956849545,45.7960208508721 15.8427160456029,45.7959644741708 15.8427222948344,45.7959355753086 15.842792966157,45.795788548091 15.8428052539631,45.795748659629 15.8428171920987,45.7955709812427 15.8429029565464,45.7954805345974 15.8429554140174,45.7953747392526 15.843030007563,45.7952291129207 15.8431441076531,45.7950740678266 15.8432305020401,45.7949298867899 15.8432613092611,45.7948225883515 15.8432655604875,45.7946283319097 15.8432878581671,45.7945747223097 15.8433211695559,45.7945202069227 15.8433793659868,45.7944476082227 15.8435323555121,45.7942935033475 15.8436039485664,45.7941899852419 15.8436309101787,45.7941135600796 15.8436499684972,45.7940443823766 15.8436548859373,45.7938474906124 15.843645595596,45.7937508006767 15.8436461734989,45.7937015733166 15.8436649534044,45.793656098301 15.8438222529466,45.793578597836 15.8438820706612,45.7935898820071 15.8439524628539,45.7935884623221 15.8440782525132,45.7935308379837 15.8441751573365,45.7934912812317 15.8443061368559,45.7934355094231 15.8443798201126,45.7933757618191 15.8444512808648,45.7932831821596 15.8445518381405,45.7931543023341 15.8446337028276,45.7930636052325 15.8446782672952,45.7930419804384 15.8448327869663,45.7929790501671 15.8449218502002,45.792941270805 15.8450111696195,45.7928816124367 15.8450822669291,45.7928200265578 15.8451983098639,45.7927039985618 15.8452961518204,45.7925842192685 15.8453645346159,45.7925317344175 15.8454961296304,45.7924230880879 15.8455382569002,45.7923868623568 15.8455752578834,45.7923433143792 15.845596470845,45.7923124387102 15.8455994820697,45.7922778128035 15.8456024305622,45.7922486564142 15.8455924529573,45.7922103092289 15.8455720936249,45.7921682556946 15.8455233430018,45.7921023370293 15.8454824964972,45.7920291689525 15.8454469470044,45.791948739236 15.8453710223237,45.7917550301539 15.845269441091,45.7915265308375 15.8452568580861,45.7914881686881 15.845249680026,45.7914334278773 15.8452139817908,45.7913657599756 15.8451806771516,45.7913163393061 15.8451061854946,45.7912229217346 15.8450292591909,45.7911149044149 15.8449804460528,45.7910544541254 15.8448487456713,45.7909497686379 15.844766030659,45.7908909477468 15.8447379607971,45.7908397330715 15.8446324732614,45.7907224349097 15.8445350623414,45.7905833025684 15.8444066549293,45.7904202888811 15.8443451527626,45.7903305922162 15.8442689560838,45.7901605850932 15.8442209520996,45.7900461952537 15.8441389121132,45.7899352560065 15.844096059335,45.7898490890871 15.84408829578,45.7897631244936 15.8440936532057,45.7896803035378 15.8441079271561,45.7895852587057 15.844144490387,45.7894596568646 15.8441637268877,45.789315543861 15.8441608514502,45.7891866464056 15.8441225300326,45.7890882322328 15.8440837755748,45.7890266380469 15.8440624208928,45.7889774179025 15.8440500186734,45.7889129066725 15.8440026012343,45.7888420568749 15.8439770770957,45.7887744010796 15.843863547107,45.7887307891458 15.8437499439985,45.7886933133104 15.8436491388782,45.7886865976395 15.8435568180565,45.7887044789519 15.8434552203918,45.7887652669034 15.8428424925961,45.7893969414806 15.8421295219967,45.7892271341679 15.8416573520207,45.789095534438 15.8413773719212,45.789032549132 15.8412754709835,45.7889935951381 15.8410238598502,45.7889322499887 15.8408258708158,45.7889090412235 15.8405649887003,45.7888697082544 15.840312894218,45.7888493392099 15.8402094505812,45.7888329801161 15.8400836645058,45.7888007300998 15.8398411775663,45.7887299781507 15.8397424627724,45.7886947321732 15.8396343283005,45.7886941072365 15.8394964768001,45.7885388472449 15.8394207377609,45.7884659053398 15.8392682546767,45.7884051293927 15.839124633203,45.7883570142884 15.8389762460191,45.788330937213 15.8388730646011,45.7882925126424 15.8388060015446,45.7882479921054 15.8387487341707,45.7881373290744 15.8386957099199,45.7880487572545 15.838563002824,45.7878399356334 15.8385535474387,45.7878069500317 15.8382919575333,45.7874607221264 15.8380106917183,45.7871447964278 15.8377387684183,45.7868559604524 15.8374952683883,45.7866146018985 15.837222670772,45.7863832120717 15.8369970941538,45.7862602404857 15.8367709561803,45.7861845784656 15.8365011078845,45.7861289391605 15.836048396239,45.786014784502 15.8356913267002,45.7859822930318 15.8353924986097,45.7859264826058 15.8351564651124,45.7858710368128 15.8349546434857,45.785781994091 15.8347722642506,45.7856829261669 15.8346856834142,45.7856520060986 15.8344205896575,45.7856031488554 15.8341360545595,45.785564315742 15.8339816919829,45.7855465186896 15.8337158746895,45.7855584865652 15.8335275002657,45.7855573878944 15.8331366635694,45.7855213118117 15.8328761199227,45.78549613418 15.8326536595215,45.7855586740428 15.8325190776147,45.7856099602111 15.8324206174365,45.7857525836152 15.8323629044214,45.7859110664654 15.8321596509564,45.7864149794226 15.8319731768265,45.786760169134 15.8318968549396,45.7869185429179 15.8322841029849,45.7872124110611 15.832473794075,45.7872213306334 15.8326539365119,45.7870948057632 15.8327428425484,45.7871291718786 15.8327857263601,45.7872778280709 15.832675542961,45.7874672483568 15.8326067577259,45.7876178563534 15.832605483844,45.7877245966356 15.8325099651046,45.7879323278464 15.8324607491679,45.7880023380501 15.8326642095299,45.7881050671672 15.8327261978822,45.7882121769224 15.832747532691,45.7882956175538 15.8327503835191,45.7883685350563 15.8329496282172,45.7885128970537 15.8328778969358,45.7885983973958 15.8328401249375,45.7886450419974 15.8327259361553,45.7888578705755 15.8325817286152,45.7890913531379 15.8327918281449,45.7892618153927 15.8332024185787,45.7894725005904 15.8335385641052,45.7896862170116 15.8339268435324,45.7899444093143 15.8342473508983,45.7901783976192 15.8343472419357,45.7903634852464 15.8343699287393,45.7906016898712 15.8343066938731,45.7909108154556 15.8342522495866,45.7911961853277 15.8342142510505,45.7915292647554 15.8337446344236,45.7915455805055 15.8334063405478,45.791584870305 15.8332610763465,45.7916252865893 15.8330556667832,45.7917628835257 15.8329037868087,45.7919082951647 15.8328226405223,45.7919678406403 15.8326395273718,45.7920342939446 15.8325261201796,45.7921011532933 15.8323964026743,45.7921866735353 15.8322351396618,45.7922194925055 15.8319990767399,45.792229366383 15.8317254359022,45.7922427712496 15.8315003211259,45.7922339518235 15.8313069300622,45.7922628302393 15.8310539729015,45.7923401250941 15.8308599976825,45.7924177648314 15.8307464977921,45.7924921252895 15.8304120758573,45.792655220521 15.8301150967738,45.7928260359265 15.8298660139269,45.7930271424748 15.8297354358587,45.7931839276943 15.8296270239326,45.7932808235444 15.8295608354158,45.7934342359712 15.8294850904962,45.7934900603957 15.8294366961008,45.7935010301633 15.8293024259727,45.7939653947702 15.8293050883572,45.79419048422 15.8292104215026,45.7944825249708 15.8291314341212,45.7948084181328 15.8290802026667,45.7950556986565 15.829066777167,45.7952806935992 15.8291071551106,45.7954910003311 15.8291955696616,45.7957203444732 15.8293334601431,45.7958486958669 15.829541377319,45.7959511992173 15.8297923730877,45.7960389498508 15.8299255776841,45.7961110050503 15.8300804133889,45.7961681809896 15.830081545982,45.7962371544677 15.8301756309004,45.7963200484141 15.8303063899756,45.7963651533688 15.8304737092668,45.7963819686088 15.8306315183408,45.7964367326663 15.8308029094227,45.7964915760555 15.8308931517121,45.7965174401855 15.831014933575,45.7965561580752 15.8311911169911,45.7965888597125 15.8313677185401,45.7965867260381 15.8314760327755,45.796615862753 15.8314968887475,45.7967648338948 15.8313050760495,45.796903060497 15.831122431495,45.7970318385782 15.8309396332073,45.7971732837222 15.8307249162823,45.7973335435423 15.8304599037551,45.7975346793946 15.8303091732391,45.797644641239 15.830148970477,45.7977893848298 15.830065770618,45.7979314124304 15.829932123214,45.798126983535 15.8297212427691,45.7983442697418 15.8293954277279,45.7987065646015 15.8291289976839,45.7990248678746 15.8289090181966,45.7992452673119 15.8287525732614,45.7994533704427 15.8286245865525,45.7995539626816 15.8285183233915,45.7997306910592 15.8284305504855,45.7998758569356 15.8284200881591,45.7999929751933 15.8284421546128,45.8000406097119 15.8283137474005,45.8001760365871 15.8282036772316,45.8002925683068 15.8281985768975,45.80028857291 15.8282953507263,45.8004236976115 15.8283601477431,45.8005141734631 15.8289618435615,45.8013543036991 15.8287314603567,45.8023515689449 15.8288264093968,45.8024135370043 15.8294635457372,45.802608576623 15.8297631617334,45.8026803873919 15.8300547848337,45.8027764000435 15.8301145744486,45.8027806341285 15.8301634457607,45.8027796960248 15.8311455327216,45.802853275141 15.831617001324,45.8028683658387 15.8325464586006,45.8029200433884 15.8335335848581,45.802941220924 15.8341858784122,45.8029481066204 15.8347015707833,45.8029511105656 15.8349973967542,45.8029096712511 15.8354301508396,45.8028443642452</coordinates></LinearRing></outerBoundaryIs></Polygon></MultiGeometry>
  </Placemark>
  <Placemark>
	<Style><LineStyle><color>ff0000ff</color></LineStyle><PolyStyle><fill>0</fill></PolyStyle></Style>
	<ExtendedData><SchemaData schemaUrl="#ju_maksimir_natura_poligoni">
		<SimpleData name="ogc_fid">1479</SimpleData>
		<SimpleData name="sitecode">HR2001298</SimpleData>
		<SimpleData name="sitename">Vejalnica i Krč</SimpleData>
		<SimpleData name="ms">HR</SimpleData>
		<SimpleData name="sitetype">Ekološka mreža NATURA 2000 - Područje očuvanja značajno za vrste i stanišne tipove</SimpleData>
		<SimpleData name="shape_leng">13126.071772200000851</SimpleData>
		<SimpleData name="shape_area">142.814678162999996</SimpleData>
		<SimpleData name="url">https://interni.bioportal.hr/ekomreza/natura/report/site?site-code=HR2001298</SimpleData>
	</SchemaData></ExtendedData>
      <MultiGeometry><Polygon><outerBoundaryIs><LinearRing><coordinates>16.0819327607779,45.9200485301276 16.0822957845264,45.9198546427451 16.0824463835328,45.9197861540665 16.0826310208043,45.9197273118604 16.0827745113105,45.9196968870811 16.0829456996263,45.9196118081276 16.0831065827451,45.9195362136715 16.0833324344317,45.9194394303812 16.0834659576823,45.9193732580048 16.083530907415,45.9193544491287 16.0835766542396,45.9193913510721 16.0837098498936,45.9195335621748 16.0837411214143,45.9195662156548 16.0837627075715,45.919580892278 16.083792114807,45.9195892557484 16.0838741480788,45.9195942135448 16.0839355266653,45.9195968178454 16.0839660996733,45.9196135930397 16.0839965850288,45.9196422719676 16.0840646792027,45.919659184619 16.0841261467961,45.91964988598 16.0841919712982,45.9196510180898 16.0842656256984,45.9196541428621 16.0843292600404,45.9196286631934 16.0843848800603,45.9195802999844 16.0844015083643,45.919546078923 16.0844261628717,45.9195333125578 16.0844578408797,45.9195392016277 16.0844952717947,45.9195512408931 16.0845534359744,45.9195276451397 16.0846252419987,45.919504099843 16.0846799949494,45.9194804925254 16.0847007090216,45.919447238234 16.0846877039597,45.9193614871273 16.0846845897579,45.9192942048148 16.0847428410854,45.9192587070186 16.0849124925013,45.9191962354462 16.084951482457,45.9191820930896 16.0849598709282,45.9191549835547 16.0849213283198,45.9191091348462 16.0847991745484,45.9190229872392 16.084654426087,45.9189481845601 16.0845851095168,45.9189122222142 16.0845407311706,45.9188748496642 16.0844085065225,45.9187672386088 16.0843576096044,45.9187313440095 16.0842759623684,45.9187024790628 16.0841364909806,45.9186519772294 16.0840345923364,45.9185944704588 16.0838071674623,45.9184460410158 16.0836476238341,45.9183430911977 16.0835287791878,45.9182712382536 16.0834677761519,45.9182186407336 16.0834612747031,45.9181757651049 16.0834750956857,45.9181520091535 16.0835469907234,45.9181165607894 16.0836563154164,45.9180931528187 16.0838201770636,45.9180747041 16.084001003514,45.9180682209689 16.0842092070831,45.9180499331021 16.0844003185345,45.918036344322 16.084588110266,45.9180108399901 16.0847282730541,45.917968497488 16.0848823282518,45.9178928756992 16.0849645780713,45.9178407992655 16.0849783628318,45.9178218046254 16.0849682908078,45.9178003416291 16.0849377172055,45.9177835657955 16.0848935718606,45.917757218303 16.0848051925218,45.9177164261096 16.0847373326363,45.9176685659754 16.0846491489378,45.917601586328 16.0845981996359,45.9175728331774 16.0844894094053,45.9175248250017 16.08439769212,45.917474497102 16.0843706720537,45.9174386884343 16.0843404733871,45.9173719203271 16.0843066847588,45.9173289454841 16.0842659332856,45.917304990006 16.084208021531,45.9172952569557 16.0841124302101,45.9173068122724 16.0839553217281,45.9173348083515 16.0838665522558,45.9173463891984 16.0838291585529,45.9173295882312 16.0837511191444,45.9172745479959 16.0836666330906,45.9171694907419 16.0835957734263,45.9170668638903 16.0834433219536,45.9169282301034 16.083270388997,45.916791901335 16.0830769759686,45.9166578783972 16.082978491713,45.9166003831208 16.0829684741744,45.9165717786016 16.0829823484642,45.9165408804573 16.0830341518315,45.9164553656008 16.0830622925024,45.9163411955248 16.0831003640338,45.9162675337016 16.0831759694935,45.9161916288636 16.0832518789906,45.9160752530507 16.0833040900421,45.9159349835355 16.0833767661728,45.9157947895059 16.0834254054398,45.9156759333313 16.0834737786292,45.9155927856726 16.0835665082648,45.9155074197272 16.0836487735661,45.9154529643616 16.0837309141148,45.91541517238 16.0838471797172,45.9153751247022 16.08393283762,45.9153230622996 16.0840323153849,45.9152472428979 16.0841046318213,45.9151546597619 16.0841702342944,45.9150477681631 16.084225463056,45.9149598843951 16.0842739232958,45.9148648344332 16.0843565957276,45.914755624006 16.0844596604006,45.9146560109285 16.0846007739647,45.914485116143 16.0846527860378,45.9143710324089 16.0846812609991,45.9142116312336 16.0847125238032,45.9141355632864 16.0847576604738,45.9140285978549 16.0847929939629,45.9139546015692 16.084847265247,45.9138679548004 16.0850068641946,45.9136876042862 16.0851032403189,45.9135698726686 16.085158560618,45.91346913362 16.0851810416055,45.9133816064638 16.0851818929551,45.9132673367421 16.0851637726796,45.9131358582621 16.0851448578413,45.9131110303816 16.0850902616681,45.9131146418305 16.0850302220098,45.9131163277547 16.0848418764547,45.9131270708469 16.0844405996999,45.9131522763609 16.0841020342932,45.9131834214137 16.0838534350444,45.9132244163811 16.0835747507609,45.9132748235393 16.083459900735,45.9133086865349 16.0833804207219,45.9133560103942 16.0832762124139,45.9134260984067 16.0831690624046,45.9135247435706 16.0830839387239,45.9135968049495 16.0829797451476,45.913664987911 16.0828320242664,45.9137158711001 16.0827199290089,45.9137459346425 16.0825751494379,45.9137682602631 16.0822584934143,45.9137880535895 16.081816341355,45.9138054811296 16.081439743272,45.9138136256261 16.0813251199907,45.9138170144964 16.0812485369178,45.9138414931021 16.0811279699548,45.9139096143727 16.0810564705486,45.9139836290073 16.0809464876014,45.9140955937142 16.0808860453545,45.9141506031704 16.0808066323705,45.9141884022212 16.0807464923319,45.9142034184475 16.0805961682204,45.914237148407 16.0804757418221,45.9142862238852 16.0803607730028,45.9143353201772 16.0802563449896,45.9144339725913 16.08019278506,45.9145403925771 16.0801201789452,45.9147610520743 16.0800663692323,45.9150217757492 16.0800189938299,45.9151530143076 16.0799383861671,45.9153488850527 16.0799296832951,45.9154174170856 16.0799320386379,45.9154669432551 16.0799590643846,45.9155013241581 16.0799725354546,45.915524228047 16.0799724061396,45.9155413683523 16.0799558912803,45.9155603532611 16.0799311333454,45.9155869253914 16.0798953171187,45.9156325024752 16.0798540729361,45.9156742508286 16.0796474772324,45.9159325075973 16.0794461204889,45.9162193521258 16.0793768268532,45.9163619369112 16.0793185195435,45.9164950397412 16.0793066693571,45.9166187912209 16.0793057482933,45.9167406772013 16.0793215297687,45.9168188216594 16.0793131569053,45.916843550036 16.0792584559623,45.9168604894268 16.079094307159,45.9169170208645 16.0789682453172,45.916988928344 16.0788695534568,45.9170495102671 16.0787623310116,45.9171557684953 16.0786604063911,45.9172829965911 16.0785448963053,45.9174025569676 16.0784724249771,45.9174840210199 16.0784291145035,45.9175281411374 16.0783836811185,45.9175822526409 16.0783446785222,45.9175978215618 16.0783036841797,45.9176062406803 16.0782442505806,45.9176174485276 16.0781970620381,45.9176329862862 16.0781792270943,45.9176419398307 16.0781624839637,45.9176415487074 16.078149193685,45.917640070799 16.0781278044014,45.9176313503683 16.0779849952905,45.9175722583064 16.0778280555328,45.9174874036005 16.0777690553141,45.9174414759858 16.0776918205685,45.9173711995404 16.0775594827016,45.9172807208851 16.0774309482592,45.9171873516552 16.0773843887602,45.9171200452218 16.0773499683977,45.9170713523904 16.0773175613691,45.9170269517394 16.0772481760236,45.9170009839111 16.077141880026,45.9169848778008 16.0769658963227,45.9169827985174 16.07686356306,45.9169838475942 16.0767345710129,45.9169919411806 16.0765932350627,45.9170085583746 16.0764600969873,45.9170237769299 16.0763474003058,45.9170419288101 16.0761712859754,45.9170569876952 16.0760033899891,45.9170677920576 16.0759276815322,45.917066083183 16.0758869157405,45.917044505475 16.0758360041454,45.9170114638094 16.0757461781032,45.9169825615 16.0756767186293,45.9169665916782 16.0755846605297,45.9169619641704 16.07542098834,45.9169556425875 16.0753105128995,45.9169509473293 16.0752349463077,45.9169306688983 16.0751595118633,45.9168932501317 16.0750576911732,45.9168271652371 16.0750067039454,45.9168041212562 16.074941228739,45.9168024488854 16.0748961706774,45.9168070429054 16.0748123530064,45.916840060662 16.0747044052397,45.9169063172437 16.0746170853976,45.9169512249898 16.0745692799778,45.9169581885676 16.074531780192,45.9169556690416 16.074509683031,45.9169460635141 16.0744894278195,45.91691861054 16.0744522374243,45.9168756201114 16.0743979377334,45.9168397074911 16.0743248804603,45.9168037258742 16.0741804977033,45.9167281968326 16.0740830485153,45.916697174623 16.0740732355474,45.9166980306287 16.0740601802354,45.9167031224019 16.0740950001303,45.9168136009962 16.0743406094441,45.9170019669351 16.0745074057921,45.917251433485 16.0748013102294,45.917478915233 16.0752376194317,45.9178900763688 16.0753191219428,45.9179924015295 16.075522104054,45.9183050259809 16.0756337928349,45.9185973656902 16.0757108412928,45.9188035974792 16.075769591054,45.9189608475486 16.0759161923681,45.919295158923 16.0760985541906,45.9195207503178 16.0761987959505,45.919612320004 16.0767367260538,45.9198160555895 16.0769961580087,45.9199140545385 16.0774350883789,45.9198940450832 16.0776793236487,45.9198059500205 16.0779351967313,45.9198659927534 16.0782528128848,45.9199158415719 16.0784608839622,45.9199955449991 16.0785624926219,45.9200287778524 16.0786723610351,45.9200303733889 16.0786900572239,45.9199667703544 16.0790045263047,45.9199856054349 16.0791834642725,45.9199839133878 16.0793430804595,45.9200496638651 16.0794575471163,45.9200943182433 16.0794167763619,45.9201396393674 16.0793837226793,45.9201928196472 16.0793749746342,45.9203277001261 16.0794985560312,45.9204507685489 16.0796065874781,45.9205528292074 16.0798059436705,45.9206778154194 16.0799347586587,45.9207407245751 16.0800120570241,45.9208216719583 16.0800756832075,45.9209157966799 16.080153103922,45.9210022897444 16.0803044245657,45.9211885219043 16.0804866676682,45.9214061841386 16.0806452580724,45.9215764903648 16.0807268269701,45.9216814454917 16.0809536004896,45.9218024848651 16.0811064332682,45.921921027621 16.0811944495105,45.9219677643439 16.0813978312724,45.9219904551003 16.0816690176095,45.9220267023358 16.0819150477477,45.9220190899189 16.0823113997628,45.9218857040485 16.0827691555421,45.9217308086804 16.0829233949889,45.9216732973752 16.0829612370127,45.9216354315782 16.0829545941741,45.9216116001218 16.0829070711832,45.9215804779306 16.0828288496255,45.9215492436568 16.082713302095,45.9214916859112 16.0826388668584,45.9214104718914 16.0825543052749,45.9213149359624 16.0825002995686,45.9212385571994 16.08243273971,45.9211502257255 16.0823784319758,45.9211143177966 16.0822626727121,45.9210853267566 16.0821948275175,45.9210350843831 16.0821238393097,45.9209491210005 16.0819284517688,45.9206222549434 16.0817736210301,45.9203455313207 16.0817198511713,45.9202382042829 16.0817269763092,45.9201977592585 16.0817442454754,45.9201692545216 16.0818265207676,45.9201147996472 16.0819327607779,45.9200485301276</coordinates></LinearRing></outerBoundaryIs></Polygon><Polygon><outerBoundaryIs><LinearRing><coordinates>16.0867557203301,45.9061356683641 16.0867619532705,45.906030941219 16.0867710418543,45.9059090835891 16.086790576736,45.9058501133635 16.0868262820805,45.9058178656827 16.0868700713634,45.9057989783571 16.0869165197529,45.9057896238987 16.0869957740854,45.9057708647203 16.0871187764371,45.9057389324196 16.0872992100914,45.9056881617702 16.0874112007151,45.905669520526 16.0874903854651,45.9056602840248 16.08758045331,45.9056548955158 16.0876921476873,45.9056762481494 16.0878146855825,45.9057071630587 16.0879426075449,45.9057476196226 16.0881411500778,45.9058302306467 16.0883830751399,45.9059491831493 16.0884454964111,45.9059932128634 16.0885460693502,45.9060430926211 16.0886359407779,45.9060643657529 16.0888048708444,45.9060935426569 16.0889492471804,45.9061226300924 16.0890664281324,45.9061401923476 16.0891783079873,45.9061367849485 16.0892821287303,45.9061162085662 16.0893313463269,45.9061011494769 16.0894050884292,45.9060899872559 16.0895170944997,45.9060694391704 16.0896508965191,45.906052778913 16.0897956238929,45.9060342528835 16.0899240121163,45.9060118592696 16.0900251191729,45.9059893676394 16.0901371655685,45.9059631063874 16.0902681686056,45.9059559577395 16.0903800620282,45.905950645278 16.09044350282,45.9059489687321 16.0904742291713,45.9059443172151 16.0904914018749,45.9059277139309 16.0904848101492,45.9058967414765 16.0904104004508,45.9058131515692 16.0902209776074,45.9056029730876 16.0899875584134,45.9053474035905 16.0898351767382,45.9052016358396 16.0896962588492,45.905079722607 16.0896625624549,45.9050248463945 16.0896122008917,45.9049175350215 16.0895585007621,45.9048006892596 16.0895183176031,45.9047005568537 16.0894646341368,45.9045813302847 16.0894005987319,45.9044787313219 16.089370488709,45.9044000606187 16.0893575149117,45.9043095482938 16.0893207777507,45.9042046674555 16.0892974343961,45.9041331626031 16.0892298680205,45.9040472156767 16.0891858543939,45.90400420542 16.0891556909525,45.9039326769175 16.0891086361263,45.9038396612027 16.0890750113077,45.903775262687 16.0890348121861,45.9036775099544 16.0890491165564,45.9036099573001 16.0890943240582,45.9034910861227 16.0891017239043,45.9034125511066 16.0890614722969,45.9033219406452 16.0889670303363,45.9031811407634 16.0889334412155,45.9031119806889 16.0889679614488,45.9030549688026 16.0890772542877,45.9030315554761 16.0892547454015,45.9030083862976 16.0893297802496,45.9030062751593 16.0893673766496,45.9029945070695 16.0893984173513,45.9029470049252 16.0894225500419,45.9029113820479 16.0895145813544,45.9029164743115 16.0897664240654,45.9029840371207 16.0898888472487,45.9030297094078 16.0899398899166,45.9030441765955 16.089977452458,45.9030371689218 16.0900151538835,45.9030111169813 16.0900394439124,45.9029540680668 16.0900499182562,45.9029207759758 16.0900229541077,45.9028778271958 16.0898440884569,45.9026248338081 16.0897555014572,45.9026149934361 16.0897215083742,45.9026005873796 16.0897116113007,45.9025553189794 16.0897655303025,45.902179366499 16.0897659511124,45.9021222310431 16.0897353670943,45.9021078372277 16.089701269108,45.902107714804 16.0896543138979,45.9021170694795 16.0895091749076,45.9021463066496 16.0894410008291,45.9021430852616 16.0893900280236,45.9021190957217 16.0893307288751,45.9020682933674 16.08904267074,45.9018262146694 16.0890428463861,45.9018024080053 16.0890727261835,45.9017965643078 16.0891280482625,45.9018086664307 16.0892600252475,45.9018299717013 16.0894005713042,45.9018453564604 16.0895114337417,45.901839802701 16.0897160573691,45.9018135099481 16.0898994017088,45.9018052404517 16.0900272704002,45.9018056992709 16.0901335861362,45.9018388146641 16.0901993424522,45.9018926153347 16.0902394197609,45.9020070320877 16.0902710334295,45.9021595079896 16.0903466159854,45.9022683383921 16.0904223108821,45.9023619313615 16.0904597026689,45.9024706247959 16.0904997669234,45.9025869453347 16.0906158770979,45.9027492471648 16.0908214914043,45.9029823374995 16.0909433397873,45.9031065682276 16.0911684149183,45.9032902099694 16.0912824430059,45.9033648947366 16.091380384502,45.9034014305654 16.0914594802798,45.9034036182037 16.0915496698089,45.9033810861836 16.091629060091,45.9033432795191 16.0916810994141,45.9033148974489 16.0917086863165,45.9032730959446 16.0917172610083,45.903219799296 16.0917123360867,45.9031474096621 16.0917265057739,45.9030750873496 16.0917596875171,45.9030142610675 16.0918091948145,45.9029592057981 16.0918804145338,45.9029194649352 16.0919378262989,45.9029025291449 16.0920525799824,45.902878179605 16.0921537502201,45.9028461639294 16.0922386504897,45.9028007580621 16.0923454988883,45.9027382896121 16.0924196261617,45.9026737995244 16.0924964119257,45.9026188412451 16.092589326807,45.9025963181205 16.0926794740824,45.9025794986614 16.0928325282726,45.9025400488669 16.0929336278603,45.9025175546246 16.0930646641957,45.9025046892805 16.0932419364333,45.9025110340268 16.0933018240861,45.9025283889004 16.0933833146505,45.9025762916804 16.093636578384,45.9026362334781 16.0938298157582,45.9026978662092 16.0940827057917,45.9028092272423 16.0941886085875,45.9028762627114 16.0942943729196,45.9029623423426 16.094408239419,45.9030598778433 16.094519626237,45.9031231227966 16.0946638190271,45.9031769616341 16.0948271760166,45.9032213458641 16.0949307122542,45.9032388537355 16.0951325799689,45.9032395691236 16.0952144870949,45.9032303360125 16.0952882657545,45.9032134565143 16.0953732055533,45.9031623348559 16.0954774209138,45.9030865221123 16.0956226087975,45.9030032367275 16.0957320301054,45.9029617238064 16.0958167341714,45.9029429777817 16.0958931024364,45.9029451527042 16.0959502919683,45.9029586869763 16.0960588829383,45.9030314429206 16.0961567717673,45.9030755938114 16.0962546180533,45.9031254571736 16.0962953850851,45.903146551689 16.0963602342377,45.9032324848514 16.0964226174223,45.9032822227993 16.0965340082729,45.9033454658002 16.0966835487251,45.9034145569482 16.0967351994587,45.9034394984881 16.0969435014515,45.9036821096328 16.0970000718898,45.9037813452681 16.0970324353463,45.9038328818409 16.0971083502585,45.9038979040048 16.0971891974477,45.9040353155297 16.097267441851,45.9041555779073 16.097323517645,45.9043233748834 16.0973738065026,45.9045368602711 16.0974733938254,45.9047238561065 16.0975759579615,45.9048765798095 16.0976817175681,45.9049645610915 16.0977333577154,45.9049914069703 16.0977960329163,45.9050011499549 16.0979051815528,45.9049977252982 16.0979871458041,45.9049808728647 16.0980938545615,45.9049374433187 16.0982363299882,45.9048522402654 16.0983597497073,45.9047612564556 16.0984584398007,45.9046949439682 16.0985815980021,45.9046401454563 16.0986718690344,45.9046061808982 16.098762181118,45.9045665028087 16.0988498195202,45.9045191968231 16.0989975438791,45.9044625792617 16.0991587553937,45.9044269584011 16.0992763060445,45.9043930890505 16.099372128986,45.9043458113635 16.0994543383776,45.9042946771095 16.099512050568,45.9042358385058 16.0995755193894,45.9041351208779 16.0996393178374,45.9039886946312 16.0996810997516,45.9038688553088 16.0997127630993,45.9036385171964 16.0997435502641,45.9035300656405 16.0997739143467,45.9034806543789 16.0998370260694,45.903429452954 16.0999463767087,45.9033974581289 16.1000692570803,45.9033807474312 16.1001919882839,45.9033849865651 16.1004154201474,45.903421953631 16.1007803632166,45.9035070292977 16.1010063879112,45.9035630499154 16.1011398123171,45.9035977973267 16.1012133987854,45.9036075774234 16.1013007758625,45.9035964551039 16.1013800359238,45.9035757811285 16.1014485076389,45.9035379295568 16.1014815427989,45.903496144698 16.101506598469,45.9034257639779 16.1015374365123,45.9033096954721 16.1015734450574,45.903233639321 16.1016092764113,45.9031823417965 16.1016179642176,45.9031119039841 16.1016075561108,45.9030413995976 16.1015537065383,45.902942175719 16.1015241482085,45.9028792229896 16.1014976874762,45.902764858602 16.1014713345807,45.9026352576996 16.1014146482777,45.9025512607378 16.1013904515586,45.9025016578182 16.1013609890593,45.9024253733284 16.101312377746,45.9023566404651 16.1012011210577,45.9022743569258 16.1011606391674,45.9022132708081 16.1011149598858,45.9021159800592 16.101096670327,45.902003548021 16.1010673176093,45.9019120278473 16.1009782257296,45.9017822077705 16.1008783588767,45.9016333052314 16.1008571096622,45.9015532405146 16.1008361471212,45.9014331806442 16.1008311546047,45.9013684095899 16.1007883276997,45.9012539869376 16.1006887502906,45.9010650899773 16.1006455961999,45.9009963758829 16.1006186179606,45.900954381509 16.1005997412824,45.90092384266 16.1005917080398,45.9009028649876 16.1005940505101,45.9008804686345 16.1006988279033,45.9007246625557 16.1008225483283,45.9005898730457 16.1009133162872,45.9004854402975 16.1010066620716,45.9004019660728 16.1010697282401,45.9003564773897 16.1011628144771,45.9003091895152 16.1013023406696,45.9002525394219 16.1015047290747,45.9001789684636 16.1017235912672,45.9000902185738 16.1019204417484,45.9000280547929 16.1020955639839,45.8999524829624 16.1023335599476,45.8998580840157 16.1024402554961,45.8998146512285 16.102585167601,45.8997675415833 16.1027082157676,45.8997260693509 16.1027820690237,45.8996977580471 16.1028300294882,45.8996780413905 16.1028642548327,45.8996485260547 16.1028972322987,45.8996143590035 16.1029029330441,45.8995800971599 16.1029113606818,45.8995458438917 16.1029279851255,45.8995097160682 16.1030185030724,45.8994395624152 16.1031447939505,45.8993257288925 16.1032818045133,45.899238595654 16.1034242980875,45.8991476725054 16.1035091429023,45.8991079716549 16.1035665607903,45.8990891251972 16.1036593717994,45.8990799238547 16.1037576784417,45.8990650287833 16.103847828939,45.8990462956798 16.1039216942543,45.8990160797415 16.1039519032101,45.898987616396 16.1039906054168,45.8989153775358 16.1041094137808,45.8987024808039 16.104206226077,45.8985618798511 16.1042635587212,45.8985068471495 16.104291133796,45.8984650425338 16.1042969675574,45.8984117354076 16.1042919049122,45.8983564866119 16.1042623877582,45.8982878210728 16.1042478729461,45.8982410379728 16.1042495872904,45.8981696948637 16.1042805261613,45.8980383889673 16.1042924912181,45.8978898756265 16.1042967558253,45.8977996630337 16.1042864805515,45.8977101145167 16.1043202676195,45.8975616767293 16.1043515022586,45.8973884717092 16.1043658987688,45.897281867778 16.1043580134073,45.8972399403613 16.1042958314707,45.8971616384334 16.1042566705648,45.8971067475278 16.104236578615,45.8970552554418 16.1042078136499,45.8969765932078 16.1041727071829,45.8969269539417 16.104134709042,45.8969001590935 16.1040965633512,45.8968943133308 16.1040392020551,45.896905541809 16.1039681340663,45.8969262451424 16.1039270572202,45.8969489572226 16.1038912997485,45.8969907333988 16.1038003670201,45.8971199263857 16.1037039925615,45.8972471964886 16.1035859853586,45.8973477282465 16.1034846147415,45.8974102262686 16.1034354221781,45.8974233876241 16.1033808560834,45.897425102186 16.1033182684786,45.897403935332 16.1032340229478,45.8973598388026 16.1032121886544,45.8973616669271 16.1031957142553,45.8973768466185 16.1031845590584,45.8974110895493 16.103162548377,45.8974376763332 16.1031324225589,45.8974547125442 16.1030860245152,45.8974583601695 16.1030124051046,45.8974542956631 16.1028598200662,45.8974309110319 16.1027399113125,45.8974152582459 16.1026717196869,45.8974150211632 16.10262522784,45.8974320003345 16.1025566149893,45.8974908026663 16.102463140526,45.8975933225206 16.1023586607704,45.8977091360601 16.1022790410329,45.8977812310794 16.1021995583695,45.8978342817503 16.1020900431127,45.8978910365669 16.1019694545072,45.8979706071507 16.1017588294393,45.8981004531621 16.1016026842308,45.8981932314935 16.1014671630814,45.898262751114 16.1013049846132,45.8983407479849 16.1011839985312,45.8983803210759 16.1011041105407,45.8983943262623 16.100997658815,45.898403952987 16.1009403260416,45.8984108952489 16.1008952576575,45.8984193082693 16.1008603765416,45.8984334704652 16.1008234093382,45.8984533389736 16.1007802017782,45.8984874696943 16.1007573406048,45.8985373843633 16.1007506191187,45.8986187793728 16.100733679578,45.898698710727 16.1007067778945,45.8987414697041 16.1006369242764,45.8987826488216 16.1005527801248,45.8988194931863 16.1004808901035,45.898859237137 16.1004417441471,45.8988976675847 16.1003775452634,45.8990060016774 16.1002928996865,45.8991128362625 16.1002207835809,45.8991840041088 16.100150898287,45.8992294684723 16.1000811666938,45.8992535077454 16.1000136032814,45.8992604128374 16.0997229761022,45.8992765360237 16.0995674642324,45.8992802768466 16.0995245222504,45.8992772695579 16.0994939167108,45.8992657350766 16.0994512738855,45.8992213046909 16.0993721444389,45.8991296095489 16.0993116335316,45.8990094115882 16.099265115242,45.8989349715411 16.0991777828079,45.8988461033981 16.099047623468,45.8987385170449 16.0988808244472,45.8986050897905 16.098770907948,45.8985275701748 16.0987302805222,45.898487432248 16.0987264564936,45.898450279454 16.0987622743661,45.8983061370148 16.0987754234255,45.8981847685125 16.0987681456988,45.8980590435281 16.0987605799479,45.8979733119041 16.0987528907559,45.8979047215769 16.0987452221587,45.8978332745152 16.0987495914361,45.8977947234341 16.0987764427162,45.897759107197 16.0988361300492,45.8977093222042 16.0988795220257,45.8976494816117 16.0989376884936,45.8975268431352 16.0989814709366,45.8974127245662 16.099047880251,45.8972815436381 16.0990324092744,45.8972439936666 16.098994249732,45.8972164821174 16.0989483490747,45.8971984657732 16.0988904255905,45.8971929060723 16.0987675330024,45.8971972362833 16.0985328456691,45.8972116480105 16.098409923551,45.8972359753732 16.0982785437448,45.8972983633138 16.0981935056808,45.8973647237331 16.0981299322501,45.89748067724 16.0980576246599,45.8976727808685 16.0980105952303,45.8977640341128 16.0979691305164,45.8978400691189 16.0979126930845,45.8981007927034 16.0978930915453,45.8981711918937 16.0977470382529,45.8983763687378 16.0976918108708,45.8984694969188 16.0976477408598,45.8985283817965 16.0975218534055,45.898585074582 16.0974373216945,45.8985809680504 16.097342086534,45.898548255691 16.0972250703439,45.8985097519732 16.0971570426921,45.8984866577371 16.0970943198276,45.8984845326682 16.0970205066495,45.8985071268335 16.0969244161995,45.8985924920857 16.0967511784626,45.8987842396955 16.096630303231,45.8989018940551 16.0965371340512,45.8989606060756 16.0964742438465,45.8989813336149 16.096389711617,45.8989772263068 16.0963351714052,45.8989751288224 16.0962942003635,45.8989826025328 16.0962092401973,45.899037533613 16.0961430844287,45.8991325272552 16.0961015194692,45.899221894167 16.0960209377803,45.8994253944236 16.0959711464295,45.8995204458104 16.0959107361732,45.8995754634607 16.09582594754,45.8996095955204 16.0958098307442,45.8996001645975 16.0957695765465,45.8995086035631 16.0956989690342,45.8993712271517 16.0956321825978,45.899271002676 16.0955975394105,45.8992523104015 16.0955156866051,45.8992548775071 16.0954439065522,45.8992789067 16.0953719189383,45.8993315022599 16.0953202245076,45.8994070249778 16.0952725061136,45.8994982737291 16.0952494216458,45.8995781824957 16.0952325673235,45.899645258154 16.0952320725898,45.8997133437259 16.0952422908398,45.8998086073353 16.0952523997097,45.899919106545 16.0952665164547,45.9000131323617 16.0952223596122,45.9000834440983 16.0951538200307,45.9001308150025 16.095066197997,45.9001762134109 16.0950305841194,45.9001970368036 16.0950249489856,45.9002217761034 16.0950215007711,45.9003208000628 16.0950480868072,45.9004161216849 16.0950665587706,45.9005018912667 16.095052711251,45.9005304102374 16.0950116004331,45.9005569277516 16.0949515204642,45.9005662380905 16.0948970744232,45.9005508082021 16.0947991646001,45.900510465809 16.0947147410413,45.9004911207603 16.0946711513079,45.9004833486108 16.0946165403938,45.9004907724366 16.0945754709767,45.9005115772326 16.0945505742441,45.9005591026015 16.0945249843051,45.9007018520063 16.0945082570089,45.9007513102878 16.0944397701761,45.9007910625018 16.0943688336652,45.9007927155594 16.0942953076249,45.9007753137197 16.0942137911501,45.9007312202547 16.0940289808186,45.9006372412763 16.0939176815283,45.9005625689109 16.0938062727247,45.9005031320354 16.093694765627,45.9004570267538 16.0936184716263,45.9004453282441 16.0935503041652,45.9004412761328 16.0934711139154,45.9004524216564 16.0933644101995,45.9004958469366 16.0932631197707,45.900545004093 16.093104726207,45.9005691994764 16.0930255648037,45.9005765360215 16.0929764922515,45.9005725515713 16.0929493112459,45.900559123601 16.09293318106,45.9005266884298 16.09294175414,45.9004733916583 16.0929805146751,45.9003954440419 16.0929917728706,45.9003478704377 16.0929866656202,45.9003002385435 16.092970646808,45.9002525686831 16.0929272941217,45.9002124180977 16.0928376392703,45.9001625810462 16.0927697645934,45.9001185351517 16.0927536207124,45.9000880047399 16.0927592707658,45.9000613607683 16.0927895277427,45.9000271869401 16.0928661424339,45.8999950831131 16.0929865118165,45.8999478981966 16.0930797294029,45.8998834756435 16.0931374854271,45.8998189276604 16.0931953386842,45.8997410470394 16.0932122754514,45.8996630216415 16.0931827712998,45.8995943523999 16.0931018847364,45.8994645562358 16.0930669105674,45.8993977723209 16.0930509336866,45.8993443881043 16.0930570704614,45.8992510882704 16.093080200929,45.899072143905 16.0930751898106,45.8990111802905 16.0930374473476,45.8989501010128 16.092956158491,45.8988755336608 16.0928365974916,45.8988122580095 16.0927277530946,45.8987756845403 16.0926653086212,45.8987354657996 16.0925924543973,45.8986266474904 16.0925819470847,45.8985713787641 16.092604201322,45.8985124171661 16.0926617893581,45.8984707223507 16.0927904639851,45.8984064264023 16.092927197416,45.8983593007474 16.0931869117592,45.8982802341825 16.0934248751109,45.8981915681555 16.0935673403145,45.8981063707888 16.0936994078974,45.8979506681088 16.093771146299,45.8978385548743 16.0938543938125,45.8976445880066 16.093918004085,45.8975248273368 16.0939627435218,45.8973745275843 16.0939607650244,45.8972716755488 16.0939450932702,45.8971763933035 16.0938667976188,45.8970656516045 16.0937556306405,45.896973838668 16.0936143773029,45.8968933449543 16.0934539485311,45.89682421097 16.0933344191512,45.8967571271538 16.0932503911299,45.8966844550712 16.0931935285508,45.8966271165359 16.0931641094451,45.8965470212309 16.0931593626905,45.896449872923 16.0931844951657,45.8963699718255 16.0932695515505,45.8963017103493 16.093387422163,45.8962221392501 16.0935380929006,45.8961331623136 16.0936066857685,45.8960781740856 16.0936614730647,45.8960459920765 16.0937544888927,45.8960082314393 16.0939266454544,45.895965039271 16.0940578604213,45.8959255101847 16.0941235870614,45.8958895571386 16.0941483849241,45.8958553635364 16.0941443899945,45.895815579003 16.094115823385,45.8958054791684 16.0940380669335,45.8958080597658 16.0938682857079,45.8958060276263 16.0937475186404,45.8958155976217 16.0936942165091,45.8958311200997 16.0936449536053,45.8958537993824 16.0935585962512,45.8959134851969 16.0934722921113,45.8959660295688 16.0933471413489,45.8960155779352 16.0931481984124,45.8960848620055 16.0929512386971,45.896162723212 16.0928156687382,45.8962379451367 16.092700462637,45.8963260964616 16.0925668024795,45.8964198945861 16.0924619396934,45.8964923696623 16.0923736081876,45.8965420482633 16.0922299281805,45.8966072421871 16.0920924052282,45.8966696011019 16.0919711756879,45.8967420173009 16.0919217530454,45.8967861217619 16.0918515814927,45.8968701464779 16.0917544706341,45.8970012135578 16.0917232084835,45.8970796635794 16.0917036565654,45.8972352900889 16.0916879434534,45.8974252119758 16.0916729643843,45.8975151482807 16.0916293959725,45.8975978399538 16.0915735424984,45.8976819165541 16.0915199656687,45.8977345755034 16.0914953119899,45.8977487714013 16.0914461931519,45.8977514526054 16.0913910634387,45.8977369714621 16.0913297853954,45.897723897157 16.0912623485515,45.8977136566957 16.0911069244296,45.8977059590964 16.0909453415079,45.8977010951453 16.0908431697335,45.8976850173818 16.0906980472864,45.8976673568417 16.0905917736698,45.8976526921142 16.0904875452065,45.8976380346168 16.0903772327387,45.8976162127519 16.0903240750038,45.8976117374317 16.090274935223,45.8976172748629 16.0902261923329,45.8976384069059 16.0901627001654,45.8976481775799 16.0900663394673,45.8976763999994 16.0899557011676,45.897698857495 16.0898942762962,45.897705779532 16.0898616074991,45.8976970918679 16.0898066044655,45.8976654695812 16.0896905751616,45.8975864904201 16.0894581188256,45.8974828105198 16.0892869181699,45.8973950623045 16.089128183331,45.8972816483009 16.088959030183,45.8971939069528 16.0888855527624,45.8971707881831 16.0888385439364,45.8971649054401 16.088791396773,45.897177590968 16.0887338845274,45.8972088088608 16.088665984743,45.8972614158276 16.0885859172329,45.8972996949182 16.0884917082324,45.8973136397294 16.0884037518171,45.8973118941026 16.0882443222398,45.8972927509584 16.0881748388897,45.897288595519 16.0881604653518,45.897295686182 16.0881542232165,45.897309947714 16.0881662547189,45.8973428447918 16.0882169749923,45.8974001636889 16.088331018769,45.8974705658797 16.0884552077405,45.8975524326158 16.0885609847694,45.897634232925 16.0887179063448,45.8977162163222 16.0890116925243,45.8978258328273 16.0891422634825,45.8978748680513 16.0892074009473,45.8979193822635 16.0892295770599,45.8979637429152 16.0892412617836,45.8980437754687 16.0892261416749,45.8981522797219 16.0891885279928,45.8982592751561 16.0891324278729,45.898376202478 16.0890989896869,45.8984717856708 16.0890858826982,45.8985845827937 16.0890893526209,45.8986688705719 16.0891413524227,45.8988304674795 16.0891489350799,45.898911914134 16.089145488803,45.8991018797203 16.0891221837241,45.8992103545114 16.0890665474088,45.8992644337444 16.089004898108,45.899301350495 16.0888941929072,45.899332377131 16.0887630295379,45.8993633309379 16.0886407907434,45.8993862213912 16.0885486444854,45.8993973168658 16.0884912142184,45.8994171077011 16.0884623513378,45.899446999759 16.0884437075542,45.8994783574663 16.0884494116634,45.8995369429553 16.0884531198671,45.899588854778 16.0884526273977,45.8996555123787 16.0884277117713,45.8997049402902 16.0883918846339,45.8997543297933 16.0883151564062,45.8998016662041 16.0881998865304,45.899896478287 16.0880844600602,45.9000122392869 16.08797204435,45.9000899196988 16.0877640283966,45.9001843968909 16.0876628041149,45.9002240269442 16.087591825854,45.9002313892529 16.0873572993511,45.9002219722009 16.0872040022144,45.900202372877 16.0870745028664,45.900192382624 16.0869141578237,45.9002037063071 16.0867572037058,45.900217422848 16.0866002331321,45.900233519934 16.0865147777253,45.900261778798 16.0864356812874,45.900351958338 16.0863940044053,45.9004541764672 16.0863827859169,45.9005874536907 16.0863612137147,45.9007373582733 16.0863229110249,45.9008443493235 16.0862828322006,45.9009149108025 16.0862088699852,45.9009565421963 16.0860968588579,45.9009789918732 16.0859904881634,45.9009767017082 16.0858789313001,45.9009382061663 16.0858081913548,45.900913191418 16.0857591473683,45.9009053952 16.0857208734289,45.9009166836665 16.0856713902985,45.9009679267346 16.0856327891524,45.9010230189123 16.0856212270093,45.9011105859398 16.0856067227621,45.9012267094345 16.085576306154,45.9012818312703 16.0855105547663,45.9013196832149 16.085439516845,45.9013346624126 16.0853522691212,45.9013286322546 16.08528421465,45.9013093396359 16.0852161602263,45.9012900469768 16.0851670308847,45.9012936783105 16.0850822974311,45.9013162251117 16.0850222292169,45.9013236245365 16.08497321336,45.9013120193122 16.0848944175938,45.9012698339188 16.0848158077871,45.90120288898 16.0847452099704,45.901158828432 16.0846745141563,45.9011280986356 16.0845955910564,45.9011030524957 16.0845113974875,45.9010532287707 16.0844708637864,45.9010016589149 16.0844385420255,45.900946309236 16.0844200449585,45.9008662514563 16.0844044027762,45.9007690632308 16.0843774795482,45.90072135161 16.0842990830402,45.9006258390433 16.0842288856821,45.9005284523168 16.0842237716946,45.9004827248424 16.0842188270135,45.9004141435494 16.0841947602771,45.90034930145 16.0841462857331,45.9002653257622 16.084141171836,45.9002195982823 16.0841578939504,45.9001720454294 16.084207761583,45.9000693819289 16.0842575721789,45.8999743357427 16.0842689953669,45.8999058139933 16.0842834581172,45.8997954031994 16.0842677027547,45.8997134505166 16.0842163014559,45.8996561274114 16.0841213282432,45.8995891224356 16.0840153869532,45.8995296967995 16.0838986625328,45.8994530900723 16.0838363789307,45.8993919174944 16.0838067441953,45.8993422919159 16.0838019863904,45.8992489519964 16.083816094166,45.8991861536708 16.0838658477185,45.8990987258794 16.0838963359361,45.8990340823553 16.0839129596054,45.8989998612264 16.0839187702444,45.8989522686674 16.0838865355584,45.8988854928088 16.0837999593298,45.8987899500822 16.0836535740423,45.8986675261788 16.0834852400896,45.8985621638172 16.0833331861764,45.898468286889 16.0831702228824,45.8983743699634 16.0830723824545,45.8983263993102 16.0829910638264,45.89825753926 16.0828986799775,45.8982095883692 16.0828034955733,45.8981711504634 16.0827383308655,45.8981309172605 16.0826269817187,45.8980657560638 16.0825432806451,45.898034461855 16.0824480878709,45.8979972131321 16.0823919906215,45.8979755825481 16.0823612858593,45.8979778511552 16.0823424797048,45.8979849239857 16.0823082325495,45.8980050348906 16.0822533658856,45.8980464959997 16.082142046055,45.8981139378987 16.0820325278037,45.8981682935614 16.0819966201779,45.8981824462461 16.0819608005737,45.8981846951359 16.0819386738053,45.8981798534459 16.0818945274978,45.8981558846188 16.0818026209448,45.8981353131307 16.0817446312324,45.8981386721263 16.0816643794298,45.8981550423133 16.0815293164315,45.8982057327434 16.0814267154271,45.8982470186397 16.0813669657134,45.8982575125604 16.0813260415395,45.8982585530399 16.0812818149088,45.898245297377 16.0812564586005,45.8982166364099 16.0812414633959,45.8981701581473 16.0812557289556,45.8980868870812 16.0813024565836,45.8979942116734 16.0813511574974,45.8978959891246 16.0814010139208,45.8977952307035 16.081409425859,45.8977647895241 16.081366069146,45.8977265393551 16.0813061747965,45.8977110839219 16.0812216600107,45.8977050606184 16.0811724763154,45.8977163075857 16.0811314182863,45.8977352027652 16.0810791783544,45.8977902425425 16.0810268510898,45.8978567091976 16.080972024806,45.8978926946716 16.0808872531633,45.8979209518458 16.0807889126103,45.8979396367949 16.0806579416321,45.8979448698624 16.0805433796494,45.8979444494018 16.0805052501194,45.8979366909869 16.0804619369183,45.8978927279242 16.0803780818531,45.8977990974143 16.0803210592688,45.8977646063396 16.0802395165596,45.8977262154945 16.0801307831153,45.897676298365 16.0799517488688,45.8975442273414 16.0797861808535,45.8974350600006 16.0796584119746,45.89737745307 16.0796094725738,45.8973563234309 16.0795903081141,45.8973657753126 16.0795682561835,45.8973961670768 16.0795541584597,45.8974570609982 16.0795557222745,45.8976113342628 16.0795648784649,45.8978437220776 16.0796011838159,45.8980933505976 16.0796140887877,45.8981905294584 16.07958933847,45.8982171016218 16.0795373971344,45.8982321474128 16.0794688165303,45.8982833175496 16.0794219143511,45.8983536131027 16.0794023024685,45.898422104248 16.0793960854097,45.8985230215187 16.0794240997431,45.8986926443001 16.0794499969308,45.8988755751391 16.0794922749788,45.8990566623098 16.0795349976397,45.89917871016 16.0795589290869,45.8992606926871 16.0795663217015,45.899365469698 16.0795599323229,45.899489241665 16.0795730100166,45.8995635667043 16.0796105812794,45.8996456002968 16.0796809131475,45.8997239447078 16.0797621997663,45.8997966166515 16.0798516267906,45.8998750311758 16.0798893135758,45.8999418291059 16.0798725591666,45.8999931899908 16.0797762962858,45.900097585836 16.0797021435165,45.900163971596 16.0795487704374,45.9002453027452 16.0794852830483,45.90034410532 16.0794739126808,45.9004050092366 16.0794895605375,45.9005002933298 16.0795160181327,45.9006089492487 16.0795728274901,45.9006720088648 16.0796488470104,45.9007199013291 16.0797578589338,45.9007336343275 16.0798342522026,45.9007320104038 16.0799379082682,45.900732391485 16.0799978341935,45.9007440389703 16.0800766241908,45.9007862286236 16.0801552864039,45.9008455585772 16.0801767065254,45.9008989645831 16.0801462560274,45.9009578936254 16.0800582615897,45.901050891954 16.0799703543066,45.9011324642176 16.079895999284,45.9012255134514 16.0798653746416,45.9013072962063 16.0798784544415,45.9013816211945 16.0799324792792,45.9014522879294 16.0800405737304,45.901587907877 16.0800780896006,45.901677558626 16.0801755744334,45.9017731442018 16.0802378840656,45.9018305091741 16.0802999798601,45.9019164413622 16.0803834522714,45.9020614929185 16.0804428776222,45.9021397976767 16.0805564156317,45.9022773410411 16.0806644988596,45.9024148642727 16.0807615416086,45.902569487714 16.0808178957116,45.9026934898531 16.0808665822785,45.902748900564 16.0809481770329,45.9027815766112 16.0810436102415,45.9027876401403 16.0812237234737,45.9027787779632 16.0813601194945,45.9027792777302 16.0814744338425,45.9028139780999 16.0815641828699,45.9028504923421 16.0816427208304,45.9029269616128 16.0816802960911,45.9030089944901 16.081679423563,45.9031251682501 16.0816298489176,45.903187836426 16.0813991288823,45.9033964909737 16.0812344062878,45.9035349188203 16.08118494534,45.9035823512343 16.0811655498489,45.9036222753857 16.0811784301237,45.9037232626548 16.0811450931861,45.9038031318409 16.0811475208012,45.9038431359753 16.0811879102613,45.9039137512064 16.0812066757419,45.9039576248857 16.0812007476719,45.9040204528155 16.0811723934863,45.9041631890205 16.0811901148883,45.9043460902225 16.0812247914598,45.9044509670238 16.0813168692067,45.9045408172586 16.0814740053556,45.9046861378203 16.0815143958275,45.9047567538289 16.0815329055678,45.9048349072368 16.08153213284,45.9049377501812 16.0815671824433,45.9049931097324 16.0816401949902,45.9050790811164 16.0818353251927,45.9052512043422 16.0820169740959,45.9054023274395 16.0820736625283,45.9054825252263 16.082108684425,45.9055416941735 16.082184755618,45.9055838714937 16.0823508809018,45.9056225700596 16.0825222193848,45.9056936642147 16.0827478205261,45.9058049514782 16.082897336072,45.9058759644837 16.0830248840683,45.9059659436803 16.0831250814156,45.9060653453318 16.0832470890011,45.9061667303713 16.0833500725976,45.9062585244462 16.0834777219167,45.9063351705612 16.0835839033565,45.90636412645 16.0836602045905,45.9063758316725 16.0836901988113,45.9063778448823 16.0837230367082,45.9063646333692 16.0837807249225,45.9063115162433 16.0838766910216,45.9062471112759 16.0839970685632,45.9062018407397 16.084193759907,45.9061663701546 16.0843166225731,45.9061534851064 16.084493990584,45.9061484165603 16.0846111985609,45.9061621747141 16.0847092102642,45.9061891941267 16.0847500319319,45.9062026745118 16.0847963945277,45.9062047478094 16.0848893339582,45.906180326213 16.0851324878307,45.9061335955764 16.0853647002394,45.9060906343906 16.0855203984841,45.9060645360449 16.0856350906055,45.9060497151094 16.0857415134695,45.9060462921874 16.0858097013601,45.9060484432917 16.085858664904,45.9060676663942 16.085888419585,45.9061020558415 16.0859015072198,45.9061763801044 16.0858945220958,45.9063820453868 16.0859020974153,45.9064639681069 16.0859370094322,45.9065383714446 16.086002016366,45.9066014565994 16.0861266881331,45.9067123714755 16.0862350625248,45.9068137048346 16.086310643435,45.9069225369126 16.0863729509864,45.9069818033117 16.0864491263819,45.9070106470206 16.0865227854142,45.9070109135643 16.0866239097788,45.9069865201755 16.086760669498,45.9069394011599 16.0868455225928,45.9069016175952 16.0869439476216,45.9068734053954 16.0869986505463,45.9068545574718 16.0870233729641,45.906831792411 16.0870291111993,45.9067937218679 16.0869804997139,45.9067268877907 16.0868532543855,45.9065950149672 16.086780288323,45.9065014286705 16.0867452325945,45.9064460698122 16.0867347014041,45.906394609305 16.086748907957,45.9063184790141 16.0867440444906,45.9062384709895 16.0867557203301,45.9061356683641</coordinates></LinearRing></outerBoundaryIs></Polygon></MultiGeometry>
  </Placemark>
  <Placemark>
	<Style><LineStyle><color>ff0000ff</color></LineStyle><PolyStyle><fill>0</fill></PolyStyle></Style>
	<ExtendedData><SchemaData schemaUrl="#ju_maksimir_natura_poligoni">
		<SimpleData name="ogc_fid">1432</SimpleData>
		<SimpleData name="sitecode">HR2001506</SimpleData>
		<SimpleData name="sitename">Sava uzvodno od Zagreba</SimpleData>
		<SimpleData name="ms">HR</SimpleData>
		<SimpleData name="sitetype">Ekološka mreža NATURA 2000 - Područje očuvanja značajno za vrste i stanišne tipove</SimpleData>
		<SimpleData name="shape_leng">42928.486156699997082</SimpleData>
		<SimpleData name="shape_area">209.743368505000007</SimpleData>
		<SimpleData name="url">https://interni.bioportal.hr/ekomreza/natura/report/site?site-code=HR2001506</SimpleData>
	</SchemaData></ExtendedData>
      <MultiGeometry><Polygon><outerBoundaryIs><LinearRing><coordinates>15.6679911661715,45.8414929306722 15.6681800393099,45.8413434448973 15.6682313995499,45.8411947862191 15.6682750462835,45.8410682782369 15.6683034527133,45.8410429462101 15.6683320639762,45.84101743031 15.6686507874669,45.8408548133753 15.6688867456112,45.8406594673656 15.6692133658161,45.8405547287434 15.669696710328,45.8405645982883 15.670072073455,45.8405905157231 15.6701110659604,45.8405961104145 15.670689236115,45.8406856320263 15.6712435266057,45.8405743013438 15.6714594659385,45.8405977845531 15.6718171755787,45.8406366800119 15.6727111394882,45.8406723913675 15.6728013399466,45.8407147551926 15.6729501537755,45.8407846494663 15.6733204639936,45.8408645692683 15.6734742311962,45.8408977043935 15.6737120158987,45.8408839559002 15.6738003008089,45.8407298300583 15.6737412990745,45.8405691963013 15.6735116220536,45.840570356023 15.6732845509962,45.8405851398967 15.6731077471998,45.8405978018875 15.672835034694,45.8406124929969 15.6725350751121,45.8406269852355 15.6722456511727,45.84062012806 15.6718373053114,45.8405933614522 15.6713746439925,45.8405542970414 15.671088766763,45.8405379392548 15.6708739892865,45.8405506651173 15.6706384926041,45.8405822860879 15.6704578774095,45.8405881165825 15.6702365706617,45.8405817479402 15.6699510122531,45.8405439637687 15.6696481788387,45.8405227174949 15.6693486086898,45.8405110175433 15.6690895894189,45.8405210375592 15.668980355104,45.8405369081902 15.6688435206607,45.8405763846517 15.6686994485393,45.8406443766951 15.6685992817305,45.8407184422108 15.6684680870774,45.8408365228182 15.6682752321821,45.8409779611489 15.6680762028363,45.8410765015921 15.6678380499465,45.8411712691583 15.6676275874066,45.8412375030903 15.667326878816,45.8413019722497 15.66714583478,45.8413363627841 15.6669649694349,45.8413588518838 15.6668046444252,45.8413743470323 15.6666617050772,45.8413661629569 15.6664237564906,45.8413334780026 15.6661552273001,45.8412958076841 15.6660227541441,45.8412710341384 15.6658328443993,45.8412148918764 15.665616187355,45.8411252238751 15.6654136509451,45.8410023285006 15.6652856541363,45.8409061648873 15.6651984195134,45.8408174415044 15.6649868435085,45.8406159166574 15.6647419595502,45.840364152767 15.6645643730279,45.8401676363874 15.6644304584541,45.8400119117649 15.6643272314882,45.8398540296792 15.6642577414132,45.8397178210248 15.6642120564422,45.839584168209 15.6641928338678,45.8395030831678 15.6641935467439,45.8394554740649 15.6641984140685,45.8393579010819 15.6641656047452,45.8392743366942 15.6640757171126,45.8391355978486 15.6639086398023,45.8389201113824 15.6637317752787,45.8386759855156 15.6636648736911,45.8385945513963 15.6635906624266,45.8385463947455 15.6634049895794,45.838435522552 15.663185904847,45.8382815527305 15.6629974001841,45.8381325682057 15.662828794897,45.8380194401424 15.662720634929,45.8379638916199 15.6625988173428,45.8379106228504 15.6624294991971,45.8378451033001 15.6622804366506,45.8377916344678 15.6621519510839,45.8377287938249 15.6620473411255,45.8376637481868 15.6618954109658,45.837574547744 15.6617472075498,45.8374639476731 15.6615555897031,45.8372958919914 15.6614646389776,45.837228565195 15.661343146057,45.8371538715943 15.6611979929605,45.8370671008105 15.6608501513528,45.8368693285217 15.6604854623111,45.8366595280201 15.6602084971279,45.836505127144 15.6599315347539,45.8363507265123 15.6597256224262,45.83622779612 15.6595875007663,45.8361267907703 15.6593785081821,45.8359824103191 15.6589705986538,45.8357032467325 15.6585221874715,45.8353999757725 15.6581409922008,45.8351567169232 15.6578541484251,45.8349808107323 15.6576109309472,45.8348480790183 15.6573101084978,45.834695876019 15.6570834892218,45.8345918340266 15.6568872673546,45.834504680961 15.656745282046,45.8344345929213 15.6565935476904,45.8343334834507 15.6563757568254,45.8340961855354 15.6561649935958,45.8338446548763 15.6560245222457,45.8336745866712 15.6559173132181,45.833557140095 15.6558030055302,45.8334586868952 15.655654933114,45.8333409372409 15.6554565018691,45.8331752026006 15.6552881069385,45.8330501605866 15.6551868112537,45.8329922747712 15.6550140392089,45.8329314794354 15.6548411954704,45.8328754450147 15.6546308937472,45.8328191322945 15.6545051849304,45.8327991571023 15.6544001605179,45.8327626688785 15.6541736266722,45.8326538599987 15.6539876688268,45.8325643970472 15.653724651397,45.8323910385703 15.6535128972856,45.8322061550118 15.6533547609155,45.8320788061709 15.653186590629,45.8319394784722 15.6530149795926,45.8318025058703 15.6529613986787,45.83174259091 15.6528847032038,45.8316348910672 15.652761706802,45.8314363798864 15.6526220827432,45.831211557651 15.652522020319,45.8310727349451 15.6524613045819,45.8310341927121 15.6523227390949,45.8309641244958 15.6522007299013,45.8309251273705 15.6520820526941,45.8308909174507 15.6520313729404,45.8308643537384 15.6519975731306,45.8308474378039 15.6519364602961,45.8308350799441 15.6518754559423,45.8308155820926 15.651855422491,45.8307892457829 15.6518082193876,45.8307579460693 15.6517437736025,45.8307408025545 15.6516655990191,45.8307306987351 15.6515940182478,45.8307349289519 15.651525841588,45.8307391844028 15.6514509264568,45.8307386280597 15.6512229953559,45.8307226508422 15.6510598356417,45.8307023927343 15.6509376107189,45.8306776777829 15.6508124873636,45.8306196100928 15.6507216691041,45.8305451330772 15.6507055123884,45.830487876068 15.650679827499,45.830385314688 15.6506303076141,45.8302825761177 15.6505809314667,45.8301703160728 15.6505242028574,45.8300937114654 15.6505051119052,45.8300054832931 15.6505162320805,45.829946048195 15.6505099658806,45.8299102905815 15.6504832313255,45.8298767625393 15.6504838832143,45.8298339146952 15.6504986622337,45.8297578417153 15.6505069215347,45.8296626743183 15.6505112684611,45.8296008080034 15.6504846427045,45.8295601382032 15.6504408105211,45.8295312438356 15.6504140037579,45.8295024760487 15.6504145470427,45.8294667690603 15.6504392522855,45.8294098158335 15.6504982629291,45.8293364525794 15.6505639004079,45.8292750428371 15.6505714352808,45.8292274844482 15.650552127257,45.8291535388889 15.6505361159581,45.8290867595015 15.6504859443015,45.8290268686967 15.6504390706813,45.828974144958 15.6504364259433,45.828924130029 15.6504134593785,45.8288668223272 15.6503492697531,45.8288330148355 15.6502817835793,45.8287920411249 15.6502209631786,45.8287606394726 15.6501194993815,45.8287146512436 15.6500183256181,45.8286496200371 15.6499071899516,45.8285678486334 15.649803010119,45.8284766063569 15.6497328806887,45.8283856173817 15.6496932887711,45.8283019981946 15.6496439537464,45.8281873571554 15.6496212420459,45.8281133860929 15.6495951251619,45.8280393896806 15.6495490507897,45.8279342953873 15.6494990624909,45.8278625021217 15.6494224704011,45.8277763426245 15.6494069630966,45.8279763846342 15.6494566342412,45.8282059761054 15.6496717161473,45.8285052541381 15.6497909471035,45.8286056289704 15.6499628884587,45.8287275239051 15.6501675834566,45.8288726789363 15.650252722709,45.8289888169404 15.650201848653,45.8290905499127 15.6501062073783,45.8292818357069 15.6501516300795,45.8294788523679 15.6501682518066,45.8295508299565 15.6502869714729,45.8298973076188 15.6503977449137,45.8301478314056 15.6504681222648,45.8303070000763 15.6506308570549,45.8305923630616 15.6507621790441,45.830822648987 15.6508788374489,45.8308701208346 15.6510088961462,45.8309230396094 15.6511942849145,45.830930473504 15.6513192107823,45.8309349601802 15.651385681142,45.8309267105918 15.6514026468019,45.8309244431464 15.6515223571226,45.830908432251 15.6519857461657,45.8309099396868 15.6522830945388,45.8310287423938 15.6523348598601,45.8310884417569 15.652293024759,45.8312046726752 15.6522554452884,45.8313092594267 15.6523641507024,45.8314323164082 15.6525425777342,45.831634294864 15.6526826847773,45.8316870487083 15.6528644742341,45.8317553476392 15.6530790719688,45.8319113647169 15.6532593300709,45.8320483824061 15.6533224398425,45.8322083367104 15.653374655768,45.8323409222133 15.6537541170777,45.8328119616029 15.6539420475709,45.8329893259716 15.6540465617447,45.8330605167733 15.6541865967974,45.8331559067401 15.6544786381079,45.8333019767248 15.6549174597379,45.833390337376 15.6549631770222,45.8333852686455 15.6551733417664,45.8333612218803 15.6554009500891,45.8333237626815 15.6555033830631,45.8334751812408 15.6555139550823,45.8336497959107 15.6555212889477,45.8337717901181 15.6557156263118,45.8340319375886 15.6557492500139,45.8340769588561 15.6560413648892,45.8343507348277 15.6562686157671,45.834426249312 15.6563512396171,45.834485861558 15.6564233964879,45.8345463682422 15.6566200101202,45.8348325889546 15.656690768378,45.8348797241129 15.656913281402,45.8350279443196 15.6571761467807,45.8350983336125 15.6573967104522,45.835157430175 15.6577003642614,45.8353351062543 15.6579204862804,45.8354499515286 15.6582070107109,45.8356834050512 15.6583557988994,45.8357862902371 15.658572779348,45.835936315506 15.6586785553386,45.8359938056743 15.6587388928509,45.8360266505906 15.6589260956035,45.8360384231828 15.6591717413163,45.8361234719084 15.6592695415326,45.8363237602671 15.6593508038277,45.8364901720265 15.6598748860317,45.8367702550588 15.6600778380347,45.836809891175 15.6603078058742,45.8368547994066 15.6605029911093,45.8369116330161 15.6606832823752,45.8369641269583 15.6608095149033,45.8370295000285 15.6610118996611,45.8371343086113 15.6613802931519,45.8373241637013 15.6614059422663,45.8373474082453 15.6615946410406,45.8374724686537 15.6617514652431,45.8376605674339 15.6619261683802,45.8378330804541 15.6620903864402,45.8380014555459 15.6621484989221,45.8380610304687 15.6623304178807,45.8382141224578 15.6625111335195,45.838293724666 15.6627649895394,45.8384010119927 15.6629538234752,45.8385208451256 15.6628653215781,45.8386751482216 15.6628753657179,45.8389620018998 15.6629488375353,45.8390411793413 15.6630174569666,45.8391151599792 15.6631670108119,45.8392858105125 15.6632620213738,45.8393912268806 15.6633385356863,45.8394761139341 15.6634621153155,45.8395661864133 15.6636378031531,45.8398521767858 15.6638022196619,45.8400332189835 15.6639747398742,45.8400854222785 15.6639826636926,45.8400878224158 15.6644275193591,45.8402314684005 15.6645265169631,45.8403797195753 15.6647684206769,45.8407401660457 15.6648504974894,45.8408783469308 15.6649076067185,45.8409745670213 15.6652794598697,45.8413329306663 15.6656073663378,45.8413600574052 15.6659530983136,45.8413822771866 15.666321408974,45.8414207804428 15.666592483992,45.8414998404815 15.6667917776485,45.8415519540539 15.6670190356936,45.8416113705092 15.6672575494702,45.8416679721154 15.6673949264756,45.8416728999548 15.6675428748248,45.8416789178149 15.6677648359869,45.8415973759532 15.6678353580763,45.8415648420318 15.6679911661715,45.8414929306722</coordinates></LinearRing></outerBoundaryIs></Polygon><Polygon><outerBoundaryIs><LinearRing><coordinates>15.7021046297644,45.8457725881104 15.7022227124146,45.8457150278811 15.7022301967453,45.8457108754126 15.7024285510734,45.8456005636683 15.7027485050958,45.8454497061056 15.7029153927805,45.8453710247618 15.7029335895258,45.8453598863144 15.7028163600081,45.8453654875866 15.7024620663253,45.8453668239807 15.7018489629568,45.8453625428708 15.7013256439737,45.845368408586 15.7005436764802,45.8453572263192 15.7002222740364,45.8453454545878 15.699865529511,45.8453277207914 15.6997894776356,45.8453100462704 15.6996402631992,45.8452632917647 15.6995315686288,45.8452415804976 15.6993412079728,45.8452135832205 15.6991725369284,45.8451933552797 15.6990284720372,45.845167585908 15.698895308561,45.8451418927873 15.6986943220283,45.8450947740466 15.6983577758454,45.844999089694 15.69801580757,45.8449014623321 15.6975029402228,45.8447493058381 15.697182802198,45.8446499235401 15.697085254986,45.8446111472385 15.6970629292021,45.8445860778252 15.6970578895977,45.8445574740314 15.6970499889941,45.8445383735248 15.6970228782586,45.8445286596111 15.6969820053645,45.8445283723646 15.6969356818937,45.8445280467947 15.6969029835794,45.8445278169737 15.6967918951414,45.8444832315671 15.6967485984917,45.8444619773538 15.6966917602743,45.8444349133448 15.6966426854709,45.8444364731714 15.6965849152317,45.8444741578501 15.696535401726,45.8445061877839 15.6965189977473,45.8445098812492 15.6964999233097,45.8445097471155 15.696462077325,45.8444885311237 15.6964269553801,45.8444673333772 15.6962511827495,45.8443727733871 15.695857003032,45.8441166932876 15.6957977434711,45.8440686619442 15.6957630336641,45.8440188994105 15.6957340201538,45.8439520350326 15.6956891530254,45.8438507778896 15.6956553766057,45.8437362665897 15.6955390259598,45.8434897584661 15.6954546039302,45.8432968029918 15.6953854892271,45.8431763290886 15.6953131004748,45.8430939229655 15.6952457217279,45.8430420253279 15.6951508751517,45.8430051703426 15.6950560025191,45.8429702199539 15.6949690845926,45.8429505626053 15.6948578072646,45.8429193052876 15.6947710268727,45.8428901253615 15.6946869704906,45.8428609645683 15.694586812877,45.8428145491845 15.6944272322682,45.8427315278492 15.6943243786893,45.8426831883674 15.6942080930665,45.8426214218519 15.6941486977309,45.8425829120784 15.694067229842,45.8425632915801 15.6939718361068,45.842564523539 15.6938544508839,45.8425789315774 15.6937372306488,45.8425819142035 15.6936118911526,45.8425810296894 15.6935057079799,45.842574566575 15.6933695515988,45.8425678917665 15.6932524152475,45.8425651599096 15.6931733963143,45.842564601958 15.6930533420549,45.8425751815077 15.6928840755136,45.8425968406688 15.6927532042838,45.842601629815 15.6925924975252,45.8425966854884 15.692494461196,45.8425921829622 15.6923611403191,45.8425779093538 15.6922714161227,45.8425639428931 15.6922223704336,45.8425635961674 15.6921595071342,45.8425764839433 15.6920228835593,45.8426021814351 15.6919133963433,45.842635689222 15.6918338271155,45.8426732182378 15.6917540358891,45.8427259809022 15.6916634014322,45.8427748588811 15.6915758506143,45.8427989990354 15.6914774816893,45.8428173479946 15.6913601517904,45.842827945043 15.6912375909163,45.8428232687706 15.6911315731829,45.8428053772654 15.6910067025177,45.8427721160048 15.6908955395361,45.8427332370984 15.6907982209893,45.8426792199578 15.6907308193556,45.8426292243491 15.6906851339533,45.842585095299 15.6906315768181,45.8425199615172 15.6905699849435,45.8424452464942 15.6904841730074,45.8423494108897 15.6904140757911,45.8422974911337 15.6903330516842,45.8422473978643 15.690224807502,45.8421952076679 15.6901298828189,45.8421640625317 15.6900239496258,45.8421404560169 15.6899124845452,45.8421225247619 15.6897764679736,45.8421063241637 15.6896321126661,45.8421014916198 15.689484975629,45.8421004479801 15.6893460140951,45.842099462155 15.6891579243281,45.8421038412122 15.6889997508657,45.8421122411249 15.6888659339337,45.8421322410862 15.6887784383002,45.8421525706721 15.6886742883813,45.8421937317893 15.6885480085759,45.8422575894649 15.6884434996018,45.842323507394 15.688317080758,45.8423968872226 15.6880734690602,45.8424713390606 15.6879777429424,45.8424954183654 15.6878712822783,45.8425079930359 15.6877431083712,45.8425147004743 15.6876395113905,45.8425177727892 15.6875169805776,45.8425111878791 15.6874217254847,45.8425028928575 15.6873564977482,45.8424910016037 15.6872697207323,45.8424618159997 15.6870875224953,45.8424357603041 15.687016734892,45.8424314469377 15.6869187271023,45.84242503587 15.6868425169054,45.8424187798482 15.6867717835348,45.8424106587967 15.6867092257324,45.842402594995 15.6866111347735,45.8424018967496 15.6865213013324,45.842395543532 15.6864668887796,45.8423894424472 15.6864179821073,45.842379571722 15.6863583148516,45.8423601009532 15.6862171842124,45.8423210049869 15.6861061630842,45.8422725999284 15.6859192391612,45.8421969904587 15.6857482474232,45.8421500626144 15.6855989422749,45.8421109067282 15.6854684594663,45.8420890267643 15.685335143,45.842074744086 15.6851445781554,45.8420619578525 15.6849211775903,45.8420584595678 15.684724940043,45.8420608692441 15.6846037205133,45.842088167731 15.6845202407036,45.8420899528089 15.6844602511722,45.8420856438405 15.6843375269138,45.8420923863557 15.6842418833933,45.8421107485433 15.6841912740583,45.842107839895 15.6841657293665,45.8421076575041 15.6841249627589,45.8421002247673 15.6841149544395,45.8420858691052 15.6840898621381,45.8420547406843 15.6840842483951,45.8419921686566 15.6841285414324,45.8418982092382 15.6841535649882,45.8418641058426 15.6842386020129,45.8417790078147 15.6843854052789,45.8416629245077 15.6845483683461,45.8415598134689 15.6846063383455,45.8415088031633 15.6846084855496,45.8415016768372 15.6845798344309,45.84150432921 15.6842453610681,45.8415962174386 15.6841036482216,45.8416437718667 15.6840316854491,45.841673255243 15.6839513187643,45.8417183907206 15.6839059224443,45.8417480628538 15.6837922336267,45.8418358137047 15.6836518733233,45.8419305146342 15.6834702851008,45.8420492052562 15.6831487534652,45.8422340304808 15.6829717312019,45.8423198979458 15.6828444033556,45.8423618399896 15.6827193495732,45.8423880859912 15.6826067230983,45.8424029925025 15.6825208935961,45.842402378461 15.6823965496546,45.8423800629204 15.6822764184965,45.8423492059765 15.682180874213,45.8423142400815 15.6819958937977,45.8422457806501 15.6819469741167,45.8422368598971 15.6818223167313,45.8422359673318 15.681468781426,45.8422334352268 15.6812663852555,45.842237698803 15.6809207098027,45.8422566471674 15.6807531174588,45.8422568745141 15.6806877656859,45.8422535490804 15.6806328197572,45.8422374420041 15.6805396341755,45.8421810649045 15.680467052026,45.8421134090514 15.6804267053927,45.8420774087128 15.6803941974028,45.8420643202035 15.6802356189453,45.8420074737594 15.6800436549184,45.8417189835093 15.6799354236148,45.8415739359076 15.6798405957136,45.8414904069156 15.6797391738238,45.8414382557437 15.6796537657067,45.8414090741746 15.6795682737029,45.8413856056187 15.6793542913726,45.8413440731754 15.679101546201,45.8412979761356 15.6789914273564,45.8412814727624 15.6789243268446,45.8412581349744 15.6787507954824,45.8412454604749 15.6784732347901,45.8412191824567 15.6781894380457,45.8412000005612 15.6779912376595,45.8411971459629 15.677862307635,45.8412090745667 15.677800769519,45.8412243439307 15.6777740411509,45.8412320940577 15.677737299976,45.8412289728174 15.6776269081274,45.8412310351736 15.6773163137516,45.8412273713016 15.6770201931542,45.8412123825774 15.67677514011,45.8411991899024 15.676428099969,45.8411724063025 15.6761831526676,45.8411520705698 15.6759771370147,45.8411248734381 15.6757385519863,45.8410888704652 15.6755164419102,45.8410444153564 15.6753942746601,45.8410135364737 15.6752558228219,45.840978255106 15.6749934346485,45.8408935124755 15.6746130313354,45.8407736347003 15.6741850446419,45.8406380756952 15.6739947382084,45.8405852769605 15.6738856021471,45.840571631708 15.6737795305959,45.8405796080236 15.6743661389017,45.8407393558341 15.6750893744539,45.8409649243319 15.6755890041311,45.8411337529181 15.6756973692786,45.8411602121178 15.6757797727228,45.8411803293623 15.6758780199112,45.8411860741718 15.6759424790206,45.8411898530144 15.6762959586155,45.8412282351435 15.6769844851134,45.8412599475271 15.6772735678439,45.8412840158581 15.6775804799704,45.841309565079 15.6783017364732,45.8413813155039 15.6788372916554,45.8415622969677 15.6791501396589,45.8418531739097 15.6791111633882,45.8419212834844 15.6792160747445,45.8419433856289 15.6792731861166,45.8421890899616 15.679324106795,45.8422355160633 15.6794315007846,45.8423448472728 15.6795338100482,45.8424293831933 15.679614824631,45.8424794831556 15.6796984792716,45.842535316592 15.6798230626467,45.8425876340494 15.6799641067161,45.8426324509714 15.6801487195907,45.8426794852074 15.68028731865,45.8427052391912 15.6805187558651,45.842718326673 15.6807240001215,45.8427260052851 15.6807848264881,45.8426899935437 15.6811715805798,45.8424619701117 15.6814507890994,45.8425387964801 15.6820952502503,45.8427161184945 15.6823990122587,45.84272036923 15.6825572441045,45.842708169155 15.6827536499787,45.8426943379489 15.682906460473,45.8426801937543 15.6830649150926,45.842652758394 15.6832151395402,45.8426290736994 15.6833820467747,45.842582652428 15.6835043478155,45.8425384783732 15.683572214514,45.8424747325835 15.6836193909956,45.8425025232171 15.6837024864756,45.842472572566 15.6837736637524,45.8424502263373 15.6838228219102,45.8424429598555 15.6838882158851,45.8424434269578 15.6839209685715,45.8424398511739 15.6839429610323,45.8424266769325 15.6839732391148,45.8424059424243 15.6840309055538,45.8423758810039 15.6841294696382,45.8423442076315 15.6842719082571,45.8422938015186 15.6844522142903,45.8422627105147 15.6846050775399,45.8422447565049 15.6847496843285,45.8422324561593 15.6849568761918,45.8422263157617 15.6851284791462,45.8422313494396 15.6852755038975,45.8422400155275 15.6854304262578,45.8422677845243 15.6856042821858,45.8423052107606 15.6857563395426,45.8423424804921 15.685826863818,45.8423727742537 15.6858808454697,45.8423493638986 15.6862178704894,45.8423659427817 15.6862221405883,45.8424832205732 15.6863533144983,45.8425162395198 15.6864266885434,45.8425300942109 15.6865110453599,45.8425383124708 15.6866307121431,45.8425544014687 15.6867013901652,45.842566331932 15.6867830496316,45.8425726268317 15.6868974339566,45.8425772496972 15.6869707527443,45.8425949124642 15.6870549433033,45.8426145573954 15.6872161848888,45.8426295127028 15.6873101475278,45.8426330379042 15.6874428762908,45.8426411235287 15.6876677730193,45.8426355810109 15.6878968399912,45.8426243531128 15.6880052745434,45.8426165532448 15.6881322459774,45.8425988865017 15.6882471013361,45.8425711341534 15.6883560134605,45.8425304832462 15.6884632550303,45.8424641088178 15.6885932668583,45.8423778990175 15.6886941689183,45.842325763547 15.6888237441574,45.8422695467442 15.6888894908739,45.842245729905 15.688955112994,45.8422304835609 15.6890451124914,45.8422254086867 15.6891350510172,45.8422246181179 15.6892187946913,45.8422280692288 15.6892616477763,45.8422326590128 15.689325038883,45.8422302519524 15.6893619681195,45.842220514573 15.6895071234833,45.8422172595053 15.6897053283676,45.8422200932549 15.6898258159192,45.8422266613304 15.6899347705318,45.8422408803258 15.6899692993511,45.8422171672606 15.6901323811447,45.8422757156178 15.6903113469514,45.8423399748077 15.6905315272652,45.8424828804792 15.6905447168695,45.8426303265271 15.6906039565581,45.8426864145051 15.6906807010988,45.8427498085807 15.6907798636921,45.8428176470854 15.6908365869379,45.8428523308679 15.6909158511158,45.8428828894302 15.6910054180482,45.8429078063069 15.6910807815443,45.8429254809117 15.6911581065212,45.8429488830297 15.6912069455611,45.8429635129434 15.6912436059028,45.8429723429557 15.6913293756649,45.8429772357289 15.6913743552362,45.8429761251924 15.6914154338589,45.8429621317075 15.6915280579432,45.8429472164973 15.6916756730593,45.8429154067906 15.691954448162,45.8428588138819 15.69214291244,45.8428287213185 15.6922944280276,45.8428097946143 15.69251538258,45.8427942153006 15.6927362130654,45.8427872051996 15.6929754157071,45.8427817524065 15.6931512873691,45.8427744239474 15.6933006550515,45.8427626223885 15.6934418896292,45.8427479072841 15.6935912984569,45.8427332487968 15.6937243366677,45.8427199034652 15.6938163601558,45.8427162679843 15.6938878447293,45.8427196291748 15.693985853918,45.8427260342729 15.6940611768916,45.842746563465 15.6941160448043,45.8427683763074 15.6942500756034,45.8428278872047 15.6943656326171,45.8428929813663 15.694454828797,45.8429436044728 15.6945521788697,45.8429957138577 15.6946843532082,45.8430423558318 15.6947738796185,45.8430701263058 15.69488592746,45.8430951994664 15.6950224766285,45.8431218731044 15.6950978224168,45.8431409729027 15.6951486644361,45.843158472079 15.6951993224089,45.8431888261599 15.6952436636627,45.8432319910523 15.6952797070319,45.843283668002 15.6953133162433,45.8433624682131 15.6953545632927,45.8434784611011 15.6953856960671,45.8435872402021 15.6954530374996,45.8437362699938 15.6955326011217,45.8438882426331 15.6955661479898,45.8439713280297 15.6956380099034,45.8440903922773 15.6956700698375,45.8441348994079 15.6957426525553,45.8442039744435 15.6960081227131,45.8444091551258 15.6961269734805,45.8444823642869 15.6962568066956,45.844549937802 15.6963756593775,45.8446231467159 15.6963754674198,45.8446364775759 15.6963122462024,45.8446741237771 15.6962297322573,45.8447268712972 15.6962293757021,45.8447516283502 15.6962696728135,45.8447919075452 15.6963481465044,45.8448305503896 15.6965840042764,45.844916010232 15.6968145504846,45.8449919088566 15.6970107486819,45.845054386387 15.6973281372907,45.8451556538035 15.6975939726591,45.845241322142 15.6978952864314,45.8453234292069 15.6980878794776,45.8453857266104 15.6983892768331,45.8454621192816 15.6986036697509,45.8455245696518 15.698880408964,45.8456103105668 15.6990242003078,45.8456551240875 15.6991927360593,45.845684873788 15.6992988712332,45.8456951400908 15.6994432641445,45.8456980567185 15.6995930804641,45.8457029151138 15.6996773895117,45.8457149330265 15.6998133905883,45.845733026572 15.6998950289824,45.8457412168044 15.7000638644517,45.8457500174779 15.7003009066208,45.8457535807211 15.7006199134071,45.8457424816711 15.7008515867045,45.8457402925358 15.7011376502174,45.8457461026504 15.7015545087976,45.8457528252126 15.701745199327,45.845757966405 15.701955100946,45.8457537189686 15.7020531981657,45.8457544040806 15.7021046297644,45.8457725881104</coordinates></LinearRing></outerBoundaryIs></Polygon><Polygon><outerBoundaryIs><LinearRing><coordinates>15.8189873707473,45.8297471398243 15.819016358802,45.8297370522543 15.819456459579,45.8295692499651 15.8199153839122,45.8294149046486 15.8202999964762,45.829292206574 15.8205460427435,45.8292222488825 15.8208081946857,45.8290881069733 15.8210294827324,45.8289537216409 15.8212097322635,45.8288333763027 15.8214048280765,45.8287524011244 15.8215278928083,45.8287138496704 15.8216302224933,45.828700173036 15.8217738495539,45.8286510313562 15.8219076924476,45.828566120436 15.8220724870493,45.8284563949479 15.8222217400078,45.8283644325279 15.822365061088,45.8283402854448 15.822498469122,45.828291081346 15.8227096216959,45.8281494909852 15.8229055343086,45.8280006673621 15.8230398080914,45.827880046662 15.8231332627828,45.8277556136203 15.8237869170759,45.8273488119324 15.8240661904388,45.8270647790627 15.8243197928381,45.8267913075356 15.824547508859,45.8265462508534 15.8246313466726,45.826371763578 15.8247810647496,45.8262405191444 15.8249763189955,45.8261452545481 15.8251471131675,45.8259605676263 15.8253704057331,45.8256583462456 15.8255727902254,45.8253952823991 15.8257493776859,45.8251534918457 15.8261930797844,45.8243633333363 15.8267144108655,45.8234879250819 15.8270527568681,45.8229614008803 15.827241092409,45.8225911190261 15.8272989491644,45.8224521877305 15.8275090442131,45.8219713309239 15.827817673959,45.8213660656773 15.8280523069018,45.8209674862703 15.8282349645767,45.8206435932582 15.8283868054474,45.820333803038 15.8284911786542,45.8201487213998 15.8286466648841,45.8199603687122 15.8287091077245,45.8198643163042 15.8287516372637,45.8197252950581 15.8288298722396,45.8195900539209 15.8289397788298,45.8193692933034 15.8292057235128,45.8189137583243 15.8294550563375,45.8185652565701 15.8296212206217,45.81833768373 15.8298139878161,45.8180209890369 15.829975768662,45.8177326816875 15.8301272920826,45.8174478843451 15.8302216552055,45.8172448868182 15.830376954939,45.8170708148377 15.8305794568206,45.8167934581891 15.8307353971434,45.8165658228612 15.8308866140849,45.8163060207692 15.8310322095243,45.8160890382972 15.8311886162382,45.8158221235957 15.8314170689554,45.8155092062314 15.831583898315,45.8152244973127 15.8318431571524,45.814897475027 15.8319527435446,45.8147017066805 15.8321960383346,45.8144281568464 15.8324134139686,45.8141865939389 15.8324759717664,45.8140798279866 15.832176139589,45.8139566593052 15.8317950751678,45.8137937333289 15.8314138847893,45.813641518305 15.831114101365,45.8135147758223 15.8309750723376,45.8136103812327 15.8308610194368,45.8137525558949 15.8307053455565,45.8139587662336 15.8305809920697,45.814108022846 15.8304262148448,45.8142392454946 15.8303022036911,45.8143599352981 15.8301734276508,45.814452028527 15.830065077284,45.8145442404737 15.8299308509613,45.8146648699729 15.8298272211267,45.8147892500647 15.8297487370983,45.8149459164603 15.8297060424319,45.8150992223726 15.8296843736959,45.8152026553929 15.8296220235285,45.8152915663783 15.8296054614685,45.8153950302418 15.8295277486014,45.815487422321 15.8294440284894,45.8156547716251 15.8292838359555,45.8158109581224 15.8291942787522,45.8160389812504 15.8290631383495,45.8163274675048 15.8289128136885,45.8165122799036 15.8288805869452,45.8166442201285 15.8287971634417,45.8167865734619 15.8285939231994,45.8171246308852 15.8283242073524,45.8174694388401 15.8282460587704,45.8175975385158 15.8281476127156,45.8177148049282 15.8280644863849,45.8178321613469 15.8280012715655,45.8179924875424 15.8279283146045,45.8181134740519 15.8278196955668,45.8182271099479 15.8277161403082,45.818344345919 15.8276133152865,45.8184008778356 15.8275403139565,45.8185254351136 15.8274925031722,45.8186787099958 15.8274764089817,45.8187428948054 15.8273510914466,45.8189707049874 15.8271469311352,45.8193837467837 15.826912685784,45.8197501869606 15.8267730327656,45.8198957778721 15.8266847929205,45.8200131031151 15.8266266346289,45.8201770295732 15.8265044802638,45.8205655562106 15.8263115562343,45.8208929563165 15.826065619218,45.8213807421798 15.8257941428937,45.821868376778 15.8254752733167,45.8224735760634 15.8252093241705,45.8229255307833 15.8250162979508,45.8232600705347 15.8247085326108,45.8237903407073 15.8244530454794,45.8242209295062 15.8242446882068,45.8245553772376 15.8239021504901,45.8250033053902 15.8236024134984,45.8252907871999 15.8231538624774,45.8256345245709 15.8227206715948,45.8259747799299 15.8223906245039,45.8262587990997 15.821952240244,45.8266388788674 15.8213580629006,45.8270902347394 15.8207130301512,45.8274763020791 15.820068077694,45.8278551453899 15.8197139548629,45.8280985308698 15.8194027241919,45.8282122036949 15.8192497305148,45.8282638393066 15.8191881180888,45.828289659794 15.8188118255689,45.8284249423672 15.8184507210181,45.8285332701073 15.8179132840039,45.8286817376428 15.8175537524314,45.8287835610303 15.8172327156971,45.8288664225293 15.8168958538658,45.8289539520214 15.8166022367661,45.829040512759 15.8163206107405,45.8291004773195 15.8160611244538,45.8291569115533 15.8158353840412,45.8291955172093 15.8156239100323,45.8292377683521 15.8153975009171,45.8292808932974 15.8151530379742,45.8293067361326 15.8148631252671,45.8293430899452 15.8146054839699,45.8293703246484 15.8144220388483,45.8293953046031 15.8142965819282,45.8294080270768 15.8141308138902,45.8294235685408 15.8139605411522,45.8294630766017 15.8137557446612,45.8295203198401 15.8136023155428,45.8295523171775 15.8134372214819,45.8295739181914 15.8132705835244,45.8295999564653 15.8130869891182,45.8296458553684 15.8128702372123,45.829701766333 15.8125815785177,45.8297578777537 15.8123171663288,45.8298122987985 15.8121114364473,45.829845706048 15.8118657414482,45.8299081155191 15.8116219395087,45.8299736374531 15.8114513677754,45.8300183236783 15.8112381976601,45.8300657644806 15.8110050116855,45.8301343247051 15.8107407761226,45.8302126443671 15.8105281803008,45.8302818479027 15.8103016373249,45.8303445261366 15.8099953574557,45.8304247605774 15.8096688105869,45.8305051056963 15.8092000024601,45.8306449722889 15.808811571089,45.8307599382426 15.8084775239374,45.8308647278462 15.8081879856821,45.830948392491 15.8079434068606,45.831023434269 15.8076818182857,45.8311153443537 15.8074682687642,45.8311944386295 15.8071126421198,45.8313329616456 15.8067518744474,45.831486071295 15.8064163170845,45.8316203813991 15.8062468636816,45.8316783286796 15.806061134587,45.8317607475052 15.805888041804,45.8318360696436 15.8056304251285,45.8319392249645 15.8054123327374,45.832023245639 15.8051775469325,45.832115488367 15.8050807089783,45.8321361462573 15.804984854391,45.8321760350195 15.8048957503482,45.8322207264717 15.8047998941864,45.8322606159684 15.8045772085292,45.83236639198 15.8043614506393,45.8324626881269 15.8041762228479,45.832568691398 15.8040114863032,45.8326700583828 15.8038432531689,45.8327785463792 15.8037094322479,45.832858675418 15.8035857969679,45.8329412463322 15.8034897901694,45.8329930362647 15.8034214133639,45.8330140461949 15.803339474522,45.8330302116927 15.8032517142042,45.8330610811365 15.80310611353,45.8331365954797 15.8029601698653,45.8332064550468 15.8028236965533,45.8332753266527 15.8027009458548,45.8333621283275 15.8025646048101,45.8334408612565 15.8024069029947,45.8335236449465 15.8022922993234,45.833569952165 15.8021519616696,45.8336203653176 15.8020149039024,45.8336797107787 15.8018603359978,45.8337441912795 15.8017138307962,45.8338039429466 15.8015274993691,45.8338860744589 15.8013615815481,45.8339461829926 15.8012025915676,45.834005130632 15.8010211024635,45.8340636200893 15.8007035075255,45.8341819826456 15.8005335108846,45.8342495206916 15.8003269584382,45.8343246097476 15.8001064417324,45.8343912646191 15.7998569737651,45.8344491621453 15.7995609895027,45.8345001074201 15.7992460797742,45.8345518734443 15.7990390129493,45.8345971666865 15.7989028447288,45.8346157667633 15.7987642483781,45.8346346990958 15.7986110236595,45.8346456484857 15.7983777431149,45.8346772827267 15.7981384310779,45.8347146921012 15.7979329206399,45.8347310924657 15.7977383175703,45.8347439567304 15.7975083704039,45.8347583777588 15.7971490134705,45.8347584514863 15.7968178237751,45.8347516880506 15.7964803472016,45.8347471785166 15.7961894573018,45.8347525611389 15.795961725064,45.8347511581508 15.7957905264567,45.8347412329963 15.795597012271,45.8347267223407 15.7953693564465,45.834695714572 15.7951407459445,45.8346652007448 15.7949108417359,45.8346393978879 15.794714224323,45.8346192032932 15.7945475861141,45.8345998755001 15.7943570872382,45.8345729561263 15.7941966300498,45.8345513292322 15.794066480798,45.8345282859375 15.7939066895801,45.8344980913274 15.79375188784,45.8344739010562 15.7935564383369,45.8344507027808 15.7932950553264,45.8344173651334 15.7930321516026,45.8343955780125 15.7927949150761,45.8343844911231 15.7925720466866,45.834368936151 15.7923698212833,45.8343575801517 15.7922469815549,45.8343568193232 15.7920830279179,45.8343447730867 15.7918863789613,45.8343295618779 15.7916527333124,45.8343070891004 15.7914709229292,45.8342884959666 15.7912834359093,45.8342791369959 15.7911456583772,45.83428321949 15.7910347384875,45.8342806399424 15.790875782277,45.8342603907793 15.7906819182295,45.83423656667 15.7904825298478,45.8342226470359 15.7903407315429,45.8342148461256 15.7901066962687,45.8341926305051 15.7898891453518,45.8341716325968 15.7896100183303,45.8341554333595 15.7894051393445,45.8341395809453 15.7891470021683,45.8341304539116 15.788933904826,45.8341291279617 15.7887798452428,45.8341281691133 15.7886539103332,45.8341209390413 15.7885023911294,45.8341087167346 15.7883546178147,45.8340933637843 15.7881590819341,45.8340792391408 15.787993079315,45.834075883361 15.7878424942606,45.8340614912013 15.7877014631167,45.8340514324173 15.7875190318155,45.8340286063957 15.7873194966388,45.8340168272302 15.7871398655811,45.8340133366158 15.7869400990368,45.8340006348563 15.786765282626,45.8339897603082 15.7866130203865,45.833983968873 15.7865166815266,45.8339792840799 15.7864109370447,45.8339659312495 15.7862883712405,45.8339508644212 15.7861264963805,45.8339305616239 15.7859780863758,45.8339140507863 15.7858134123281,45.8339047939028 15.7856215879218,45.8339063310087 15.785429877731,45.8339215723483 15.7853044996651,45.8339207881804 15.7851225821852,45.8339110229347 15.7849422855081,45.8338911970636 15.7848015015988,45.833903513189 15.7846951268489,45.8339123707048 15.7846133705517,45.833913762817 15.7845208639415,45.8339036610882 15.7844253383526,45.83391639511 15.784357032721,45.8339312035023 15.7842861255758,45.833936473053 15.7842127133323,45.8339245858171 15.7841583466165,45.8339147227169 15.784079217448,45.8339237494499 15.7839974366972,45.8339270458292 15.7839021552211,45.833920735033 15.7837987018654,45.8339143729351 15.783717018837,45.8339100520818 15.783621615249,45.8339132627914 15.78354263262,45.8339108636052 15.7834582492393,45.8339046207736 15.7833766640351,45.8338926817463 15.7832896047801,45.8338826122855 15.7832079462958,45.8338763863611 15.7831180901921,45.833872013807 15.783039205474,45.8338619963427 15.7829630932437,45.8338481865007 15.7828705857698,45.8338380834299 15.7827916216512,45.83383425407 15.7826908493,45.833831241529 15.7826119022647,45.8338259841812 15.7825220707716,45.8338197064517 15.78241996119,45.833814779514 15.7823239624965,45.8338113197387 15.7822443114444,45.833807962576 15.782160535802,45.8338074362867 15.7820748277113,45.833798327269 15.7820095525683,45.8337893465856 15.7819298084257,45.8337931311727 15.781858275484,45.8337941095714 15.7817704500339,45.8337907007007 15.7816948475933,45.8337902254457 15.7816090477119,45.8337882580555 15.7815314026292,45.8337877698495 15.7814600154602,45.8337773215488 15.7813804748207,45.8337653939531 15.7813152549842,45.8337521284082 15.7812562195724,45.8337346160163 15.7811868396794,45.8337270370131 15.7811051632782,45.8337222383435 15.7810418390738,45.8337204110363 15.7809762882726,45.8337328547906 15.7809027114658,45.8337338197293 15.7808271827096,45.8337276306803 15.7807435740987,45.8337142490655 15.7806517358868,45.8337051003912 15.7805864979002,45.8336932622868 15.7805193632597,45.8336699848352 15.7804542910186,45.833645291461 15.7804077194975,45.8336121440404 15.7803612756094,45.8335689989081 15.7803125313967,45.8335458371603 15.7802575475479,45.8335312066128 15.7802228847706,45.8335252745778 15.7801860872847,45.8335264716385 15.7801410798517,45.8335304729056 15.7800695459302,45.833531451078 15.7799980869828,45.8335267150945 15.7799225954567,45.83351766884 15.7798307024337,45.8335128048725 15.7796224352309,45.8335000646302 15.7794039510858,45.8334872595742 15.7791567689403,45.8334814147091 15.7789750284003,45.8334716974763 15.7788466886297,45.8334587277329 15.7786528533579,45.8334360774126 15.7785064797792,45.8334303924299 15.7782546598129,45.8334145178305 15.7780643884457,45.8334145242095 15.7779028766,45.8334206461615 15.777727154821,45.8334195355062 15.7775432414707,45.8334198007574 15.777369599314,45.8334158458595 15.7771571725703,45.8334087884997 15.7768487112976,45.8334011229836 15.7765974618189,45.8333938188677 15.7764421544076,45.8333942643522 15.7762847475411,45.8333989811409 15.7760946112104,45.8334063471988 15.7759495009839,45.8334082845895 15.7758330349418,45.8334075465009 15.7757206912246,45.8334039775826 15.775600248551,45.8333946435234 15.7754390529384,45.8333764803907 15.7753328199583,45.8333743778121 15.7752487868106,45.833393842715 15.7752116741213,45.833419318881 15.7752010677136,45.8334492488911 15.7751964434449,45.8334906433155 15.775185875387,45.8335177167252 15.7751631947084,45.8335332850277 15.7751241505143,45.833550178386 15.7750791241729,45.83355560641 15.7749829224255,45.8335678522579 15.7748129955582,45.8335924854681 15.7745756037568,45.83361954696 15.774213348005,45.8336629559352 15.7739902765444,45.8336886792024 15.7737978176645,45.8337174525444 15.7736954291323,45.8337339427994 15.7736155929561,45.8337448626531 15.7735194835082,45.8337499653009 15.7734110585533,45.8337592752659 15.7733251103782,45.8337687271789 15.7732452926692,45.8337782189202 15.77315323252,45.8337862038573 15.7730590925069,45.8337970323297 15.7729301043083,45.8338162095062 15.7727888376764,45.8338367372621 15.7726556709727,45.8338630291889 15.7725409489484,45.8338851535809 15.7724324305192,45.8339016036765 15.7723280172217,45.8339166518418 15.7722441498027,45.8339232593511 15.7721459960003,45.8339283478224 15.7720396889148,45.8339319562934 15.7719496909192,45.833938524528 15.7718514452074,45.8339507547149 15.7717592355449,45.8339701649429 15.7716854347519,45.8339882635686 15.7716198257203,45.8340049863964 15.7715480687645,45.834023098862 15.7714763850263,45.8340354980659 15.7714007265131,45.8340393004541 15.7713230626087,45.8340402340612 15.7712372441671,45.8340396867345 15.7711309927666,45.8340390090027 15.7710226414883,45.8340426025876 15.7709265326047,45.8340477030578 15.7708159508013,45.8340655673225 15.7707401628932,45.8340793678433 15.7706398167683,45.834095868395 15.7705844804279,45.8341083704892 15.7705474198414,45.8341295606578 15.7705184590764,45.8341565153106 15.7704771451542,45.8341905336389 15.7704357378536,45.8342316939097 15.7704028396842,45.8342471969252 15.7703632650097,45.8342566637782 15.7701491954729,45.8343087280691 15.7698739074099,45.8343717201778 15.7696297409353,45.834434257312 15.7694114744256,45.8344961974089 15.7692037156973,45.8345684196409 15.7690323518888,45.8346332584885 15.7688951041559,45.8346926295894 15.768765804062,45.8347494059977 15.768611682698,45.8348103423833 15.7683783907466,45.8349129053352 15.7681858899372,45.834995300186 15.7679620113409,45.8350951152225 15.7678041980892,45.8351744663106 15.7675349639583,45.8353036479143 15.7671387585456,45.8354838471073 15.7668560969191,45.8356161370439 15.7666693150361,45.8357039854758 15.7665670779673,45.8357644566637 15.7664483722673,45.8358151645601 15.7663660435369,45.835859869444 15.7663383616095,45.835893021813 15.7663411404725,45.8359406530708 15.7663235495236,45.8359833936316 15.7662820877788,45.8360283608574 15.766199758612,45.8360730647173 15.7661322576854,45.8361084429309 15.7660350685612,45.8361648547048 15.7659319922408,45.8362332327032 15.7658118864461,45.8363015020847 15.7657294625646,45.8363533475469 15.7656367270365,45.8364122692272 15.7655441491898,45.8364592884925 15.7654723482729,45.8364802536942 15.7653936429134,45.8365083161123 15.7653420564446,45.8365460753472 15.7652873159619,45.8365647692739 15.7652357920365,45.8365977671618 15.7651872678462,45.8366617344734 15.765111496605,45.8367255265221 15.7649881095442,45.8367842505269 15.764878563867,45.836826398398 15.764779110251,45.8368781336043 15.7646829356132,45.8369394132266 15.7645832307321,45.8370101925469 15.7645042732722,45.8370572986299 15.7644323457392,45.8370877848624 15.7643502331148,45.8371158246243 15.7642780858095,45.8371629743963 15.7642332156422,45.8372079189233 15.7641816917884,45.8372409163331 15.7641266351479,45.8372834152677 15.7640782973895,45.8373330982011 15.7640266151112,45.8373779987706 15.7639716222931,45.8374157354407 15.7639030999194,45.8374462432732 15.7638380461599,45.8374720126119 15.7637763354842,45.8375025633549 15.7637110618154,45.8375449962548 15.7636423193469,45.8375921666629 15.7635734197341,45.8376512402666 15.7634839927636,45.8377173240619 15.7633912211907,45.8377786245248 15.763315730407,45.8378209904297 15.7632438955048,45.8378443339579 15.7631517204765,45.8378604046222 15.7630491403175,45.8378906923021 15.7629739319963,45.8379116330527 15.762901908229,45.8379492602468 15.7628640682488,45.8379775845329 15.762821567773,45.8380133461128 15.7626743029627,45.8381275629931 15.7622587096514,45.8384058305769 15.7619133247352,45.8386193314585 15.7613958239435,45.8389554654154 15.7610282278763,45.8391934014393 15.76064453501,45.8394614093343 15.7603684793854,45.8396484782217 15.7600508786809,45.8398593567285 15.7595999713244,45.8401521847438 15.7593705907874,45.8403071773343 15.7590828129361,45.8405046190884 15.7587345239103,45.8407529430916 15.7584152733934,45.8409603142211 15.7580672220766,45.8411896377153 15.7576489685976,45.8414670928063 15.7573567892905,45.8416699003304 15.7570563121464,45.8418690080919 15.7565868008076,45.8421816290393 15.7562679823969,45.8424026962592 15.7559916670477,45.8425829989612 15.7556864146583,45.8427714400626 15.755380344284,45.8429557080786 15.7551632570333,45.8430816802136 15.7548979707918,45.8432226241907 15.7546812350305,45.8433270323984 15.7544463652417,45.8434453874078 15.7542187868129,45.8435588073788 15.7540052600526,45.8436691351754 15.7538207810315,45.8437444182445 15.7536545738343,45.8438140536045 15.753366376449,45.8439276706586 15.7531293710206,45.8440212683356 15.7528392826364,45.8441214333146 15.7526164553495,45.8441962990043 15.7524389066068,45.844258151694 15.7522451459918,45.844338149378 15.7519869019517,45.8444183625603 15.7517413849106,45.8444974329881 15.7514848297228,45.8445756396617 15.7512735293663,45.8446386047183 15.7511201297058,45.8446774034835 15.7509655225536,45.8447027449491 15.7506176367485,45.8447928823133 15.750323985274,45.8448713739517 15.7499045878935,45.844951494044 15.7495726789152,45.8450107092096 15.7492374381859,45.8450692797635 15.7489268232637,45.845113337416 15.7485990974225,45.8451512620987 15.7481997379798,45.8452005845821 15.7477960420571,45.8452398426517 15.7474166119588,45.8452675537429 15.7471112145917,45.8452815968007 15.7468332572609,45.8452842818993 15.746426520188,45.8452697507683 15.7460407949851,45.8452696131288 15.7456755677937,45.8452649027047 15.7453826887162,45.8452443431371 15.7450340251721,45.8452272617499 15.7446971343673,45.8452250352894 15.7444279930189,45.8452163715595 15.7440939985865,45.8451958400274 15.7437425594264,45.8451590336105 15.7434703030261,45.8451231931108 15.7432916190757,45.8450907133592 15.7431247045726,45.8450572540359 15.7429218580595,45.8450291117038 15.7426581663409,45.8450105948069 15.7424895329022,45.8449887646591 15.7423553673222,45.8449598628122 15.7421405250387,45.8448981448244 15.7419337532633,45.844845893591 15.7417524438728,45.8448093962393 15.7414819855744,45.8447373409372 15.741261493263,45.8446866926076 15.7409654044031,45.8446006927767 15.7406588207914,45.8445183070777 15.7404199521633,45.8444451940807 15.7401134911484,45.8443284896924 15.7397090045824,45.8441885214054 15.7391974648942,45.8439841040052 15.7388799700378,45.8438656294206 15.7385298159626,45.8437415375561 15.7382184283593,45.8436277285549 15.7379100959495,45.8435173996773 15.7376228677588,45.8434195631162 15.7372959398716,45.843324646999 15.7369793238268,45.8432346522811 15.7366595441859,45.8431585967132 15.7363827210755,45.8430992539333 15.73602829294,45.8430187908984 15.735642375371,45.8429308979878 15.7352271180911,45.8428596703908 15.7347896779843,45.8427886499427 15.7344760117578,45.842751616264 15.7340489142049,45.8427171695122 15.7337805008803,45.8426982999307 15.7334745212859,45.8426843596081 15.7330723924157,45.842655210917 15.7327760217279,45.8426481671356 15.7325119176348,45.8426536781662 15.7323052075408,45.8426545461848 15.7321456568686,45.8426438193196 15.7320079603406,45.842625038424 15.7318702134752,45.8426098282967 15.7317014202465,45.8426229776308 15.7315070325474,45.842639525848 15.7313330327873,45.8426597812653 15.7311539714891,45.8426764319862 15.730923820878,45.8426927385609 15.7306987794467,45.8427090790716 15.7305248599444,45.842723382577 15.7303953005392,45.8427320324937 15.7302043018919,45.8427497917455 15.7300202469137,45.8427580740765 15.729829248066,45.8427758326999 15.7296144069192,45.8427934302532 15.7294304503244,45.8427945697521 15.7292124986455,45.8427907197358 15.7289771884134,45.8428105579557 15.7288102286204,45.8428141928963 15.7287250456117,45.8428159987788 15.7286430714144,45.8428321104509 15.7285779295461,45.8428626189987 15.7285231707587,45.8428812951729 15.7284414267653,45.8428807432154 15.7283699330422,45.8428778795742 15.7283009879857,45.8428631297593 15.7282194020256,45.8428511513578 15.7281187684185,45.8428371402651 15.7279554386353,45.8428246094293 15.7277511842939,45.8428156105894 15.7275387292754,45.8428084608023 15.727318151381,45.8427974459724 15.7270650883032,45.8427709756987 15.7268228182658,45.8427521955345 15.7266051770794,45.8427259630292 15.7263440723118,45.8426899133317 15.7261237604814,45.8426598530081 15.7259306958942,45.842629976852 15.725737605108,45.8426020041508 15.7256234019643,45.8425840891895 15.7255390653701,45.8425739950899 15.7254629308733,45.8425620516689 15.7253951544802,45.8425368326473 15.7253710279108,45.8425081007 15.7253605776855,45.8424756526504 15.7253392292373,45.8424431298128 15.7252988069488,45.8424104785492 15.7251874604381,45.8423830600248 15.724918474829,45.8423260028763 15.7245409219838,45.8422377359799 15.7242965916635,45.8421713221973 15.7240574740313,45.8421220843223 15.7238591487293,45.8420788376223 15.7236581263469,45.8420336664934 15.7234734515121,45.8419886070112 15.7232971897511,45.8419264624877 15.7231372516424,45.8418663335371 15.7229749320641,45.8417814294972 15.7228153394482,45.841696542874 15.7226475718169,45.8416116013091 15.722404096807,45.841484243692 15.7221417086839,45.8413453285423 15.7219766151987,45.8412642130099 15.7217708108196,45.8411713926055 15.7215918562569,45.8411073231402 15.7214020294256,45.8410412744483 15.7212148471776,45.8409809571438 15.7210194393631,45.8409243931723 15.72086447708,45.8408985770219 15.7207175826775,45.8408804342243 15.7205514821075,45.8408716827183 15.7203663348828,45.8408608970512 15.7201566388775,45.840851847497 15.7199387967542,45.8408408379844 15.7197209534351,45.8408298280481 15.7193642307659,45.8408121543655 15.719048298768,45.8408004729531 15.7187950623315,45.8407873144792 15.7185445498541,45.8407741740738 15.7182994877396,45.8407610704074 15.7180951093491,45.8407615759467 15.7180129327568,45.8407584986475 15.7178983090121,45.8407710463308 15.7178191053358,45.8407838363769 15.7177587613849,45.8408119916628 15.7177013827123,45.840823026183 15.7175869723344,45.8408203379383 15.7173553997888,45.8408168471159 15.7170774010999,45.8408206562546 15.7168784447279,45.8408231025289 15.7167665444572,45.8408356668432 15.7166052534703,45.8408726528978 15.7165368951159,45.8408893252318 15.7164740926182,45.8408984170856 15.7163977218049,45.8409036070341 15.7162641578143,45.840906500685 15.7161061250509,45.8409054165926 15.7159345292638,45.8409334176637 15.7157230846863,45.8410068813859 15.7154215544767,45.8410951090115 15.7151122575696,45.8411849084125 15.7147647282652,45.8412985757532 15.714380479136,45.8414248205977 15.7140298666656,45.8415420132793 15.713722607531,45.8416312155709 15.7134598399658,45.8417245294329 15.7132505526301,45.8418055256806 15.7131177140696,45.8418566998769 15.7129620401538,45.8419160289044 15.7128425483896,45.841970524966 15.7128093967007,45.8419920454405 15.7128048098371,45.8419928551446 15.7127851954568,45.8419967411791 15.71273596962,45.8419946807169 15.7126172555823,45.8420057003637 15.7124804799352,45.8420569042732 15.712215834386,45.8421346710196 15.7120184138386,45.842190940464 15.7117727766672,45.8422394644687 15.7116238152291,45.8422719180067 15.7115061817076,45.8423309703376 15.7114593788126,45.8423748172234 15.7114306109626,45.8423664728705 15.7114003401614,45.842339123534 15.7113681273622,45.8423046191386 15.7113341542247,45.8422501047121 15.7112868847133,45.8421240766235 15.7112362952835,45.8419437465549 15.7112090378805,45.8418478538329 15.7111909883988,45.841823446546 15.711150097165,45.8418245922104 15.7110496797944,45.8418438967589 15.7105944757209,45.8419493135094 15.7102500251437,45.8420269247229 15.7098727957464,45.8421100219087 15.7095446120983,45.8421934571589 15.7091917010046,45.8422910045205 15.7088800055781,45.8423645534899 15.7087796067161,45.8423824282007 15.7085766241236,45.8424281598099 15.7083346518354,45.8424850491745 15.7081705376495,45.842528192521 15.7079836999774,45.8425883200532 15.7078172774526,45.8426500167921 15.707616134558,45.8427100445411 15.7075194973853,45.8427507980397 15.7074246811767,45.8428072780496 15.7072453263888,45.8429160216328 15.7071399879622,45.8429938542384 15.7070569861203,45.8430818402444 15.7069986898504,45.843157142333 15.7068752955889,45.8433548365874 15.706766125187,45.8435583431263 15.7067265041521,45.8436137759515 15.7066133736936,45.8436644135527 15.7064737578358,45.8437091543295 15.7063957956649,45.8437300386993 15.7063158500997,45.8437466244313 15.7062502104804,45.8437633094896 15.7062069294211,45.843788720357 15.706194180138,45.8438229138412 15.7061763684526,45.8439256371661 15.7061360964505,45.8440267746688 15.7060709768725,45.8441505951101 15.7059933703614,45.8442900408978 15.7058953473198,45.8444279167684 15.7057915593403,45.8445400409408 15.705683825939,45.8446421382074 15.7055514869332,45.8447497779667 15.7054276067363,45.8448374794308 15.7052422929368,45.8449333230767 15.7051414217403,45.8449840444811 15.7050323947435,45.8450332810834 15.7049232312739,45.8450791604099 15.7050269386156,45.8451015966711 15.7051790570961,45.8452328358516 15.705220974991,45.8452632974369 15.7052665312985,45.8452406021482 15.7052849860393,45.8452364448019 15.7053115124784,45.8452394870353 15.7053380808956,45.8452396718173 15.7053789543938,45.8452399560783 15.7054631524097,45.8452119723263 15.7055987668027,45.8451614921989 15.7057162528162,45.8450923168982 15.7059101868335,45.8449651062829 15.7060569944924,45.8448461392988 15.7062120358142,45.8447229436185 15.7063425335967,45.8446010061164 15.7064939546607,45.8444449317178 15.7066347702643,45.8443159229859 15.7067054315908,45.8442335653022 15.7067510209693,45.8441896003772 15.7068085269979,45.8441700017314 15.7068578178476,45.8441532028689 15.7068889601586,45.8441191369851 15.7069083061696,45.8440521351276 15.7069339257301,45.843975178327 15.7069655752611,45.8439054059164 15.7070094661832,45.8438371455241 15.7070368646644,45.8437787709413 15.7070352884321,45.8437459059141 15.7070172401818,45.8437214979839 15.7070156030754,45.8436929182408 15.7070286765284,45.843635871309 15.7070631195307,45.8435132662973 15.7070952340491,45.8434106429823 15.7071312746224,45.8433194742533 15.7071855445414,45.8432398593541 15.7072516701739,45.8431888941689 15.7073138910377,45.8431250474323 15.7073719434434,45.8430668845216 15.7074482467397,45.843018847562 15.7075096965354,45.8430092752999 15.7075527330608,45.8430010023711 15.7075775198048,45.8429826052758 15.7076085596337,45.842955680125 15.7076783053576,45.8429375947884 15.7077665656558,45.8429110663679 15.707822066322,45.8428885964653 15.7078775479538,45.842867555273 15.7079327647606,45.8428650812184 15.7079655850874,45.8428567382132 15.7080149352388,45.8428356535516 15.7080785898087,45.8428146689113 15.7081461706934,45.8428051379003 15.7082095415079,45.8428041490904 15.7082422389024,45.8428043756694 15.7082849725398,45.8428175271048 15.7083338160529,45.8428321497266 15.7083827203592,45.8428424879408 15.708501126973,45.8428518787399 15.7085990382707,45.8428654122691 15.7086967053181,45.8428960859536 15.7087820096899,45.8429338155936 15.7088144439612,45.842952609187 15.7088429530242,45.8429599491382 15.708889975275,45.8429588458496 15.7089208524959,45.8429433474702 15.7089456590169,45.8429235213459 15.7089906382873,45.8429224038717 15.7090438323928,45.8429184873079 15.7091029352814,45.8429303237812 15.7091661848135,45.8429379032167 15.7092150893711,45.842948241076 15.7092699837301,45.8429686188512 15.7093006585201,45.8429674022608 15.7093395873173,45.8429605300017 15.7093866108488,45.8429594265175 15.7094478984146,45.8429612794442 15.7094866249055,45.8429686890277 15.709521305951,45.8429732146721 15.7095541046013,45.8429662990302 15.709587004373,45.842952242432 15.7096361719667,45.8429440120307 15.7097038134207,45.8429301957099 15.7097569670425,45.8429291353725 15.7098040903558,45.8429208907603 15.7098697077323,45.842905631474 15.70990649367,45.8429058858496 15.7099760566575,45.8429006531701 15.7100088956304,45.8428908817376 15.7100338432606,45.842861056968 15.7100729134055,45.8428441860515 15.7101017460057,45.8428286732175 15.7101143511767,45.842804476781 15.7101187819878,45.8427802238339 15.7101434869433,45.8427675392933 15.7101824168008,45.8427606658543 15.7102232076886,45.8427666614891 15.7102517370633,45.8427725723603 15.7102702108282,45.8427669863694 15.71028465675,45.8427570877291 15.7103627980079,45.8427233457174 15.7104861202711,45.8426742027903 15.7105377963728,45.8426331361401 15.7105689962021,45.842594783935 15.710598414372,45.8425378504108 15.7106622898478,45.842501152794 15.710740147758,45.8424874064361 15.7107873728319,45.8424720195743 15.7108265434476,45.8424480074463 15.7108695399508,45.8424425907297 15.7109042611866,45.8424442584939 15.7109347324353,45.8424573251523 15.7109567278102,45.8424917591113 15.7110014038367,45.8425120654912 15.7110769953912,45.8425140154167 15.7111527295401,45.8425059677912 15.7112263387072,45.8425036191235 15.7112773884247,45.8425068283629 15.7113181599809,45.8425207470393 15.7112409952485,45.8426212789854 15.7111188409365,45.8427575360236 15.7108562426226,45.8430096492771 15.7105551068143,45.8433151601305 15.7103331973021,45.8435311135206 15.7101529552477,45.8437185251944 15.7099359210233,45.8439833854742 15.7097404304394,45.8442308726961 15.7095771928947,45.8444705457593 15.7094012593787,45.8447752990229 15.7092853752991,45.845001209457 15.7090237081926,45.8454629780176 15.7088428597401,45.8458070199225 15.7086802227551,45.846072833834 15.7085074365362,45.8463777406066 15.7084605849589,45.8465304525231 15.7084070826344,45.8466519738723 15.7082937099213,45.8467673666976 15.7082250446948,45.8468049817538 15.7081673878032,45.8468350554263 15.7081367649119,45.8468805525889 15.708122436532,45.8469299723875 15.7080886827685,45.8470040162031 15.7080522318111,45.8470761364558 15.7080362393788,45.8471253152617 15.7080245686027,45.8472276044898 15.7080029824293,45.8473083991642 15.707947130042,45.8474032395877 15.7078605879181,45.8475002489693 15.7078052094796,45.8475617634502 15.7077295271925,45.8476136137339 15.7076366458789,45.8476772489321 15.7075779606517,45.8477315978293 15.7075257853342,45.8478074185674 15.7074770827086,45.8478785016742 15.7074556645338,45.8479473931685 15.7074125091157,45.848031482509 15.7072882364514,45.8482102168596 15.7071985255389,45.8483027146864 15.707160278409,45.848357205172 15.7071527550753,45.8484071480453 15.7071349457658,45.8484617803361 15.7070965969824,45.8485234126328 15.7070344712453,45.8485801182147 15.7069892076896,45.8486488441251 15.7069376045511,45.8486841968656 15.7068765349486,45.848710870176 15.7068714071251,45.8487669968217 15.7069939012807,45.8495302711828 15.7067366209307,45.8498612044625 15.7063512262301,45.850357571823 15.7060726186162,45.8508223000298 15.7056293732125,45.8513697210069 15.7049901582738,45.8516499653117 15.7045544384549,45.8518409968919 15.7033255942847,45.8518648648559 15.7032845013326,45.8518916935127 15.7030400932344,45.8520567156937 15.702807693808,45.852220726987 15.7026123284303,45.8523688720157 15.7024281723864,45.8525064711286 15.702244241418,45.8526302462369 15.7020303815094,45.8527530616103 15.7017976193819,45.852912491066 15.7015059951354,45.8531169373153 15.7013328396388,45.8532332118137 15.7011922909647,45.8533270087055 15.7010228246978,45.8534575746933 15.70082796178,45.8536005697579 15.7006338329383,45.8537572383327 15.7004693825393,45.8538811270479 15.7002135130752,45.8540540044782 15.6999985243666,45.8542205406117 15.6997998854404,45.8543706509005 15.6996317908484,45.8544975154761 15.6993467366381,45.8547096054096 15.6992035864147,45.8548338853803 15.6991132441931,45.8549039990627 15.6990307015457,45.8549568805856 15.6989228740193,45.8550067540424 15.6988069795326,45.8550696681732 15.6987650629084,45.8551078033731 15.6987259768167,45.8551722835574 15.6986979293443,45.855227319565 15.6986398756544,45.8552840490793 15.6985681953319,45.855340682987 15.6984828596837,45.8553991259164 15.6984003591372,45.8554499701511 15.6983149957758,45.8555103176146 15.6982516005086,45.8555593909314 15.6981909296727,45.8556084833309 15.698132710821,45.8556766396545 15.698071574388,45.855758105856 15.6980107389029,45.8558186252318 15.6979526565122,45.855877259045 15.6979044528613,45.8559180212686 15.6979058941758,45.8559667199066 15.6979120666869,45.8561777936085 15.6976484880199,45.856414169556 15.6974617793595,45.8565815094924 15.6972655313376,45.8568342162216 15.6970937213417,45.8570192268045 15.6968881705459,45.8572408490542 15.6967840805168,45.8573524102185 15.6967058675921,45.8574362552399 15.6961593381616,45.8579798786547 15.6958934326647,45.8583394836621 15.6955803510069,45.8585682333778 15.6950951426951,45.8589205004188 15.6946804575059,45.8591925747519 15.6943312605153,45.8594113730392 15.6941919150581,45.8595245448738 15.6941434248427,45.8595639618807 15.6939722890329,45.8597029698253 15.6934230463716,45.860123303212 15.6932067759792,45.8603375727643 15.6930762228062,45.8607112384337 15.6928786862156,45.860913807417 15.6925838734925,45.8610278306163 15.6920637548789,45.8611849310822 15.6917743059234,45.8612448903067 15.6915881120516,45.8612773359057 15.6913926715889,45.8613044232071 15.6910022004508,45.861358541222 15.6909075203089,45.8613721036908 15.6906844530205,45.8614143949381 15.6902617716522,45.8614912754786 15.6900526599304,45.8615293085114 15.6896263159516,45.8615904639208 15.6891921891095,45.8616527286382 15.6887033163702,45.8617322028764 15.6876309422315,45.8618602772205 15.6872565858634,45.861938820993 15.6870653708669,45.8619787718324 15.686992425559,45.8619935573379 15.68681602172,45.8620383838246 15.6864980052595,45.8621191922189 15.6859016273145,45.8622435605003 15.6852373705357,45.8624402129849 15.6845646162683,45.8627792492139 15.6842240847854,45.8629508637271 15.6839047946105,45.8631636979888 15.683464479938,45.8634902285447 15.6828206623558,45.863929451138 15.6826358985973,45.8640928844811 15.6824512619172,45.8643389469081 15.6823430062517,45.8645435813994 15.6822984906072,45.8646273624667 15.6818035750396,45.8652734119503 15.681719770065,45.8653724939722 15.6816671840154,45.8654346688557 15.6813288558978,45.8657535597005 15.6809148435438,45.8661926495966 15.6805785313061,45.8665068845311 15.6803531813107,45.8667174454837 15.6798692883897,45.8671326267373 15.679231440114,45.8678079877689 15.6788592372854,45.8682325292882 15.6784583740935,45.8685041659047 15.67803350811,45.8688627701905 15.6782724298706,45.8690358028561 15.6784217523186,45.868968860758 15.6786140120006,45.8688726340073 15.6788065527499,45.8687573640426 15.678985743398,45.8686229520183 15.6791303314601,45.8685240019101 15.6792853524215,45.8684108424214 15.6794060866033,45.8683117206236 15.6795681670303,45.868181945574 15.6797129279958,45.8680710926687 15.6798301842472,45.8679767062277 15.6799614183694,45.8678586142916 15.6800644142415,45.867806977665 15.6801434510704,45.8677623115543 15.680208893294,45.8677151670145 15.6802709627002,45.8676656183009 15.6803985788544,45.8675617831363 15.6804780348684,45.8674885515297 15.6805399638644,45.8674485241178 15.6805750970151,45.8674083441022 15.6805921243961,45.867362756979 15.6806585828097,45.8672927648498 15.6807744719692,45.867198368525 15.680848773419,45.8671512871319 15.6809748656779,45.8671045769334 15.6810847151712,45.8670501325797 15.6811801246911,45.8669806121687 15.6814534780428,45.8667146930036 15.6816971691866,45.8664614250203 15.6819661087897,45.8662146465843 15.6823242309015,45.8658802842014 15.6826567952531,45.8655847976718 15.6829860198547,45.8652955820992 15.6832342983804,45.8650676330338 15.6835024654079,45.8648546603531 15.6837016167337,45.8647142757209 15.6838054302642,45.8646743351893 15.6840101005077,45.8645910603198 15.6841891158382,45.8644768876357 15.6842928681077,45.8643996068007 15.6844301330292,45.8643355427274 15.6846350256658,45.864192243431 15.6847297741204,45.8640631655043 15.6848117897359,45.8639883708777 15.684947754962,45.8638544121293 15.6849846905589,45.8637945994082 15.6850474962765,45.8637501245298 15.6852280862144,45.8636306292866 15.6853953169017,45.8635642394159 15.6856027425919,45.8634714822557 15.6857523132474,45.8633852912111 15.6858919415652,45.8632925227603 15.6859381611072,45.8632490611471 15.6860108811601,45.863210926097 15.6862004796751,45.8631123685795 15.6862707371413,45.8630600945409 15.68640657273,45.8630033124881 15.6865965819168,45.862925951757 15.6867364225736,45.8628737354562 15.6868889386757,45.8628166387526 15.6870010958728,45.8627927691205 15.6871486671575,45.8627552990689 15.6873037003792,45.862711456509 15.6874387689791,45.8626851778069 15.687573357036,45.8626424563884 15.6876852945942,45.8625952458025 15.6878148158675,45.8625586165392 15.6879112528798,45.8625231178755 15.6879662523114,45.8624901787813 15.6880246590413,45.8624572647733 15.688096348697,45.8624482508304 15.6881746092369,45.8624559494155 15.688256450413,45.8624517691795 15.6883554670166,45.8624381884248 15.6885124730641,45.862420257756 15.6887239944004,45.8624027148491 15.6889557508784,45.8623995984299 15.6890614768594,45.8623932063101 15.6891502364459,45.8623819329114 15.6892902757171,45.8623591199874 15.6895020387549,45.8623249114676 15.6898060373521,45.8622746925141 15.6901579766041,45.8622081466565 15.6904517186512,45.8621602341311 15.6906706045474,45.8621046481394 15.6908483984266,45.8620630548882 15.6909646551068,45.8620353098094 15.691067041893,45.8620241305081 15.6911215569557,45.8620245164405 15.6911943589675,45.862014566349 15.6913350603289,45.8619852276366 15.6914831753865,45.8619455225557 15.6917222530127,45.8618941228725 15.6919238854028,45.8618357976411 15.6921484464393,45.8617619157537 15.6922714817634,45.8617084275222 15.6925221348024,45.8616057480432 15.6930293535506,45.8614127392007 15.6934419784805,45.8612313245415 15.6937274611844,45.8610745491098 15.6940014706,45.8609339638133 15.6942881929885,45.8607784347277 15.6946339140581,45.8605816560512 15.694823107864,45.8604301431495 15.6951640178983,45.860203787982 15.6954828401901,45.8599467248338 15.6959084656744,45.8596004227256 15.6963590599015,45.859190144158 15.696561504876,45.8589620864949 15.6968220012151,45.8586846170054 15.6970799118089,45.8584422970051 15.6972795524482,45.8582363630519 15.69733765098,45.8581776352391 15.6973558200285,45.8581672704271 15.6974474448381,45.858129728757 15.697581910686,45.8580676132004 15.6976733764456,45.858023827493 15.6977840150116,45.8579444537846 15.697865659556,45.8578503574282 15.6979198590537,45.8577557993232 15.6979951604804,45.8576426484932 15.6980834595949,45.8575381467306 15.6982291820082,45.8574108188844 15.6984234456371,45.8572614599234 15.6986142757194,45.857102822212 15.6987762866964,45.8569849387169 15.6989476251792,45.8568526355704 15.6991043377977,45.8567104732296 15.6992722490619,45.8565496537307 15.6994738769765,45.8563889613326 15.6997023705283,45.8562111591907 15.6999280197078,45.8560266845252 15.7001882940537,45.8558484281873 15.7004995346606,45.8556186936923 15.7009448157113,45.8553044823484 15.7013506309902,45.8550592808238 15.7015563344922,45.8549232521455 15.7019955760839,45.8546200366914 15.7024932845768,45.8542744678118 15.7029422549938,45.8539949342787 15.703331431337,45.8537503978158 15.7034804300409,45.8536248352321 15.7036277880165,45.8534927465363 15.7038198770619,45.8533204535981 15.7040220854898,45.8531730137456 15.7042497863318,45.8530147142461 15.7045294406444,45.8528231535348 15.7048057142541,45.852626983275 15.7051363971348,45.8524285265758 15.7053315377892,45.8522972404399 15.7057002542106,45.8520635642808 15.7059579000972,45.8518870706009 15.7061309280979,45.8517509091182 15.7063493561735,45.8515565115695 15.7065588795383,45.8513344452946 15.7068410582037,45.8510683145791 15.7070809968682,45.8508209269037 15.7072224510671,45.8506494735006 15.7073817971578,45.8504687574191 15.7075887939166,45.8502446831529 15.7079153679358,45.8498813581089 15.7082621519979,45.8494911298439 15.7085297365735,45.8491499195947 15.7088318433641,45.8487566195143 15.709120346869,45.8483865650263 15.7091683938955,45.8483227415992 15.7092255704493,45.8482835681191 15.7093485252517,45.8481993275779 15.7094461414145,45.8480524202178 15.7094823547841,45.8479390037871 15.7095368468027,45.8478525221665 15.7096802303365,45.8475999511376 15.709853363769,45.847370550116 15.7099595594825,45.8472349409162 15.7100293419723,45.8471471880934 15.7100979063721,45.8470450544443 15.7101388105409,45.8469425684835 15.7102410734456,45.8467634161314 15.7103667880994,45.8465545742866 15.7105246896569,45.8462759149537 15.7107391450199,45.8459048037997 15.7109718079821,45.8455402316668 15.7110235377827,45.8454352431176 15.711045592823,45.8453549801629 15.7110656042753,45.8453114406703 15.7111189788581,45.8452405322278 15.7112210537624,45.8451160444706 15.7112688761362,45.8449981447168 15.7112764625653,45.8449434411843 15.711287285808,45.8449006633333 15.7113289328454,45.8448461940038 15.7113943218027,45.8447990319672 15.7114714699077,45.8447435217997 15.7115699505884,45.8446645437582 15.7116387454483,45.8446174041823 15.7116976238886,45.8445487703176 15.7117223409136,45.844487042393 15.7118021001244,45.8443913581312 15.7118301149212,45.8443330397454 15.7118753353512,45.8442666924201 15.7119305043304,45.8442194586785 15.712009181065,45.8441961946139 15.7121016483205,45.8441611213497 15.7121838979039,45.8441259784607 15.7122253418779,45.8440857915868 15.7122566690419,45.844038394205 15.7123021239197,45.8439553823865 15.7123475450508,45.8438747520641 15.7123756001162,45.8438178086987 15.7124339057459,45.8437896422189 15.712498990249,45.8437639023791 15.7125469762338,45.8437428072612 15.712574829516,45.8437001466452 15.7125754340522,45.8436572982407 15.7125811382549,45.8436122525973 15.7126247853146,45.8435344919666 15.7126370801566,45.8434975484693 15.7126491387971,45.8434796285351 15.712718572284,45.8434225500043 15.7128302769304,45.8433173979597 15.7129118098023,45.8432481457044 15.7130310995245,45.8431482725999 15.7131749853868,45.8430396185201 15.7133671727699,45.8429492089545 15.7135444344526,45.8428698501485 15.7137656569751,45.8427876838934 15.7139561382084,45.842720477118 15.7142959630726,45.8426149113945 15.7147632496487,45.842491717376 15.7152041390633,45.8423784474987 15.7154786183284,45.8423243401912 15.7158856138912,45.8422341602589 15.7164285924702,45.8421593621536 15.7168709912539,45.8421048076009 15.7172535806701,45.8420839914184 15.7174776298572,45.8420638716734 15.7177979372306,45.8420422716886 15.7180368064596,45.8420210654757 15.7182865567095,45.8420180568118 15.7185438453182,45.8419985447907 15.718790043956,45.8419980778414 15.7191289111897,45.8420209085638 15.7193953453384,45.8420423535605 15.7196575861636,45.842048728379 15.7198640416033,45.8420769870687 15.7200931126782,45.8421237078168 15.7203588756055,45.8421422072645 15.7205836092444,45.8421876044317 15.720819316228,45.8422673733474 15.7211435150048,45.8423509698682 15.7215074874143,45.8424696053141 15.7219505807254,45.8426119084374 15.7222784402074,45.8427470991139 15.7224637966087,45.8428456469715 15.7226548059997,45.8429254849284 15.7229114879126,45.8430345301613 15.723037773604,45.8430694649697 15.7232309889907,45.8431374388122 15.7233970556747,45.8431980852614 15.7235666283098,45.8432516127475 15.7237124251173,45.8433002176536 15.7238107691507,45.8433318349906 15.7238816342292,45.8433799306325 15.7239218776245,45.8434254373977 15.7239622203898,45.8434638022786 15.7240266042436,45.8434880462274 15.7240980310105,45.8434956738278 15.7241730969691,45.8434866610559 15.7242548748567,45.8434848354489 15.7243193250366,45.8435043179864 15.7243864617563,45.8435340196598 15.7245808485551,45.8436021458304 15.7247799623325,45.8436433711831 15.7249147386635,45.8436442855165 15.7249918009872,45.8436519993751 15.7251688681276,45.8436778023491 15.7254380216811,45.8437315011093 15.7256457349311,45.8437649667584 15.7258801338971,45.8438017360054 15.7261228197977,45.8438458896991 15.7263996366748,45.8438707035026 15.7268049844769,45.8439025347434 15.7271984765715,45.8439220948864 15.7275505450212,45.8439392483331 15.7279106392507,45.8439342822682 15.7282714616752,45.8439272063768 15.7287795141513,45.8439211690827 15.7292477549565,45.8439195857888 15.7295365540576,45.8439190726063 15.7297817378261,45.8439056172286 15.7300391230276,45.8438863481132 15.730311940874,45.8438791100116 15.7305897661975,45.8438786417161 15.7309459038388,45.8438786908704 15.731331724693,45.8438883855164 15.7317119255929,45.8438933369618 15.7320630362388,45.8438980349455 15.7323518034728,45.8439119965742 15.7329043485462,45.8439109106644 15.7335109279481,45.8439266957417 15.7341393311581,45.8439588147253 15.734568895686,45.8440053006662 15.735032056656,45.8440705069321 15.7354858229087,45.844162401055 15.7360769534591,45.8442746140433 15.7365942069684,45.8444013002298 15.7368640949233,45.8444738113965 15.7371500243475,45.844566744511 15.7376539296608,45.8447223442416 15.7381733316092,45.8449233765472 15.738841764062,45.8451708667036 15.7389265933432,45.8451952384422 15.7390251117832,45.8452149404931 15.739099755846,45.8452368643217 15.7391708949602,45.8452659064051 15.7392859911984,45.8453190477781 15.7393400025919,45.8453551182651 15.7394076720049,45.8453888987962 15.7394789736842,45.845406037533 15.7395672424105,45.8454280517401 15.7396452284973,45.8454547582478 15.739712832066,45.8454932998536 15.739760032435,45.8455293239206 15.7399648058554,45.8456123485408 15.7402423942793,45.8457018774872 15.7403992579564,45.8457493991205 15.7406581070496,45.8458252021337 15.7409306010253,45.8459058847943 15.7412012265592,45.8459831423881 15.7414666576051,45.8460510349229 15.7416829500451,45.846102190345 15.7419557032893,45.8461561268903 15.7422741064867,45.8462097068747 15.7426071762161,45.8462575984348 15.7429947061664,45.8463154029272 15.743367494199,45.846361772919 15.7437146396917,45.8463959714597 15.7440758488091,45.846420018768 15.7444510383082,45.8464489892568 15.7449114262573,45.8464688497215 15.7453599795107,45.8464932020064 15.7457772505321,45.8465129793596 15.7462909048217,45.8465163687647 15.7467284000224,45.8465144390235 15.7471870713114,45.846505414609 15.7476603054811,45.8464892274283 15.7480604968171,45.8464675601866 15.7484040966042,45.846440448084 15.7487490925383,45.8464038063443 15.7490763592571,45.8463646608026 15.7494513052071,45.8463109080914 15.749741354781,45.8462598485817 15.7500728504968,45.8462060586624 15.7503272467034,45.8461503042931 15.7505858812033,45.8460895383258 15.75087102475,45.8460228260984 15.7511468957083,45.8459613422588 15.7515720504831,45.8458733254723 15.7519171446494,45.8457930160515 15.7522553244033,45.8457084475174 15.7525869167292,45.8456014498916 15.7529286552826,45.8454836193727 15.7532993020177,45.8453559395805 15.7535539176363,45.845272660246 15.7538897418127,45.8451445836793 15.7542050033067,45.8450151688897 15.7545527863334,45.8448619355843 15.7549088707326,45.8447105045438 15.7552732048123,45.8445393721456 15.7556205228797,45.8443776007293 15.7556740403421,45.8443342366141 15.7557169677376,45.8442826171916 15.7557747744083,45.8442391891891 15.7558624032018,45.8442073818287 15.7559472811938,45.8441774613461 15.7560322606311,45.8441399238287 15.7561283162861,45.8440891261516 15.7561889238937,45.8440400015993 15.7562222314844,45.8439945090254 15.7562637897622,45.843943356472 15.7562997971489,45.843899786306 15.7563521270146,45.8438582263196 15.7564482592954,45.8438017151957 15.7565388393391,45.8437527854965 15.7566210670771,45.8437171344924 15.756681521666,45.8436794360292 15.7567502268084,45.8436360784279 15.7568270544013,45.8435965824315 15.756920384408,45.8435457663562 15.757005539702,45.8434948970476 15.7570797696891,45.8434458605982 15.7571431263714,45.8433948494507 15.7572009563626,45.8433495160141 15.7572777325619,45.8433138281954 15.7573490607051,45.8432781049149 15.7574230113799,45.8432500171664 15.7574806129727,45.8432218231275 15.7575218655075,45.8431935228231 15.7575851708394,45.8431463199115 15.7576759261213,45.8430840591361 15.7577776822358,45.843014251215 15.7578574360778,45.8429595373635 15.7579206129629,45.8429218568218 15.7579890883615,45.8428956371041 15.7580465374073,45.8428788691381 15.7581067876076,45.8428564056559 15.758183538525,45.84282262192 15.7582603146625,45.8427869334379 15.7583097662181,45.8427567821131 15.7583457699631,45.8427132103708 15.7583736258109,45.8426676817734 15.7584316817741,45.8426052081492 15.7584814366995,45.8425522031165 15.7585420405537,45.8425030781795 15.7586023913414,45.8424729965534 15.7586545929591,45.8424409580636 15.7587150688043,45.8424013537965 15.7587646462361,45.8423616796971 15.7588114996639,45.8423219879058 15.7588800497607,45.8422900553605 15.7589731721648,45.8422544724204 15.7590607454661,45.8422264719549 15.7591456692994,45.8421927405676 15.7592389430224,45.8421457310399 15.7593350189004,45.842093025924 15.7594119196418,45.8420478149784 15.7594644981158,45.8419872101791 15.7595034795975,45.8419246123785 15.7595394326211,45.8418848496428 15.7595808094468,45.8418470260011 15.7596303605055,45.8418092562104 15.7596907844487,45.8417734608039 15.7597538842729,45.8417414924186 15.759819884715,45.8416962105772 15.7599022588625,45.8416491298966 15.7599984594984,45.8415869025329 15.7600726338341,45.8415416725819 15.7601331329239,45.84150016465 15.7601961564743,45.8414739083019 15.7602644775891,45.8414591144688 15.760330199682,45.841434780376 15.7603743512811,45.841393165589 15.7604214790306,45.8413325250597 15.7604684805207,45.8412814061876 15.7605374320752,45.8412190019988 15.7606119586609,45.8411471104497 15.7607359085572,45.8410469711445 15.7608268095175,45.8409732814347 15.760901133669,45.8409166245567 15.7609807553862,45.8408714301476 15.7610712258535,45.8408301155604 15.7611645221819,45.8407811997381 15.76124416999,45.8407341004543 15.7613129422891,45.8406850268466 15.7614475371908,45.840604000572 15.7615686597672,45.8405114597164 15.7616512574134,45.8404472381783 15.7617308022908,45.8404077564243 15.7618213470097,45.8403607280425 15.7618736203692,45.8403229739576 15.7619478166809,45.8402758389631 15.762054759514,45.8402251065973 15.7622469482226,45.8401158829377 15.7623513428249,45.8400518016249 15.7623956679685,45.839996855853 15.7624206933735,45.8399589265145 15.7624536663176,45.8399381886054 15.7625084613732,45.8399156875794 15.7625689078631,45.8398779868266 15.7626214821531,45.8398173796268 15.762682052945,45.8397701571187 15.7627477984476,45.8397439169209 15.7628354652533,45.8397082956178 15.7629147567679,45.8396878572942 15.76297777696,45.8396616002828 15.763038097148,45.8396334209626 15.7631150216476,45.8395858268115 15.7631972655127,45.839548265397 15.7632793822994,45.8395202265009 15.763364967872,45.8394874482103 15.7634472101263,45.8394498875048 15.7635192969999,45.8394074995841 15.7635641381208,45.8393649360158 15.7636364773098,45.8393035037518 15.763725939342,45.8392350401308 15.7637914347546,45.8391759445166 15.7638568358545,45.8391239899052 15.7639323907903,45.8390768623663 15.7639977602419,45.8390272892188 15.7640800641652,45.8389849667535 15.764138370335,45.8389543930283 15.7641969915091,45.8389000146064 15.7642694222423,45.8388314399781 15.7643316360992,45.8387628004219 15.7643905078467,45.8386893776155 15.7644836549625,45.8385995103722 15.7646142348621,45.8385122648265 15.7647205975782,45.8384534316893 15.764813149372,45.8384087937881 15.7648713291346,45.8383877422717 15.7649193549488,45.8383618628027 15.7649606628056,45.8383287993473 15.7650121245373,45.8383005619923 15.7650805533532,45.8382771945467 15.7651519534883,45.8382444208479 15.7656470753873,45.8379468872628 15.7659978604919,45.8377399161627 15.7661647105821,45.8376230305257 15.7663154268355,45.8375303876222 15.7665654648721,45.8374000779527 15.7668165482714,45.8372661446796 15.7671172854387,45.8370958196265 15.7674327869598,45.8369069771354 15.7676947944927,45.8367796651476 15.767994006489,45.8366287455167 15.7683568309738,45.8364490962715 15.7687780415622,45.8362667737355 15.7690584457724,45.8361458568892 15.7693553754913,45.8360094390282 15.7696558017209,45.8358919761738 15.7699362305713,45.8357892610242 15.770361932178,45.8356461661825 15.7705380794294,45.8355973101096 15.770633110675,45.8355709526899 15.7709755308489,45.8354695790633 15.7713233616936,45.8353636454745 15.7717713702349,45.8352444880405 15.7721981622048,45.8351333908165 15.7725458430099,45.8350647129531 15.7729781808398,45.8349903290628 15.7733686256002,45.8349317600186 15.7738080660913,45.8348700044535 15.774082433704,45.8348512173275 15.7744205166927,45.8348263124716 15.7746815473274,45.8347927204068 15.774832383336,45.8347504211804 15.7750050073044,45.8346889603536 15.7751242232564,45.8346482353945 15.7751892614067,45.8346373888788 15.7752453492407,45.8346497559894 15.7753813108417,45.8347052132279 15.7755084674139,45.8347217317393 15.7757072028977,45.834719548185 15.7760631418876,45.834695760323 15.7764179429014,45.8346956907751 15.7767558892985,45.8346908147237 15.7771026454404,45.8347022463627 15.7774846974374,45.8347189776742 15.7779174953002,45.8347313215995 15.7783438193595,45.8347411125763 15.7787919227901,45.8347604368682 15.7791849416611,45.8347793633241 15.7795440569806,45.8348051101354 15.7798548236946,45.8348285742585 15.780100035761,45.8348446169425 15.780389570569,45.8348607366992 15.7807590104162,45.834884403208 15.7812943141933,45.8349185840533 15.7815538299318,45.8349386042893 15.781811512736,45.8349683373717 15.7819979157802,45.8349870710129 15.7821753864584,45.8349981188937 15.7824014940181,45.8350117061518 15.7827320587743,45.835023414023 15.783088896234,45.8350375370658 15.7834557209189,45.8350517144275 15.7838278515977,45.835068116663 15.7841177771175,45.8350883729632 15.7843298112542,45.8351088497181 15.7845422283097,45.8351223604845 15.7847276126999,45.8351353120241 15.7849737517292,45.8351533664835 15.7852875984428,45.8351792006546 15.7856633224332,45.8352050204184 15.7858892410195,45.8352303931704 15.7862066431596,45.8352496461601 15.7865278401421,45.8352659931395 15.7868771802108,45.8352847805432 15.7872476221504,45.8353061108565 15.787625964214,45.8353275441105 15.7880228805134,45.8353491656353 15.7883315292682,45.8353630808943 15.7886694651947,45.8353772433357 15.7889818620409,45.8353839368429 15.7891538800187,45.8353919481412 15.7893738167281,45.8354026389641 15.7896178728243,45.8354203087454 15.789864733771,45.8354428543163 15.7900667830431,45.8354629650324 15.7901790549654,45.8354745014527 15.7903251317025,45.8354780272272 15.7905225358643,45.8354839329577 15.7907102362162,45.8354920068952 15.7908298916111,45.8354997257011 15.7909657658383,45.8355076970923 15.791246281725,45.8355261897981 15.7914660696897,45.8355373138689 15.791701451214,45.835545930183 15.7919263038828,45.83555671315 15.7921650898619,45.8355696326177 15.7924253419902,45.8355959807512 15.7927803838039,45.8356455340133 15.793230609322,45.835696069987 15.7937418433457,45.8357636625515 15.7941942254825,45.8358113539154 15.7946275661113,45.835877060352 15.7949687288102,45.8359298503597 15.7951769815138,45.8359558461608 15.7953922477774,45.8359797757196 15.7956665901432,45.8359968203223 15.7959373124167,45.8359984888048 15.7962667950107,45.8360098278166 15.7964995552535,45.8360208376406 15.7967257044729,45.8360270212047 15.7969462816052,45.8360357245461 15.7971541175547,45.8360344990627 15.7973713992734,45.8360309369398 15.7975885455469,45.8360224841001 15.7978113658363,45.8360116929654 15.7980565517616,45.8359958272016 15.7983050179159,45.8359700968385 15.7985779679613,45.8359375797407 15.7988433244047,45.8358997093183 15.7991668883808,45.8358434553447 15.7996220445505,45.8357620769305 15.8000466706943,45.8356765937857 15.800495065937,45.8355646135293 15.8007306750243,45.8355004041421 15.8010248520639,45.8354338549878 15.80132451664,45.8353579942875 15.8016736631618,45.8352658079673 15.8020652312785,45.8351281981524 15.8023201885581,45.8350253073193 15.8027243579424,45.8348667845268 15.8030904075874,45.8347075194211 15.8035450174921,45.8344891799285 15.8038648234228,45.8343215782108 15.8041999864113,45.8341572966684 15.8044410411302,45.8340325954355 15.8045978638827,45.8339483333345 15.8049453538419,45.8337718631461 15.8053021358285,45.8336047621442 15.8056103414784,45.8334466722785 15.8059871690717,45.8332834916735 15.8063484925236,45.8331423928892 15.8067749598955,45.8329751182327 15.807191180766,45.8328053900027 15.8076599252813,45.8326135664849 15.8080742837903,45.8324684186783 15.8084879758794,45.8323410488363 15.8088468404213,45.8322242441494 15.8091888107038,45.832119389817 15.8094971076321,45.8320031537426 15.8095906446567,45.8319483547205 15.809689989512,45.8319013406251 15.8097994332966,45.831863910854 15.8099088475228,45.8318288607513 15.8100593027178,45.8317797750582 15.8102064108871,45.8317259063572 15.8103499661575,45.8316839202811 15.8105173002675,45.8316468392193 15.8106469989225,45.8316238141687 15.8107767856096,45.8315936487459 15.8108827343516,45.831563338509 15.8109546884658,45.8315280614711 15.8110575838769,45.8314691642355 15.8111466818373,45.8314244679373 15.8112594986463,45.8313894379522 15.8113859082614,45.8313568697283 15.81150192618,45.8313385229597 15.8116451566767,45.8313227208689 15.8117679256095,45.8313091762048 15.8118873195394,45.8312932302316 15.8120169882885,45.8312703258165 15.8122872385546,45.8312688862293 15.8124372284913,45.8312572907699 15.8126418428105,45.8312347142346 15.812785182595,45.8312099845268 15.8129571314299,45.8312128037659 15.8131740763761,45.8312260114003 15.8133059984339,45.8312297808299 15.8134763018362,45.8312278276948 15.8136041126472,45.8312196678182 15.8137366198904,45.8311758259259 15.8138349994643,45.8311377301691 15.813933633551,45.83107880475 15.814037147763,45.8309693185865 15.8141062771336,45.83088640916 15.8141795907789,45.8308094760363 15.8142863736281,45.8307803580726 15.8145772756092,45.8307367188427 15.8147549242602,45.8307319528212 15.81490502182,45.8307114261216 15.8150584956048,45.8306933003159 15.8152357470742,45.8306800785109 15.8153791500024,45.8306499885582 15.8155431318713,45.8306081183406 15.8156731178476,45.8305612825802 15.815847546576,45.8305004294747 15.8160082387877,45.8304490154823 15.8161826681028,45.8303881609679 15.8163706303722,45.8303345297132 15.8165652854784,45.8302904606908 15.8167291780245,45.8302557307916 15.8169201662713,45.830233065108 15.8171112417008,45.8302032579688 15.8172749868436,45.8301804297673 15.8173944919637,45.8301549561918 15.8175140273609,45.8301271018198 15.8176437183981,45.8301040687769 15.8177711769704,45.8300981408196 15.8178733646763,45.8300963700666 15.8179574427446,45.8300702318037 15.8180378069826,45.8300164071756 15.8180948166034,45.8299758230355 15.8181976144726,45.8299240613322 15.8182796898808,45.8298959826248 15.8183686924279,45.8298584217732 15.8184778068723,45.8298471692915 15.8185866307781,45.829859721698 15.818671849963,45.8298530882295 15.81876902769,45.8298326439885 15.8189873707473,45.8297471398243</coordinates></LinearRing></outerBoundaryIs></Polygon></MultiGeometry>
  </Placemark>
  <Placemark>
	<Style><LineStyle><color>ff0000ff</color></LineStyle><PolyStyle><fill>0</fill></PolyStyle></Style>
	<ExtendedData><SchemaData schemaUrl="#ju_maksimir_natura_poligoni">
		<SimpleData name="ogc_fid">1238</SimpleData>
		<SimpleData name="sitecode">HR2000589</SimpleData>
		<SimpleData name="sitename">Stupnički lug</SimpleData>
		<SimpleData name="ms">HR</SimpleData>
		<SimpleData name="sitetype">Ekološka mreža NATURA 2000 - Područje očuvanja značajno za vrste i stanišne tipove</SimpleData>
		<SimpleData name="shape_leng">17458.400004300001456</SimpleData>
		<SimpleData name="shape_area">760.867752368999959</SimpleData>
		<SimpleData name="url">https://interni.bioportal.hr/ekomreza/natura/report/site?site-code=HR2000589</SimpleData>
	</SchemaData></ExtendedData>
      <MultiGeometry><Polygon><outerBoundaryIs><LinearRing><coordinates>15.8193188378506,45.7540157678052 15.8193707366514,45.7539989357114 15.8194065887943,45.7539591529606 15.8194232604742,45.753930683467 15.8194237003289,45.7538944986331 15.8193995847744,45.7538638812847 15.8193863761748,45.7538314249191 15.8193868855054,45.7537895267374 15.8194257838226,45.7537230982061 15.8196675266563,45.7535321740711 15.8199619278845,45.7532615701967 15.8201814178758,45.7531105088395 15.8203161784753,45.7529913216142 15.8204617964122,45.7528741036924 15.8205387558368,45.7528098051322 15.8206043706183,45.7527835305073 15.8206640133677,45.7528010264456 15.8206707082096,45.7528351850618 15.8207003107481,45.7528620258964 15.8207436538865,45.752877519992 15.8207953419991,45.7528778272819 15.8208310088861,45.7528532793748 15.8208695108511,45.7528192256717 15.8208943646647,45.7527888997067 15.8209435653386,45.75277014687 15.8209899514238,45.7527589950344 15.8210470350352,45.7527631431515 15.8210849594884,45.7527767009289 15.8211474618234,45.7527827860828 15.821223566084,45.7527889520138 15.8212888111495,45.7527931484979 15.8213408236468,45.7527667935443 15.8214340110918,45.7527102094244 15.8215273381098,45.7526421976323 15.8215330555308,45.7526193765352 15.8215196844293,45.7526002518567 15.8214655987985,45.7525732658311 15.8213923310944,45.7525575942717 15.8213599395225,45.7525364517107 15.8213577264711,45.7524945373405 15.8213690703766,45.7524565123718 15.8214102695347,45.7524243793926 15.8214760911594,45.7523809651061 15.8215474916164,45.752326155485 15.8215942938493,45.7522807232982 15.8215948245679,45.7522369212352 15.8216067712287,45.752163981981 15.8215858850037,45.752091483932 15.8215974363303,45.7520363197807 15.8216200992451,45.7519621745284 15.8216699206099,45.7518920011942 15.8217605251184,45.7518239730383 15.8218288359416,45.7517996194985 15.8219106330688,45.7517848676999 15.8219677618815,45.7517852067507 15.8220606946871,45.7517495716646 15.8220854090305,45.751730672134 15.822082964879,45.7517078025784 15.8220752417383,45.7516715692848 15.8220757028953,45.7516334805655 15.8221168549302,45.7516051559232 15.8221766352377,45.7516112243651 15.8222117704873,45.751630478087 15.8222578557019,45.7516440838909 15.8222933828572,45.7516309622202 15.8222965416501,45.7515947943892 15.8222781437815,45.7515413564983 15.8222733718861,45.7514860945452 15.822274178672,45.7514194390566 15.822293935196,45.7513605137253 15.8223406438119,45.7513226993218 15.8223438243324,45.7512846258288 15.8223442392071,45.7512503457073 15.8223501418153,45.7512122892591 15.8223859221888,45.7511782188933 15.8224079614399,45.7511554945495 15.8224084684622,45.7511135963218 15.8224143927758,45.7510736351101 15.8224365254437,45.7510432926626 15.8224506800094,45.7509976664938 15.8224755551982,45.7509654354145 15.822513939638,45.7509409039897 15.8225226077079,45.7508990541532 15.8225340887279,45.7508496032433 15.8225864213966,45.7507965847803 15.8226492890201,45.7507721975723 15.8226849076686,45.7507514585681 15.8227314760253,45.7507250697981 15.822742795578,45.7506889503253 15.8227431641344,45.7506584788006 15.8227789669492,45.7506225035536 15.8228226544224,45.7506094300862 15.8228825245754,45.7506078809399 15.8229935076933,45.7506542487527 15.8230555691379,45.7506965177266 15.8230935170026,45.750708170093 15.8231289039549,45.7507064748584 15.8231668978786,45.750714318597 15.8232182630513,45.7507412868113 15.8232452357123,45.7507604927655 15.8232450515756,45.7507757280793 15.8232366602795,45.7507947245542 15.823249779632,45.7508347986148 15.8232820098285,45.7508692721065 15.8233467695287,45.7509134608906 15.8234174529008,45.7509176892692 15.8234720454118,45.7509027752443 15.8234777618555,45.7508799540375 15.8234971500556,45.7508515000205 15.8235435340503,45.7508403471326 15.8235870604735,45.750840604836 15.8236496056562,45.7508428800011 15.8237121751349,45.7508432503878 15.8237584670767,45.7508397155198 15.823785786256,45.7508303536767 15.8238105915983,45.7508038365566 15.8238139090754,45.7507543363018 15.8238197876279,45.7507181845203 15.823858240314,45.7506879383828 15.8239155059986,45.7506768497415 15.824074115326,45.7506092230395 15.8241780876409,45.750560318219 15.8243011703652,45.750505813463 15.8244213712323,45.7504646230503 15.824527788066,45.7504385883229 15.8245876120706,45.7504408459868 15.82465255607,45.7504697987182 15.8247120368767,45.7505006240101 15.8247528422591,45.7505008651864 15.824807456971,45.7504840466654 15.8248811132944,45.7504673406388 15.8249086604214,45.7504389345921 15.8249091885134,45.7503951324848 15.8249095558871,45.750364660945 15.8249369435235,45.750349585466 15.824978905279,45.750341000904 15.8251322399974,45.7503157188031 15.8252687460109,45.7502760527006 15.8253743891709,45.7502576303678 15.8256501403561,45.7502330703491 15.8257896152248,45.7502291317262 15.8258848282008,45.7502296935528 15.8259598665481,45.7502110900963 15.8260115040471,45.7501590188522 15.8261197824648,45.7499215834246 15.8261583613424,45.7498242009648 15.8261998823799,45.7497649273094 15.82627258043,45.7496582224816 15.8263317903308,45.7495419154325 15.8264146883486,45.7494352706531 15.8264843858147,45.7492952182951 15.8265747428015,45.749133860595 15.8266176569488,45.7490717381095 15.8266370429229,45.7490432835382 15.8266454557031,45.7490223820462 15.8266321511219,45.7489975436809 15.8266051781215,45.7489783394184 15.8265590927318,45.7489647353606 15.8265240734495,45.7489359601073 15.8265271593514,45.7489055045797 15.8265275945389,45.7488693196608 15.8265253102926,45.7488331196112 15.8264768034031,45.748794741293 15.8263687479202,45.7487312528124 15.8262554345889,45.7486524968131 15.8262370351545,45.7485990595241 15.8262510256006,45.7485667634197 15.8263030776595,45.748536597545 15.8263685472866,45.7485217462689 15.8264913943455,45.7484862839339 15.8265869708086,45.7484563735986 15.8266797794035,45.7484302557489 15.8267807957485,45.7484003782101 15.8268929223712,45.7483515189508 15.8271060176928,45.7482765903512 15.8272262587683,45.7482315883324 15.8274396475015,45.7481736752643 15.8275623787896,45.7481477337389 15.8276849041854,45.7481389321699 15.8278372388077,45.7481398284928 15.8279269383541,45.7481460699483 15.8279922471219,45.7481445492168 15.8280359086047,45.7481333784869 15.8281043721756,45.7480956896573 15.8281838071593,45.7480504466455 15.828295794808,45.7480130127232 15.8284568366561,45.7479682492772 15.8287242426794,45.7479012555265 15.8288745635654,45.747843096077 15.8289210124817,45.7478262276153 15.8289186354408,45.7477976448185 15.8288594975107,45.7477382548814 15.8287011949038,45.7475544843081 15.8285615013829,45.7474070094681 15.8283732560597,45.7472249664441 15.8281228820697,45.7470063711619 15.8278481198438,45.7467800131878 15.8277188988058,45.7466668815159 15.8276903476818,45.7466284591569 15.8276431170748,45.7465972314895 15.8275921418141,45.7465945506045 15.8275067646396,45.7466249978217 15.8273735551656,45.7466742095751 15.8271925144292,45.7467421848032 15.8270560183952,45.7467818532847 15.8269879575444,45.7467862141533 15.826937382693,45.7467502056214 15.8268430067397,45.7466806074876 15.8266948563944,45.7465583173727 15.8265130187332,45.7464096396316 15.8263514412997,45.7462729845927 15.8261022901551,45.7460667715852 15.8258563692993,45.7458748606096 15.8257585384494,45.7458100038564 15.8257016550488,45.7457968315132 15.8255343001227,45.7458577431345 15.8254521799937,45.745900111583 15.8253805476595,45.7459187348301 15.825275142153,45.7459181123873 15.8252279408982,45.7458845030032 15.8251635669581,45.7458650774898 15.8250446473936,45.7458572323495 15.8247830918092,45.7458342597745 15.8245863994396,45.7457902438875 15.8243559046845,45.7457293624583 15.8241902446802,45.7456498187935 15.8241498450374,45.7456162491947 15.8241197614485,45.7455732179607 15.8240791320494,45.745558693175 15.8240417868199,45.7455537104544 15.8240182454562,45.7455321449849 15.8240084179214,45.7455011371041 15.8239748766825,45.7454628462475 15.8239243337087,45.7454244556739 15.8238635335613,45.7453907652505 15.8237857617581,45.7453545943578 15.8237048771847,45.745294597013 15.8236684233688,45.7452158164392 15.8236328046815,45.7450679995619 15.8236143302582,45.7449083806314 15.8236081908865,45.7448535865725 15.8236153365277,45.7448250600263 15.823622539654,45.7447917729447 15.8236227984083,45.7447703473888 15.8235925993871,45.7447368379763 15.8235828022503,45.7447034502468 15.8236037490879,45.7446583400967 15.8236041803514,45.7446226311361 15.8236252133841,45.7445703797288 15.8236664169095,45.7445372930249 15.8237108769565,45.744516129121 15.8237617913447,45.7445235731542 15.8237819044295,45.744547499277 15.8238258470927,45.7445691864432 15.8238564772668,45.7445669868324 15.8238737361472,45.7445456618825 15.8239081101612,45.7445149164618 15.8239356561123,45.7444865097144 15.8239799723374,45.7444772492927 15.8240512885092,45.7444848139131 15.824135946061,45.7445138836017 15.8241901459068,45.7445308695303 15.8242513761744,45.7445288508148 15.8243230945321,45.7445030870174 15.8243609260218,45.7444675992328 15.8244427864278,45.7444466562119 15.8245178761732,45.7444232931144 15.8245860491564,45.7444094117285 15.8246540511573,45.7444098137173 15.8247017674982,45.7444005731139 15.8247499143526,45.7443556235198 15.8247843451853,45.7443201154953 15.8248086050931,45.7442821673649 15.8248089207907,45.7442559803656 15.824826207902,45.7442322754497 15.8248876673813,45.7442112124456 15.8249660695511,45.7441950103894 15.8250104140821,45.7441833679473 15.8250515017462,45.7441598036084 15.8250588760697,45.7441122321174 15.8250425932024,45.7440526173286 15.8250191368651,45.7440239098986 15.8250161956299,45.7439858010164 15.8250373705558,45.7439216457429 15.8251058596305,45.7438815779464 15.8251640617864,45.7438485911115 15.8252120643874,45.7438155440061 15.825246379866,45.7437895587094 15.8252872090434,45.7437874189492 15.8253347813727,45.7437900807698 15.8253752091021,45.7438212692383 15.8254052940188,45.7438643001626 15.8254422355583,45.743902610686 15.8254996634661,45.7439338994815 15.8255404927401,45.7439317596314 15.8255850662628,45.7439010730144 15.8256128403703,45.7438536219034 15.8256234984833,45.7438155933084 15.8256374148182,45.7437894865839 15.8256681291952,45.7437801452203 15.8257021877882,45.7437755844619 15.8257631592581,45.7437949904999 15.8258243027025,45.7438001130927 15.8258653324447,45.7437813089939 15.8258793906254,45.7437433004368 15.8258832493299,45.7437052307976 15.8258907661432,45.7436457565503 15.8259288539109,45.7435888435617 15.8259802274316,45.7435581969085 15.8260313990856,45.7435442143573 15.8261130283812,45.7435423149776 15.8261912300746,45.7435427762127 15.8262962588738,45.7435743453345 15.8263569440137,45.7436175564478 15.8264542564391,45.7437252638406 15.8265879690029,45.7439165113797 15.8266582246047,45.7440121555722 15.8267587096459,45.7441389266983 15.8268793965751,45.7442824820712 15.8269366826293,45.7443256737444 15.8270620565833,45.7443621228873 15.8271433152453,45.7443911703279 15.8272381738881,45.7444202977949 15.827324177084,45.7444678946585 15.8274728551729,45.7446901636894 15.8276364320537,45.7449434852319 15.8277527783632,45.7451655788986 15.8278526107996,45.7453471029028 15.8279729876083,45.7455168432234 15.8280178204127,45.7455273089267 15.8280621368064,45.745518046924 15.8281132526353,45.7455088239909 15.8281469408306,45.7455352100598 15.8281942006753,45.7455640568097 15.8282449738641,45.7455834015486 15.8283130629901,45.7455766601096 15.8283713507004,45.7455365294919 15.8283855516622,45.7454866179417 15.8283725497466,45.7454365455786 15.8283154898513,45.745374310666 15.8282380578118,45.7453095759554 15.8281946268518,45.7452450402275 15.8281950266393,45.7452117119562 15.8281787115639,45.7451544783247 15.8281591104101,45.7450877027173 15.8281563954529,45.7450305490553 15.8281673090923,45.7449710946473 15.8281981963348,45.7449474682976 15.8282495400399,45.7449192013432 15.8282913406881,45.7448361214483 15.828315769769,45.744783888247 15.8283776567867,45.7447271143687 15.8284564310507,45.7446799632682 15.8285045167901,45.7446397726106 15.8285389467062,45.7446042643513 15.8285328025433,45.7445494705273 15.8285163446012,45.7445041396359 15.8285306009621,45.7444494666092 15.8286132017815,45.7443666263733 15.8286545449053,45.744321635152 15.8287234884377,45.7442434754576 15.8288127180553,45.7441749584483 15.8289052051102,45.7441183640413 15.8290116910774,45.7440285211464 15.82904963336,45.7439835098065 15.8291076337093,45.7439671850932 15.8291690057781,45.7439532610355 15.8292575786716,45.7439394966397 15.8292849505769,45.7439253729054 15.8293163201017,45.7438612766874 15.829317089783,45.7437970017333 15.8293278891994,45.7437470691832 15.8294029462123,45.7437260835684 15.8294607479717,45.7437264228248 15.8295218062133,45.7437386847023 15.8295587220143,45.7437793737317 15.8295582090753,45.7438222240033 15.8295875550485,45.7439271489726 15.829647901211,45.7439989251987 15.8296951035629,45.7440325327737 15.8297963646839,45.7440950263098 15.8298807683356,45.7441455164428 15.8299623414454,45.7441483757584 15.8300645725342,45.7441299290618 15.8301363718728,45.7440970203255 15.8301708573784,45.7440567492221 15.8301715691501,45.7439972348008 15.8301823380784,45.7439496837807 15.8302542807462,45.7439048713708 15.8303329656097,45.7438648602098 15.8303807090496,45.7438532356052 15.8304283101625,45.7438535145855 15.8304725097279,45.7438537736123 15.8305237387433,45.7438350285102 15.8305343379053,45.7438017599883 15.8305619357744,45.743768591069 15.8305928497888,45.7437425842362 15.830633707202,45.7437380618427 15.8306914223527,45.7437455426326 15.8307389095951,45.743755343468 15.8307865106283,45.7437556222987 15.8308207381793,45.7437367765768 15.8308244228594,45.7437129910795 15.8308249632722,45.7436677600747 15.8308253614725,45.7436344317762 15.8308259303167,45.7435868209491 15.830826300071,45.7435558733715 15.8308028409607,45.7435271671111 15.830745438922,45.7434935002435 15.8306609501166,45.7434501520089 15.8304889710621,45.7433301071298 15.8302425345621,45.7431810566703 15.8301985050573,45.7431665141226 15.8301544755756,45.7431519715581 15.8301343602608,45.7431280456392 15.8301312732276,45.7431018395697 15.8301451575178,45.7430781138935 15.8302064714288,45.7430689498122 15.8302712139915,45.7430574258084 15.8303188998123,45.7430505635665 15.8303531568344,45.743029337267 15.8303806690366,45.7430033105495 15.8304114119508,45.7429915871889 15.8304525818633,45.742960878721 15.8304563804823,45.7429275703473 15.8304501492288,45.7428799187653 15.8304132618234,45.7428368492959 15.8303899455223,45.7427962402425 15.8304005717366,45.7427605909973 15.8304450562997,45.7427370446224 15.830513056352,45.7427374431127 15.8305809426009,45.7427473635491 15.8306285996689,45.7427428818974 15.8306630826924,45.7427026106217 15.830677251133,45.7426550794606 15.8306504220186,45.7426239725331 15.8306131919328,45.7426094699789 15.8305929343471,45.7425974477466 15.8305795909578,45.7425759424698 15.8306022306026,45.742535858262 15.8307183424383,45.7424936852196 15.8307694550667,45.7424844619751 15.8308172825581,45.7424656959126 15.8309094803891,45.7424329052578 15.8310324192815,45.7423883909887 15.8311074454107,45.7423697849574 15.8311996429161,45.7423369940661 15.8312544397332,45.7423039841866 15.8313159812617,45.7422757755332 15.8313807226846,45.7422642508927 15.8314248925869,45.7422668902663 15.8315026948173,45.7423006752672 15.8315396963563,45.7423342224027 15.8315868416391,45.7423725906487 15.8316405872158,45.7424276619058 15.8316946182245,45.7424589277228 15.8317523606214,45.7424640263498 15.8318133044004,45.7424858098894 15.8319080203246,45.7425268361959 15.8320162519545,45.7425750841114 15.832073483498,45.7426230337791 15.8321072286299,45.7426446572496 15.8321580289417,45.7426616195299 15.8322156025711,45.7426810022656 15.8322592916594,45.742724110907 15.8322996941291,45.7427576776705 15.8323163816732,45.7427839631657 15.8323535542795,45.7428032266048 15.8323840129248,45.7428153081344 15.8324007856447,45.74283445235 15.8324377597096,45.742870379019 15.8324815909715,45.7429015848635 15.8325546761835,45.7429282142163 15.8326196610778,45.7429533529154 15.8326873437524,45.742980413125 15.8327444410188,45.7429826514959 15.8328016290392,45.7429772717061 15.8328533774819,45.7429718601242 15.832902292078,45.742975954625 15.8329401448002,45.7429952218436 15.8329782029678,45.7429973480344 15.8330300635173,45.7429824143743 15.833063089021,45.7429502285273 15.8330717479014,45.7429083786811 15.8331131147186,45.7428610050864 15.8331622119118,45.7428498641171 15.8332003140467,45.7428481816095 15.8332465081308,45.742852260985 15.8332928848705,45.7428411040832 15.8333067791016,45.7428164251848 15.8333452225112,45.7427861757615 15.8333860903444,45.7427807004486 15.8334106609081,45.7427732251455 15.8334246003967,45.7427447376153 15.8334438447129,45.7427277085766 15.8334683245882,45.7427278513943 15.8334870463474,45.7427546254836 15.833508399185,45.742789032681 15.8335106650787,45.7428271374111 15.8335103024806,45.742857609045 15.8335480206544,45.742888302821 15.8336157490299,45.7429115529664 15.8336647089431,45.7429118385239 15.8337083186355,45.7429044741966 15.8337707292111,45.7428638753565 15.8340888536615,45.7427038395034 15.834530308678,45.7424659563736 15.8349033364331,45.7422633847322 15.8351775655564,45.7420769023171 15.8355304724837,45.7418504044441 15.835865896065,45.7416642753514 15.835920633043,45.7416360246602 15.83597503259,45.7416363408458 15.8360422976871,45.7416986312793 15.8361062474477,45.7417537597416 15.8361940239685,45.7418066466179 15.8363123455621,45.7418644717466 15.8365350774053,45.7420062288242 15.8367850385824,45.7421457635433 15.8368627580757,45.7421866870787 15.8369031629386,45.7422202522305 15.8369158899571,45.7422941291373 15.8368843032553,45.7423772715036 15.8368186889997,45.7424625981348 15.8366305345184,45.7425591159291 15.8364631176966,45.7426271849941 15.8361899057995,45.7427279698113 15.8360737975333,45.742770148433 15.8358925540593,45.7428571825153 15.8357560466099,45.7428992431357 15.8356229943734,45.7429365610091 15.8354967988672,45.7429691577315 15.8353707162178,45.7429922314185 15.8352480054256,45.7430177054732 15.8351184093049,45.7430502819911 15.8349988993532,45.7430924397221 15.8348792774212,45.7431441202281 15.8348620514334,45.7431630652482 15.8348717984914,45.7432012144019 15.8348986880613,45.7432275589102 15.8349462321486,45.7432325974522 15.8350246866444,45.7432116270199 15.8350932808179,45.7431620302926 15.8351616205444,45.7431338591357 15.8352978747222,45.7431132257461 15.8354306733805,45.7430973329702 15.8355428742388,45.7430979855653 15.8356105064099,45.7431293286268 15.83577886983,45.7432683909809 15.8359979246773,45.7434339347725 15.8361324862783,45.7435561348268 15.8363620248463,45.7436979326496 15.8365984779077,45.7438302466061 15.8369233622625,45.7439606924478 15.8369810221628,45.7439729306144 15.8370687479083,45.7440305773778 15.8371635548465,45.7440644580792 15.8372654723264,45.7440721919839 15.8373331360965,45.7441011533154 15.8373937458976,45.7441514998855 15.8374775933233,45.7442495971292 15.8375750691173,45.7443453915407 15.8377401815091,45.7444725285855 15.8378916665464,45.7446019664031 15.8380773217421,45.7447173175666 15.838239403,45.7448134865844 15.8384287973969,45.7449002899825 15.838591131535,45.7449750328768 15.8386895662209,45.7449898871088 15.8387511057312,45.7449616744519 15.8387821290623,45.7449261424929 15.8387828879093,45.7448618674272 15.8387258156801,45.7447996376397 15.8386889487441,45.74475419009 15.838658826284,45.7447135433436 15.8386591917249,45.7446825957229 15.838690297995,45.744639922505 15.838768782488,45.7446165687926 15.8388440339229,45.744578912792 15.8389026783944,45.7445078300238 15.8389374388654,45.7444437507946 15.8389624198102,45.7443439043585 15.8389937223335,45.7442845668781 15.8390315444326,45.7442490741822 15.839059082611,45.7442206646439 15.8390562722743,45.7441706533463 15.839053209107,45.7441420667743 15.8390604310817,45.7441063970396 15.8390879972682,45.744075606768 15.8391463319167,45.7440307100409 15.8392081510034,45.7439786916737 15.8392921659952,45.7439475727639 15.8393250536935,45.7439268127568 15.8393419131326,45.7438812000846 15.8393424073589,45.7438393016585 15.8393181740853,45.7438182113335 15.8392749450534,45.7437932013692 15.839196558625,45.7437508467374 15.8391588142848,45.7437220595708 15.8391591513465,45.7436934926668 15.8391758985008,45.7436574020192 15.8392118660383,45.7436061861133 15.8392590048488,45.7435302748291 15.8392979173442,45.7434600297233 15.8393393017904,45.7434107499914 15.8393831582387,45.7433824347316 15.8394189457183,45.7433464541399 15.8394273528483,45.7433255525547 15.8394086954366,45.7432930660434 15.8393493039135,45.7432546311197 15.8393197198665,45.7432258911903 15.839311986668,45.7431896589533 15.8393124135094,45.7431534739038 15.8393235635549,45.743130683297 15.839372883118,45.7431004956408 15.839419416105,45.7430760047231 15.8394398833806,45.743024329298 15.8393893709169,45.7429249991336 15.8391630706023,45.742738944826 15.8389905191855,45.742608433876 15.8388856761936,45.7425030744597 15.8387808111089,45.7423996197078 15.8387052360549,45.742349662336 15.8386190281888,45.7422786940639 15.838567889434,45.7422326869383 15.838562741009,45.7422078980525 15.8385766115571,45.7421851232648 15.8386476000013,45.742162679125 15.8387187907496,45.7421230947951 15.8387463055519,45.7420965891775 15.8387928154855,45.7420740032682 15.8388176548028,45.7420436732675 15.8388478211664,45.7420228976423 15.8388996131259,45.7420136746912 15.8389379168336,45.7419948501191 15.8389628234654,45.7419588067035 15.8391050703568,45.74189106437 15.839162324094,45.7418799680032 15.8392004940999,45.7418725701143 15.8392088336809,45.7418573819218 15.8391879719847,45.7417810773269 15.8391002587418,45.7416072518947 15.8390631463983,45.7415251394947 15.8390635958409,45.7414870505754 15.8391049790256,45.7414377700047 15.839197949957,45.7413964073691 15.839309580053,45.7413875294098 15.8394890950611,45.7413885673785 15.8396874703646,45.7414049513986 15.8398803165929,45.7414289208921 15.8401493649925,45.7414495204097 15.8402800125292,45.7414426571267 15.8404572783152,45.7414036841756 15.840811967333,45.741312405919 15.8412866011802,45.7411989630789 15.8415403593604,45.7411318605754 15.8417423723734,45.7410701722597 15.8418078292449,45.7410553129461 15.8418650144756,45.7410499286022 15.8419357553525,45.7410484311914 15.8420496336132,45.7410795608161 15.8422174861728,45.7411471886219 15.8423635342366,45.741218498655 15.8424746927368,45.7412496121996 15.8425343525511,45.7412651928634 15.8425858079454,45.7412845342688 15.8426238193592,45.74129046676 15.8426836580587,45.7412908110471 15.8427381677921,45.7412816019911 15.8427684006228,45.7412551119378 15.8427769849567,45.7412189737902 15.8428207038874,45.7412020839561 15.8429216987116,45.7411721910897 15.8430636261614,45.7411311059575 15.8431783761816,45.7410879604179 15.8433096700493,45.7410258636448 15.8434054022176,45.7409807036722 15.8435227827282,45.7409451906676 15.8436237543996,45.7409172019376 15.8437273557708,45.7408968459883 15.8438037142766,45.7408801432604 15.8439293655573,45.7408351546849 15.8440441589234,45.7407881987405 15.8441835426427,45.7407318611807 15.8442873899783,45.7406905568316 15.8443586640673,45.7406433507922 15.8444656090448,45.7405696854063 15.8445586873337,45.7405187954631 15.8447311317575,45.7404264593606 15.8449336510151,45.7403209629994 15.8451195608346,45.7402401310606 15.8452807896844,45.7401762987063 15.8454341046537,45.7400914705784 15.8456067020594,45.7399858024846 15.8457353816122,45.739914164382 15.8458639483454,45.7398520490448 15.8459543211301,45.7398331243083 15.8459849049296,45.739834489832 15.8460326278519,45.739824049007 15.8461352892218,45.7397674988523 15.8463357070554,45.7396377048764 15.8465585685831,45.739478279595 15.8466222562596,45.7394107920838 15.8467138365709,45.7392839462931 15.846779473671,45.7391950436327 15.8468503076865,45.7390978384297 15.8469517248369,45.7390019975428 15.8470409655194,45.7389298949709 15.8472291732198,45.7388262176131 15.8473726979077,45.7387639484802 15.8475620637505,45.7387067018375 15.847657354595,45.7386989128549 15.8478494408908,45.738700009468 15.8479991272108,45.7386925315832 15.8481301691129,45.7386801853455 15.848242541445,45.7386653515654 15.8483003369173,45.7386656812554 15.8483833954374,45.7386863907685 15.848544330932,45.738734923637 15.8486613036935,45.7387629689921 15.8487053899708,45.7387727438788 15.8487359594381,45.7387752981297 15.8487564145872,45.73877065385 15.8487616793064,45.7387563994214 15.8487574990169,45.7387315364169 15.8487442977066,45.7386971776142 15.8486554557361,45.7383843174906 15.8485347318167,45.7380065199613 15.8485380044154,45.737958923521 15.8488082805955,45.7378728528075 15.8488793480729,45.7378427840777 15.8489016160897,45.7377991056652 15.8488458945747,45.7376787978961 15.8485780826316,45.73731920728 15.848342135305,45.7370264591 15.8481330776628,45.736760526938 15.8480608202639,45.736659171539 15.8480424025143,45.736605737551 15.8480480200655,45.736590533167 15.8480809666933,45.7365640562736 15.8480839700182,45.7365359805212 15.8480741873441,45.7365002140401 15.8480296282663,45.7364728188763 15.8479664280706,45.7364696013145 15.8478665453207,45.7364633174515 15.8477341273863,45.7364482770913 15.8475610293528,45.7364230056135 15.8474226081334,45.7363979310483 15.847280372484,45.7363499803116 15.8471584860584,45.7363064296621 15.8470813247024,45.7362759918382 15.8470409956346,45.7362357649111 15.8469544841609,45.7361324224438 15.8469283842576,45.7360965616921 15.8469288171711,45.7360594246093 15.8469330298789,45.7360480211337 15.8469537270956,45.7360224274389 15.8469539601933,45.7360024305479 15.8469296829957,45.735985150443 15.8468889379632,45.735980631746 15.846848426062,45.7359561170435 15.8467903052689,45.7358672202957 15.8467403449015,45.7357783710771 15.8467447408258,45.7357512562148 15.8467673771881,45.7357342443077 15.8467961667058,45.7357144106869 15.8468191540424,45.7356674029893 15.8468280623773,45.7356031734612 15.8468078815086,45.7355844887535 15.8467612001248,45.7355642236296 15.8467062445401,45.7355539098364 15.8466104430424,45.7355476482107 15.8464983237007,45.7355412931684 15.8464086087643,45.7355379230776 15.8463698698519,45.7355362734606 15.8463335212954,45.735504639719 15.8463195104661,45.7354817044418 15.8463116681993,45.7354545186731 15.8463140239323,45.7354273921527 15.8463162809638,45.7354088348357 15.8462697165794,45.7353785706169 15.8462228701674,45.7353725887749 15.8461982600933,45.7353838755017 15.846165441084,45.7353994010286 15.8461287259805,45.7353991909066 15.8461004031865,45.7353790305804 15.8460924443348,45.7353618436916 15.8460926777345,45.7353418468017 15.8460949668934,45.7353204327832 15.8460708402981,45.7352902978031 15.8460323349993,45.7352686502828 15.8459836984469,45.7352412318747 15.8459411817586,45.7352138475814 15.8458946510922,45.7351807265122 15.8458763776343,45.7351734801168 15.8458775445238,45.7351571786826 15.8459155241024,45.7351074001083 15.8459432475216,45.7350623245892 15.8459440256858,45.7349956685875 15.8459444425655,45.7349599594043 15.8459380056785,45.7349289727667 15.8458975171908,45.7349025529632 15.8458705429826,45.7348833531955 15.8458641326566,45.7348499858141 15.8458679771067,45.7348119153635 15.8458649665023,45.7347785683465 15.845814308077,45.7347497093928 15.8457810349108,45.73468761929 15.8457477353012,45.7346279099169 15.8456607658597,45.7345059935835 15.845631087341,45.7344272586811 15.8456111631046,45.7343866721054 15.8456115245737,45.7343557243853 15.8456457982933,45.734332113575 15.8457140663677,45.7343086965397 15.845805935076,45.7343020808451 15.8459728710738,45.7342720868133 15.8461261260632,45.7342491569135 15.8462997500157,45.734228723347 15.8464053283791,45.7342126620457 15.8464565142446,45.7341962895163 15.8464841269773,45.7341607367923 15.8465320809675,45.7341300612922 15.8465968099235,45.7341185279443 15.8466921056776,45.734109549345 15.8467940897412,45.7341101324726 15.846889303479,45.7341082959149 15.8469711127013,45.7340897182187 15.8470663818899,45.734083120047 15.8472089653622,45.7341006001644 15.8474127116503,45.7341208103719 15.8474908992449,45.7341212569503 15.8476305557864,45.7340982464668 15.8477668666683,45.734070455829 15.8478927579955,45.7340616517901 15.8479981416772,45.734062253247 15.8480317770729,45.7340933949858 15.8480722382928,45.7341221947725 15.8481095491625,45.7341295494446 15.8481844201766,45.7341228348493 15.8482458334795,45.7341041389756 15.8482972125436,45.7340711022816 15.8483077715644,45.7340402127204 15.848294975888,45.7339710974723 15.8482822922782,45.733892461094 15.848252831926,45.7337946818755 15.84825382885,45.7337089808576 15.8482613758567,45.7336447434306 15.8483062056794,45.7335902422427 15.84835753015,45.7335619660912 15.8484432914314,45.7334957947428 15.8484947528793,45.7334556148509 15.8485491446208,45.733455925007 15.8485933361447,45.7334561769796 15.8486241253965,45.7334396871812 15.8486791523376,45.7333852439822 15.8488403374632,45.7332647444763 15.8489055352453,45.7332127400267 15.8489713414606,45.7331083620815 15.8490501637953,45.7330540542925 15.8491048580766,45.7330281778948 15.8491663515528,45.7330023393037 15.8492419964202,45.7329289670435 15.849361887428,45.7328510858345 15.8494608578972,45.7328183187297 15.8496344196959,45.7328026415219 15.8497514325201,45.7327930029589 15.8498142473711,45.7327705053276 15.8498582916766,45.732730025261 15.8501432713344,45.7324207674022 15.8505770339126,45.7319617645396 15.8510898076578,45.7314170737435 15.8514484374659,45.7310293005693 15.8517080269677,45.7307648625101 15.8521193546382,45.7303218851198 15.8524453757526,45.7299574304214 15.8526594975719,45.7297386712614 15.8526643862034,45.7297336771292 15.8531001888054,45.7292760923408 15.8535509111526,45.7287956703498 15.8535305507264,45.7287722968885 15.8532496841122,45.7286611933581 15.8524887275164,45.7283235777698 15.8519948215004,45.7281160331674 15.8514809391168,45.7278726614165 15.8511663938722,45.7277351726299 15.8509363309908,45.7276410172601 15.8505611017104,45.72746032863 15.8501009810524,45.7272720132068 15.849759139286,45.7271438888283 15.8494713806184,45.7270422594254 15.8491664885191,45.7269524352666 15.8488921616622,45.7268651653842 15.8485436110068,45.7267298564395 15.8482660807874,45.7266259014206 15.848022404079,45.7265340424954 15.847724869696,45.7263966412709 15.8474102311457,45.7262686642492 15.8470517675715,45.7261094869637 15.846743875062,45.725986308444 15.8465341651694,45.7258970214406 15.846293698014,45.7258218425381 15.8460295509645,45.7257370049035 15.8456944429249,45.7256160486532 15.8453157616346,45.7254424656384 15.8450620087911,45.7253410190554 15.8448554526985,45.7252731741964 15.8446523506436,45.7252005869854 15.8444490554919,45.7251446627723 15.8441407283138,45.7250595672462 15.843839282668,45.7249673677229 15.8434600259252,45.7248437704361 15.8432536968019,45.7247568777139 15.843033605743,45.724684189956 15.8428404822112,45.7246307031598 15.8426612613138,45.7245511070757 15.8423838938558,45.7244352350794 15.8420120836596,45.7242569188317 15.8414576339514,45.7240013645825 15.8411601572169,45.7238615656283 15.8409837686428,45.723780995243 15.8409093011292,45.7238700823164 15.8408046103462,45.7239856590139 15.8407083439367,45.7240784290679 15.8406096278491,45.7241483297406 15.8404646861117,45.7242179625831 15.8403146424877,45.7242589977322 15.8401592954127,45.724288574474 15.839984981357,45.724312327643 15.8398598352237,45.7243173183894 15.8396914087647,45.724303012597 15.8395093187345,45.724294341355 15.839324486788,45.7242875588633 15.8391640606533,45.724286631034 15.8390661058867,45.7242917781889 15.8389543975323,45.7243101781579 15.8388262846687,45.7243361008695 15.838711633197,45.7243735298349 15.8386158808668,45.7244224947742 15.8384844199431,45.7245017267247 15.8382980584676,45.7246244468831 15.838092100923,45.7247946675175 15.8379737611355,45.7249139723192 15.8378968602679,45.7249782832591 15.8377295302895,45.7251011118729 15.837589526441,45.7252126720013 15.8374795447606,45.7253148824763 15.8373941025602,45.7254115213795 15.8373440545072,45.7255045566217 15.837302343911,45.7255824037325 15.8372684753989,45.725686959465 15.8372502686106,45.7258468408284 15.8372380401815,45.7259610456591 15.8372311608228,45.7260829002014 15.8372188196757,45.7262066279516 15.8371964134276,45.7262617309501 15.837151779702,45.7263567024014 15.8371238677831,45.726417487229 15.8371040895859,45.7264802241393 15.8371086039434,45.7265583393658 15.8371270080624,45.7266117742346 15.8371701103251,45.7266463079339 15.8372348307607,45.7266923937036 15.8373320917776,45.726746285968 15.8374021378702,45.7268019261112 15.8374666785592,45.7268632471723 15.8375012183131,45.7269320138145 15.8375303426564,45.7269988432488 15.8375295096688,45.7270693087618 15.8375016415349,45.7271262850365 15.837454850854,45.7271736288917 15.8373783528911,45.7272036581723 15.8372721888354,45.7272125659662 15.8371715779933,45.727211982301 15.8371061811869,45.7272230304467 15.8370597730962,45.7272379976326 15.8369991608686,45.7273043073548 15.8369164795092,45.7273971529987 15.8368614640564,45.7274501617599 15.8368148528625,45.7274822699273 15.8367437922088,45.7275123303439 15.8366374934955,45.7275326643395 15.8365313525415,45.7275396666831 15.8364308300495,45.7275314641964 15.8363712090941,45.7275139765336 15.8362737898009,45.7274734141084 15.8361978534789,45.7274558315694 15.8361408395521,45.7274478816116 15.8360918931257,45.7274475971892 15.8360210564887,45.7274586131018 15.8359147350616,45.7274808502889 15.8358572020276,45.7275167034714 15.8358295815357,45.7275527305222 15.8358124985944,45.7276173868613 15.8357928990703,45.7276648881062 15.8357569388171,45.7277161031177 15.8357046177722,45.7277710327799 15.8356300010725,45.7278715421597 15.8356023125199,45.7279132825441 15.8356019512476,45.7279437542709 15.8356070958263,45.7279685442296 15.8356309370775,45.7280220109453 15.8356465076488,45.7280849531388 15.8356619879409,45.7281555134861 15.8356959166911,45.7282757011814 15.8356978223726,45.728344277695 15.8356834813181,45.7284070459533 15.8356202154992,45.7284676248157 15.835540880867,45.7285071599404 15.8354508278715,45.7285333010975 15.8353338072734,45.7285402381438 15.8351952134206,45.728531813976 15.8349618275759,45.728490459176 15.8346528227957,45.7284048572496 15.8344549700277,45.7283484718785 15.8343006706334,45.7282885301576 15.8341574767044,45.7282096066973 15.8339711138179,45.7281018633721 15.8338607771963,45.7280040857247 15.8338234549452,45.7279410155554 15.8337591208152,45.7278625522916 15.8337130736024,45.7278470472926 15.8336641947867,45.7278410484379 15.8336179677333,45.7278407788159 15.833571694103,45.7278443177947 15.8335059787678,45.727882026058 15.8334510502288,45.7279274158982 15.833384858956,45.7280051187196 15.8332912477466,45.7281017068472 15.8332335991109,45.7281470807078 15.8331516354904,45.7281789810508 15.8330399628368,45.7281935656443 15.8328931443735,45.7281908035552 15.83267301876,45.7281780904345 15.8324585128673,45.7281501732617 15.8323391133724,45.7281285253091 15.8322525735119,45.7280880221371 15.8321770007769,45.7280399661244 15.8320100168402,45.7279037630386 15.8319375275173,45.7278252510653 15.8318892392663,45.7277697348199 15.8318437616155,45.7277066172082 15.8318173406925,45.7276417061375 15.8318103864491,45.7275407221968 15.8318093925731,45.7273959668132 15.831786032126,45.7273025046953 15.831762285702,45.7272414181413 15.8317058858482,45.7271820454759 15.8316359131098,45.7271206893839 15.8315253553259,45.7270419544268 15.8314471798723,45.7269843582145 15.8313988019248,45.7269364608116 15.8313750560743,45.7268753741765 15.8313592633984,45.7268314763451 15.831308484165,45.7267568999064 15.8312855682003,45.7267007859541 15.8312153692534,45.7266584736347 15.8311232113489,45.7266331749763 15.8310174352179,45.7266097004983 15.8309360637881,45.7265920817329 15.8308330288919,45.7265667191412 15.8307626940008,45.7265358333222 15.8306924488758,45.7264973302014 15.8306169251224,45.7264454636376 15.8305496513711,45.7263860266814 15.8304717723243,45.7263036723824 15.8304047479086,45.7262232865435 15.8303431401502,45.7261448364099 15.8303033082912,45.7260646098934 15.8302796550235,45.7259959057788 15.8302536463707,45.7258967140116 15.8302248739847,45.725801314927 15.8301984558036,45.7257364043755 15.8301558365751,45.7256618743493 15.8301022734023,45.725592994825 15.8300187305614,45.7255296532585 15.8299511612467,45.7254949742592 15.8298646271669,45.7254544701918 15.8297891966831,45.7253949849324 15.8297164403657,45.7253393251044 15.8296493498377,45.7252646522096 15.8296229553652,45.7251978358617 15.8296026379303,45.7250777270654 15.8295825028389,45.7249423819608 15.8295724916332,45.7248699488451 15.8295537763453,45.7248431740671 15.8294999868415,45.7247933391878 15.8294161724243,45.7247528507366 15.8293320618681,45.7247371196411 15.8292559732086,45.7247328640596 15.829201476177,45.7247420667797 15.8291284208189,45.7247292168471 15.8290673776341,45.7247174308008 15.8289673471077,45.7247254140012 15.8288588697378,45.7247576306506 15.8287156874012,45.7247925010811 15.8285175816612,45.7248156200577 15.8283399705352,45.7248302893953 15.8282279091405,45.7248210598491 15.8281320413225,45.72480434903 15.8280967622027,45.7247984277654 15.8280481150095,45.7247733816 15.8279940972886,45.7247425900346 15.8279345289289,45.7247212893747 15.8279018983353,45.7247210974196 15.8278557195968,45.7247170159562 15.8278259697076,45.7247035093508 15.8277990066204,45.7246843044447 15.8277856170935,45.724667084294 15.8277722262902,45.7246498641343 15.8277157190432,45.7246000115217 15.8276644668916,45.7245654271799 15.8276241601734,45.7245251934418 15.8275945475341,45.7245002600032 15.8275510872428,45.7244961944159 15.82749126666,45.724495842303 15.8274287735418,45.7244916655323 15.8273609328122,45.7244798385565 15.827312126215,45.7244681236145 15.8272579276023,45.7244525671078 15.8272089838803,45.7244522788945 15.8271464666815,45.7244500067241 15.8270814599243,45.7244286726892 15.8269812417812,45.7243957045161 15.8269105915382,45.7243914794089 15.8268753344031,45.7243836529994 15.8267670735828,45.7243411136684 15.8266805436039,45.7243006072041 15.826637129296,45.7242927326462 15.8265882543681,45.7242867307821 15.8265447256562,45.7242883790985 15.8265012897727,45.7242824092585 15.8264769324186,45.7242727429835 15.826458081489,45.7242573944761 15.8264282393536,45.7242515047489 15.8263765775866,45.724251200154 15.8262732514858,45.724250590879 15.826205273925,45.7242501899901 15.8261375266229,45.7242307450507 15.8260834188788,45.7242075707347 15.8260240350447,45.7241710327904 15.825983545285,45.7241460338652 15.8259374816884,45.7241324296209 15.8258913722946,45.7241226348813 15.8258454449022,45.7240976038225 15.8257995188247,45.7240725736526 15.8257535915145,45.7240475425571 15.8257158456568,45.7240206557329 15.8256780998462,45.7239937679965 15.8256346859207,45.7239858930594 15.8256021028836,45.7239818918342 15.8255452315563,45.7239625098426 15.8254723208822,45.7239201788631 15.8254022660756,45.7238664362185 15.8253644746645,45.7238433579022 15.825321152606,45.7238278647005 15.8252343264011,45.7238121154475 15.8251229356759,45.7238038388128 15.825038667223,45.7238014369985 15.8250088497076,45.7237936421485 15.82497633564,45.7237839273612 15.8249439592237,45.7237627848965 15.8248764410784,45.7237242942918 15.824835930495,45.7237011997315 15.8247925628005,45.7236895158531 15.8247299560756,45.7236948596186 15.8246782017738,45.7237021714967 15.8246402042378,45.7236962330944 15.8245970201843,45.7236693137513 15.8245323136858,45.7236232208763 15.8244894399012,45.7235846372949 15.8244281751516,45.723536740796 15.8242663639161,45.7234253169251 15.8241236775939,45.7233063881767 15.8240536950391,45.7232469313349 15.8239892651164,45.7231779846191 15.8239625797344,45.723135925279 15.8239357795255,45.7231033888386 15.8239114690829,45.7230899124977 15.8238380553357,45.7230894780295 15.8236802364088,45.7230980665712 15.8233484694507,45.7230999118964 15.8231418229106,45.7230986878074 15.8230030362021,45.7231073881682 15.822859043186,45.7230970121309 15.8227340595515,45.7230886525997 15.822649769288,45.7230881528907 15.8225733829109,45.7231086502549 15.8224449904383,45.7231574090103 15.8222563871119,45.7232381883034 15.8221198126497,45.7232888021519 15.8219970182923,45.7233242611387 15.8218497063417,45.7233633833587 15.821767834276,45.7233876565156 15.8217130620685,45.7234197100969 15.8216853871948,45.7234595423268 15.8216459610554,45.7235716791648 15.821581209022,45.7237541368897 15.8215204453587,45.723831864226 15.8214298862165,45.7238998927784 15.8212986087348,45.7239619646827 15.8211429067468,45.7240200815144 15.8208807220856,45.7241137537607 15.8207225305527,45.7241528098508 15.8205370090513,45.7242031307668 15.8204117000253,45.7242214317176 15.8202237369836,45.7242488824392 15.820125572811,45.7242711534792 15.820019112674,45.7243048026401 15.8198988250193,45.724357415657 15.8198138626249,45.7244121428622 15.8197150276244,45.7244896434615 15.8196352727028,45.7245634478079 15.8195449413349,45.7246124290479 15.8192713423957,45.7247498350327 15.8188855864563,45.7249418056658 15.8186259962493,45.7250450108751 15.8185060775231,45.7250671507745 15.8183809975505,45.7250664045964 15.8181798976378,45.725055681043 15.8181119887283,45.7250495619583 15.8180141699516,45.7250432642942 15.8178727753309,45.7250424201702 15.8177150209109,45.725045287965 15.8176277995552,45.7250619084164 15.817556546303,45.7251071931345 15.8174934722197,45.7251506217734 15.8174389046055,45.7251655331499 15.8173489415236,45.7251840410046 15.8172507269016,45.725210119063 15.8171058710345,45.7252702000948 15.8169858106999,45.7253037651305 15.816854944191,45.7253315516352 15.8167703256096,45.725357710577 15.8166174275501,45.725408220211 15.8165463111099,45.7254420775361 15.8165049201657,45.7254913491275 15.8164272519793,45.7256165887104 15.8163828856798,45.7256867936142 15.8163612863782,45.7257049412966 15.8163121325757,45.7257217885254 15.8162628625629,45.7257481586194 15.8162405288921,45.7257956392666 15.8162101293666,45.7258354538483 15.8161691561072,45.7258504459804 15.8161065926862,45.7258519754855 15.8160467475522,45.7258535221295 15.8159787681912,45.7258531151451 15.8159189463033,45.725852756965 15.8158779962061,45.725865844235 15.8158125504211,45.7258806887937 15.8157442454885,45.7259069446686 15.8156952076039,45.7259142687442 15.8156463324902,45.7259082621993 15.8156003630301,45.7258870365691 15.8155463976653,45.7258524305429 15.8154870655529,45.7258120785473 15.815449112846,45.7258023275662 15.8154191793075,45.7258040531023 15.8153726981964,45.7258247248345 15.8153042302539,45.7258643119442 15.8152466858375,45.7259001537919 15.8152191912999,45.72592474905 15.8151729660029,45.7259244719741 15.8151456808769,45.7259319271027 15.8151400335265,45.7259490346167 15.8151478884719,45.7259738408554 15.8151395447918,45.7259890282097 15.8151094702265,45.7260021794973 15.8150764678506,45.7260324554911 15.8150651252396,45.7260704800165 15.8150617784816,45.7261218840516 15.8150613827954,45.7261542595159 15.8150937102759,45.7261792133726 15.815104236993,45.7262078454228 15.8151036085811,45.7262592657539 15.8151006342436,45.7262801981816 15.8150866883615,45.7263086844202 15.815059334504,45.7263218520045 15.815007553269,45.7263310651334 15.8149719008813,45.7263556105183 15.8149604663055,45.7264012522646 15.8149572578215,45.7264412295459 15.8149704808483,45.7264717826705 15.8150109194814,45.7265005940757 15.8150434100786,45.7265122164502 15.8150620491258,45.7265447069307 15.8150561689292,45.7265808584042 15.8150368315509,45.7266055025195 15.8150014583286,45.7266071953327 15.8149853061243,45.7265937660146 15.8149528387759,45.7265802388671 15.814898455365,45.7265799127627 15.8148576674863,45.7265796681655 15.8148113239369,45.7265889138148 15.8147238444613,45.7266264807547 15.8146363635733,45.7266640485187 15.8145516966683,45.7266940135144 15.8145023783888,45.7267241914478 15.8144639826011,45.7267506251079 15.8144201720938,45.7267751222662 15.8144031812152,45.7268302541912 15.8143999269962,45.7268740400716 15.8143806358345,45.7268948745602 15.8143370115829,45.7269041363356 15.8142877163092,45.7269324094173 15.814196770512,45.7270309028183 15.8141797560343,45.7270879385621 15.8141765236382,45.7271298205692 15.8141570471335,45.7271658903741 15.8141404521178,45.7271886459022 15.8140887165609,45.7271940490961 15.8140424669129,45.7271956763128 15.8139963791719,45.7271839720115 15.8139556841221,45.7271761089661 15.8139202405642,45.7271835148099 15.8139008804423,45.7272100634899 15.8138949981379,45.7272462148869 15.8138483053962,45.7272840269862 15.8137991028245,45.7273046817287 15.8137555714481,45.7273063251558 15.8137175260314,45.7273041917288 15.8136438736657,45.7273227955367 15.813515415904,45.7273753527249 15.8134139173311,45.7274471171446 15.8133286172311,45.7275285024123 15.8132949128783,45.7276159115389 15.8132856582984,45.7277053716142 15.8132877478614,45.7277568082594 15.8133225151043,45.7278046324239 15.8133950948482,45.7278736340816 15.8134352536771,45.7279252995043 15.8134644417855,45.7279845176707 15.813545086404,45.7280611863763 15.8135770877075,45.7281128027329 15.8136009092191,45.7281662748318 15.8136140852508,45.7282006367133 15.8136162684391,45.7282444552283 15.8136131055257,45.7282806238419 15.8135937435892,45.728307172454 15.8135718031951,45.7283222770976 15.813547189739,45.7283335567849 15.8135118387197,45.7283333443745 15.8134767443437,45.7283121832442 15.813441511294,45.7283024479433 15.813392517674,45.7283059633028 15.813354213621,45.7283247784522 15.8133133544744,45.7283302466624 15.8132506948529,45.7283393936074 15.8132177134317,45.7283677642831 15.8132171532628,45.7284134712087 15.8132245175334,45.7284782720253 15.8132320218712,45.7285316452098 15.8132316250837,45.7285640215478 15.8132232104821,45.7285849212159 15.8131682403018,45.7286322059479 15.8131326323226,45.7286529421256 15.813083661727,45.7286545525955 15.8130401539187,45.7286542909963 15.8130075224206,45.7286540947821 15.8129639432811,45.7286595465112 15.8129365164305,45.7286784278295 15.8129362362285,45.7287012812898 15.8129170139411,45.7287164021528 15.8128760844109,45.7287275835693 15.8128434528712,45.7287273873081 15.8128272538673,45.728717767199 15.8128220959554,45.7286948810301 15.8128196331366,45.7286739150669 15.8128089436559,45.7286586143074 15.8127845167385,45.7286546584881 15.8127654112026,45.7286602573507 15.8127409609383,45.7286582053772 15.8127302234867,45.7286467132128 15.8127276439109,45.7286352701222 15.8127034739552,45.7286103646813 15.812649135316,45.7286062288851 15.8126027442983,45.7286192822412 15.8125533765499,45.7286532679172 15.8125148383311,45.7286911276297 15.8125144411271,45.7287235039619 15.81256010928,45.7287694890506 15.8125975949713,45.7288173288847 15.8125999409077,45.7288478168259 15.8125778585638,45.7288743488954 15.8125285139418,45.7289064298031 15.8124190403386,45.7289629088691 15.8122383974243,45.7290570519261 15.8121094680843,45.7291476962864 15.8120189578108,45.72921000293 15.8119528757444,45.729276265511 15.8119358348898,45.7293352056355 15.8119243036641,45.729388465154 15.8119184432186,45.7294227125723 15.811879858542,45.7294643815763 15.8118333250215,45.7294888613311 15.8117730795627,45.7295227811432 15.8117020719514,45.7295471125106 15.8116527730209,45.7295753844214 15.8115976380489,45.7296359998633 15.8115615375006,45.7296967290778 15.8115200687997,45.7297517130455 15.8114925707274,45.7297763073699 15.8114294411698,45.7298235411842 15.8113989892083,45.7298671639334 15.811365935734,45.7299012474184 15.8112919748974,45.7299446069792 15.8111580004035,45.730002842024 15.8109611997915,45.7300835531595 15.810857560064,45.7301076880882 15.810794967065,45.7301111194011 15.8107162231572,45.7301011216738 15.8106673449556,45.7300951129853 15.8105968750494,45.7300756415229 15.8105398622435,45.7300676787982 15.8104881471243,45.7300711764878 15.810444216392,45.7301051940579 15.8104383784025,45.730137536637 15.8103974473467,45.7301487171539 15.8103648149965,45.73014852018 15.8103213750891,45.7301425441706 15.8102642684836,45.7301421994222 15.8102098816695,45.7301418710664 15.8101497270346,45.7301681718876 15.8100863614108,45.7302344506809 15.8100339426204,45.7302950808642 15.810008764755,45.7303520675553 15.8099995513279,45.7304377186822 15.8099821328291,45.7305271291414 15.8099817341363,45.7305595054459 15.8100031369952,45.7305882036324 15.8100492032324,45.7306018134024 15.8101279242675,45.7306137163451 15.8101686681429,45.7306177721539 15.8102201962255,45.7306295108384 15.8102361608873,45.7306581761473 15.8102680902595,45.7307155067582 15.810286470041,45.7307689466722 15.8102861652922,45.7307937048645 15.8102613625528,45.7308202191549 15.8102204778469,45.7308275909975 15.8101606507209,45.7308272297722 15.8100845541295,45.7308229604801 15.809956696078,45.7308259980956 15.80984496546,45.7308443685509 15.8097795592019,45.7308554009917 15.8097572883351,45.7308971678265 15.8097567252942,45.7309428746985 15.809769664996,45.7309962818267 15.8098235834811,45.7310346991568 15.8099182709622,45.7310752685157 15.8100320405095,45.731112142349 15.8101351209845,45.7311337159677 15.8101782321146,45.7311663540869 15.8101779976515,45.7311853989177 15.8101614701567,45.7312024404765 15.8101260939123,45.7312041308615 15.810055366134,45.7312056086529 15.8099656254855,45.7312050666739 15.8098594979884,45.7312101394213 15.8097722647557,45.7312267537887 15.8096576504592,45.7312584400001 15.8095348777931,45.7312900758914 15.8094773945063,45.7313202022872 15.8094660939379,45.7313544166882 15.8094685086704,45.7313791913129 15.8094762914236,45.7314097112661 15.8094863937615,45.7314726239457 15.8095044444608,45.731552726913 15.8095146654906,45.7316061167334 15.8095467589181,45.7316501169664 15.8095926603602,45.7316770583832 15.8097255377758,45.7317083351021 15.8097770902271,45.7317181692369 15.8097931957221,45.7317354078862 15.8097927734511,45.7317696880355 15.8097625550393,45.731794265501 15.809716276748,45.7317977947876 15.8096782284421,45.7317956609002 15.8096212140248,45.7317876977101 15.8095507423679,45.731768225598 15.8094883364811,45.7317564208696 15.8094366666926,45.7317561085678 15.809406518551,45.7317749725805 15.8093764864802,45.7317843137148 15.809332952797,45.7317859554425 15.8093110086059,45.7318010592364 15.8092864162359,45.7318104341324 15.8092238225323,45.7318138645798 15.8091527169774,45.7318458133393 15.8091169893462,45.7318760702035 15.8091166371074,45.7319046369898 15.8091380869872,45.7319295267271 15.8091787143436,45.7319431048553 15.8092604856416,45.7319283619149 15.8093232216096,45.7319135047411 15.8093558549806,45.7319137020183 15.8093828842814,45.7319271978713 15.8093908079005,45.7319462911125 15.8094039834801,45.7319806543546 15.8094034905486,45.7320206478571 15.8094030915117,45.7320530232495 15.8093727541246,45.7320871225634 15.80930169655,45.7321152619158 15.8092415393538,45.7321415631348 15.809167926128,45.7321563544916 15.809088756946,45.7321806357732 15.8090503548566,45.7322070675524 15.8090444701369,45.7322432195547 15.8090440708895,45.7322755949433 15.8090683112251,45.7322947877854 15.8091063363572,45.7322988266298 15.8091306236855,45.7323142108541 15.8091303653819,45.7323351595293 15.8091027488574,45.7323692752233 15.8090695281042,45.732416689478 15.809020130083,45.7324525783173 15.8089816585954,45.7324847234353 15.8089649189565,45.7325189048822 15.8089698407396,45.7325608360243 15.809007374105,45.732604868405 15.8091157310747,45.7326398064097 15.8091945721614,45.7326421880457 15.8092707885445,45.7326369350821 15.809338729092,45.7326411547093 15.8093875389403,45.7326528773324 15.8094171946201,45.7326740077279 15.8094552200357,45.7326780464576 15.8095068202646,45.7326840721128 15.8095418454395,45.7327109478105 15.8095468615372,45.7327452617195 15.8095438378189,45.7327700025697 15.8095162904521,45.7327984049966 15.8094860244218,45.7328267909853 15.809453177986,45.7328437338046 15.8094097373785,45.7328377574476 15.8093719453238,45.7328146738726 15.8093071470663,45.732776190568 15.8092473178713,45.7327758288525 15.8091656627461,45.7327810489137 15.8091057174177,45.7327902090925 15.8090486081284,45.7327898637211 15.8089316696349,45.7327891564403 15.8088281872074,45.7327999580109 15.8087409289823,45.7328184763299 15.8086644538242,45.7328446776094 15.808601270108,45.7328957201975 15.8085323669663,45.7329695823637 15.8085181105069,45.7330228250119 15.8085174759017,45.7330742452103 15.8085468507323,45.733118228359 15.8085871497826,45.7331584687239 15.808622409804,45.7331663007825 15.8086553023997,45.7331455486943 15.808677363501,45.7331209230669 15.8086993305993,45.7331039146426 15.808723759154,45.7331078713418 15.8087425611519,45.7331270313446 15.8087641288117,45.7331423982895 15.8087966219275,45.7331540224417 15.8088291398388,45.7331637418408 15.8088533334883,45.7331867442309 15.8088937267775,45.7332193663813 15.8089098794031,45.7332327965478 15.8089478816657,45.7332387401996 15.8089939955005,45.7332485417882 15.8090264182658,45.7332658792313 15.8090286214955,45.7333077939235 15.8090172732678,45.7333458168683 15.8089842162758,45.7333798996233 15.8089458380759,45.7334044275126 15.8088967927526,45.7334117495173 15.8088559294742,45.7334172161046 15.8087985846097,45.7334359145226 15.8087521404276,45.7334527748717 15.8087300322139,45.7334812109145 15.8087323762215,45.7335116979996 15.8087565464908,45.7335366042614 15.8088108895984,45.7335407419314 15.80885182345,45.7335295620056 15.8088898271921,45.7335355056854 15.8088950074022,45.7335564881539 15.8088702027697,45.7335830021187 15.8088208988495,45.7336112727589 15.8087908421961,45.7336225184816 15.8087416556815,45.7336412671284 15.8086868895065,45.7336714095548 15.8086373504201,45.7337187240309 15.808609637611,45.7337604576902 15.808609191081,45.7337966425703 15.8086250852967,45.7338310214436 15.8086572732796,45.7338674038065 15.808695065742,45.7338904876162 15.8087273242968,45.7339211566047 15.808756933413,45.733946094873 15.8088059322255,45.7339425824348 15.8088525177588,45.7339142953578 15.8089017749523,45.7338898333103 15.8089508441767,45.7338806074546 15.8089860564451,45.7338922479985 15.8090240134764,45.7339020002383 15.8090730592137,45.7338946781819 15.8091085076393,45.7338872747785 15.8091438373691,45.7338893924154 15.8091517142027,45.7339122951712 15.8091486197803,45.7339427502595 15.8091212360123,45.7339578220186 15.8090557790057,45.7339726626208 15.809014633479,45.7340009826823 15.8089815056273,45.7340407787853 15.8089619280761,45.7340844666263 15.8089639433693,45.7341416166267 15.8089685834169,45.7342064002771 15.808968160594,45.7342406813052 15.808926732933,45.7342918547509 15.8088554608872,45.7343371338611 15.8087734497227,45.7343709203915 15.8086529432119,45.7344387566088 15.808565117004,45.7345029815977 15.8085125762784,45.7345731338694 15.808481766845,45.734645321646 15.8084786014938,45.7346814900636 15.8085136496223,45.7347064622123 15.8085922363442,45.7347297929514 15.8087062943827,45.7347438147038 15.808847572248,45.7347560970197 15.8089318093468,45.7347623203657 15.8089642564459,45.7347777539752 15.8089966096141,45.7348008047813 15.8090372155293,45.7348162868164 15.8090942094478,45.7348261550623 15.8091268210363,45.7348282562663 15.8091429037251,45.7348473997533 15.8091536990043,45.7348817477134 15.8091533907822,45.7349067434135 15.8090663511416,45.7349347859641 15.8089846752295,45.7349414346641 15.8089181645582,45.7349588881532 15.8089124055695,45.7350124197819 15.8089219867539,45.7350624737642 15.8089775509482,45.7351056632037 15.8090845022193,45.7351170231515 15.809217171569,45.735110682714 15.809355160556,45.7350865193923 15.8093810170119,45.7350960480934 15.8093863149315,45.7351075076787 15.8093750369967,45.735139817292 15.8093636429417,45.7351816497687 15.8093495744991,45.7352196571901 15.8093517780414,45.7352615709639 15.8093730649535,45.7352997921101 15.8094161331517,45.7353362391196 15.8094891871559,45.7353671544687 15.809554035453,45.7354018290677 15.8095726742034,45.7354343203921 15.8095533078595,45.7354608673613 15.8095040965099,45.7354815201741 15.8094386143278,45.7354982666331 15.8093674585385,45.7355340231903 15.8092904868619,45.7356002192331 15.8092190020908,45.7356626386128 15.8091368247938,45.7357097568444 15.8090738274441,45.7357455625514 15.8090433012028,45.7357948979596 15.8090400409091,45.7358386835839 15.8089956806361,45.7359069806426 15.8089538758829,45.7359886255921 15.8089257862826,45.7360608308218 15.8089280365146,45.7360989359941 15.8089495126745,45.7361219210143 15.8089983019697,45.7361355485643 15.8090361652746,45.736152918901 15.8090494342787,45.7361796631519 15.8090437605084,45.7361986750681 15.8090000576771,45.7362136471968 15.808945336089,45.736239981118 15.8088851507891,45.736268185955 15.8088087179589,45.7362905786867 15.8087756355805,45.7363265661038 15.808775283113,45.7363551328657 15.8087723058329,45.7363760650752 15.8087531972618,45.7363816632417 15.8087260706911,45.736375785334 15.8086988501206,45.7363775255227 15.8086769522306,45.7363888205776 15.8086847352047,45.7364193414594 15.8087226221054,45.7364348071489 15.8088036964548,45.7364771990156 15.8088658724983,45.7365080480457 15.8089061741779,45.7365482891893 15.8089245780027,45.7365998245209 15.808943028853,45.7366475503478 15.8089699663541,45.7366686644028 15.8090131292829,45.7366974943569 15.8090484150796,45.7367034215417 15.8091215880915,45.7367248142738 15.8091540598627,45.7367383430802 15.8091593109205,45.7367536112751 15.8091589821211,45.7367802741862 15.8091478211315,45.7368030618109 15.8091312681689,45.7368220070436 15.8090931929976,45.7368217767946 15.8090606272353,45.7368158660738 15.8090413776067,45.7368328909919 15.8090355628285,45.7368633296094 15.8090377426818,45.7369071490267 15.8090590065098,45.7369472740736 15.8091074677334,45.7369875635894 15.8092131130878,45.7370224850749 15.8093922621184,45.7370521370207 15.8095008378809,45.7370699346188 15.8095225493788,45.7370738747226 15.8095196179941,45.7370909983407 15.8094841440999,45.7371003075067 15.8094405123906,45.7371095664535 15.8093831639125,45.7371282660319 15.8093394134762,45.7371470477857 15.809298847782,45.7371920484731 15.8092840227612,45.7372362401758 15.8092836529252,45.7372662357241 15.8092830893728,45.7373119425404 15.8092821559807,45.737387644904 15.8092810993122,45.7374733451824 15.809280518148,45.7375204798851 15.8092924574954,45.7375448360718 15.809320750406,45.7375664342331 15.8093266414974,45.7375850391744 15.8093203101555,45.7376021422319 15.8092976617475,45.7376191466439 15.8092689285245,45.7376332573749 15.8092464373075,45.7376374071774 15.8092199558535,45.7376343901776 15.809191680556,45.7376113641035 15.8091817099332,45.7375927335883 15.8091470680501,45.7375896672284 15.809089953868,45.7375893218497 15.8090286015378,45.73760180726 15.8089734044516,45.7376114720784 15.8089548694767,45.7376256444134 15.8089362124313,45.7376498155677 15.8089257661322,45.7376697506016 15.8089053153246,45.7376739117792 15.8088665774748,45.7376722494518 15.808830159471,45.7376477451356 15.8087998275481,45.7376261354169 15.808761035582,45.7376287576096 15.8087219100175,45.7376585177643 15.8086972738417,45.7376712251466 15.8086644255973,45.7376881677148 15.8086253339112,45.7377150711524 15.8086046715112,45.7377363732281 15.8086043365734,45.7377635111943 15.8086164343369,45.7377750119602 15.8086406298678,45.7377980143878 15.8086587243035,45.7378195500975 15.8086828317431,45.7378496937548 15.8086825497163,45.7378725471577 15.8086576314107,45.7379081070335 15.8086247653809,45.7379264783762 15.8085797310286,45.7379390613918 15.8084979965047,45.73794999427 15.8084139948292,45.7379794835919 15.8083646162461,45.7380134673401 15.8083378512105,45.7380333035282 15.8082867155573,45.7380444214963 15.8082255036612,45.7380454797704 15.8081663309402,45.7380465494601 15.8081152998044,45.7380490973185 15.8080621236423,45.7380602028289 15.808033425171,45.7380714565701 15.8079757204265,45.7381101398041 15.8078882654033,45.7381438927042 15.8077926262017,45.7381795008437 15.8077677719139,45.7382098231326 15.8077616032847,45.7382688284194 15.8077634762502,45.7383374050913 15.8077984321909,45.7383699955537 15.8078471996282,45.7383855274496 15.8079070818507,45.7383820813329 15.8079454416906,45.7383594585936 15.807978102337,45.7383577515361 15.808010668876,45.7383636625684 15.8080838436449,45.7383850559692 15.8081489767844,45.7383968779646 15.8081923052364,45.7384123776762 15.8082246601659,45.7384354286966 15.8082405789491,45.738467902852 15.8082455947342,45.7385022158823 15.8082262266752,45.7385287635023 15.8082122519702,45.7385591517611 15.8082282648462,45.7385840087182 15.8082552042946,45.7386051220465 15.8082899738473,45.738652947666 15.8083003582534,45.7386930069731 15.8083027257202,45.7387215901892 15.8082698296967,45.738742342136 15.8082288683991,45.7387554256703 15.8081853515063,45.7387551621698 15.808155457879,45.738753077158 15.8081367718213,45.7387243951189 15.8081289182755,45.7386995875612 15.8081047460861,45.7386746811778 15.8080261069985,45.7386551595881 15.8079528377971,45.7386413833483 15.8078984898141,45.7386372452457 15.8078466489852,45.7386502627363 15.8078435522768,45.7386807177507 15.8078404568498,45.7387111727726 15.8078075371375,45.7387338284351 15.8077801742037,45.7387469941953 15.8077474897863,45.7387506059442 15.8077285685927,45.7387409677355 15.8077043965535,45.7387160621683 15.8076587256816,45.7386700752023 15.8076019635104,45.7386411623301 15.807550334483,45.73863703964 15.807509514343,45.7386386971188 15.8074548838625,45.7386574121994 15.8074164058949,45.7386895567178 15.8074187729103,45.7387181399496 15.807440271703,45.7387392204881 15.8074701194832,45.7387451151934 15.8075027568207,45.7387453130227 15.8075270229438,45.7387626014339 15.8075320383046,45.7387969153911 15.8075317087184,45.7388235773837 15.8075230314348,45.7388654261171 15.8075171920732,45.7388977684902 15.8074761598454,45.7389165660007 15.8074326428343,45.7389163022128 15.8074027478776,45.7389142160962 15.8073700162478,45.7389216363352 15.8073534855934,45.7389386774466 15.8073205891042,45.7389594282168 15.8072660995554,45.738966716508 15.8072225825073,45.7389664526398 15.8071681400561,45.7389699313857 15.8071079509233,45.7389981352509 15.8070614086572,45.7390226129713 15.8070069648574,45.7390260916322 15.8069580086109,45.7390257946709 15.8069090523652,45.7390254976886 15.8068545155739,45.7390365943811 15.806821406734,45.7390744859474 15.8067910403593,45.7391104892519 15.8067526101182,45.7391388249499 15.8067330054424,45.7391844161989 15.8067270477331,45.7392262813719 15.8067344764861,45.7392853682026 15.8067747550395,45.7393275139305 15.806834072738,45.7393697751588 15.8068773531587,45.739389083959 15.8069097316696,45.739410230599 15.8069202343197,45.739440768084 15.8069197866212,45.7394769520153 15.8069166657909,45.7395093117458 15.8069051982836,45.7395568572765 15.8069045856211,45.7396063726495 15.8069528354998,45.7396638031053 15.8070341238928,45.7396890561747 15.8070910988438,45.7397008292873 15.8071586944395,45.7397336169892 15.8071965124697,45.7397547974332 15.8072098062685,45.7397796371398 15.8072036826791,45.73983483377 15.8071973719305,45.7399052656989 15.8071886235672,45.7399528268437 15.8071747408539,45.7399755986587 15.807144752399,45.7399811305752 15.8071094647501,45.7399752027952 15.8070878478377,45.7399636432418 15.8070691383696,45.7399368657838 15.8070697508937,45.739887350412 15.8070757097082,45.7398454852327 15.807062415965,45.7398206446114 15.8070139537955,45.7397803542424 15.8069627714411,45.7397400473519 15.8068871355966,45.7396976871975 15.806827487571,45.7396820888813 15.8067785307531,45.7396817918399 15.806664227464,45.739686812008 15.8065797710609,45.7396977269932 15.8065196987318,45.7397164085947 15.8064866600059,45.73974858581 15.8064480169523,45.7397940614373 15.8064172254875,45.7398643447105 15.8063869068765,45.7398965384093 15.8063376432848,45.73992099931 15.8062668323826,45.7399281880275 15.8062205956186,45.7399279072634 15.8061496916257,45.7399427131103 15.8061193007493,45.7399806209741 15.8060834234117,45.7400223034902 15.8060149563843,45.7400599800557 15.8059655981092,45.7400920579873 15.8059570374293,45.7401243846425 15.8059702350885,45.7401568425747 15.8059860586514,45.7401969351232 15.8059829608366,45.7402273900725 15.8059555272396,45.7402462687385 15.8059063811416,45.740261207507 15.8058107606742,45.7402949091979 15.805715212193,45.740322897471 15.8056714816459,45.74033977304 15.8056005757043,45.7403545785334 15.8055516183114,45.7403542809628 15.8055082431593,45.7403425897544 15.8054403172115,45.7403364630545 15.8053915487616,45.7403209301306 15.8053564500259,45.7402997665244 15.8053376940464,45.7402767973848 15.8053053865053,45.7402499360589 15.8052675216175,45.7402325644889 15.8052282604453,45.7402009539658 15.8051896260019,45.740190719459 15.80516727649,45.7401834417684 15.8051427978705,45.7401832928933 15.8051182483752,45.7401888573571 15.8050814241232,45.7401972040429 15.805020102231,45.7402068296936 15.8049811500912,45.7402223060718 15.8049583739663,45.7402493074961 15.8049600245885,45.7402807433008 15.8049878386863,45.7403409071439 15.805011856607,45.7403781927873 15.8050133287479,45.740423912842 15.8050127616492,45.7404696195916 15.805014252816,45.7405139099679 15.8050341733035,45.740552599574 15.8050135971012,45.7405667588463 15.8049707763115,45.7405650694625 15.8049340581337,45.7405648460834 15.8048931715284,45.7405717399997 15.8048521962888,45.7405857751306 15.8048213325426,45.7406070135418 15.8048147690189,45.7406426851463 15.8048122865772,45.740678381583 15.8047976520654,45.7407068614068 15.804771063045,45.7407124133851 15.8047282953346,45.7407064393525 15.8046794617624,45.7406961426061 15.8046060961693,45.7406899823049 15.8045468851283,45.740693907674 15.8044976082173,45.740719319693 15.8044747619975,45.7407520343666 15.8044698840664,45.7408162850849 15.8044856003204,45.7408649478454 15.8045320565031,45.7409023701814 15.804590611643,45.7409512936914 15.8046308779399,45.7409943920843 15.8046468958127,45.7410187735658 15.8046465057188,45.7410501969505 15.8045936864975,45.741049345479 15.8045396911327,45.7410166390553 15.8044558944884,45.7409742276236 15.8043720743163,45.7409337208783 15.8042418984499,45.7409024544399 15.8040927541173,45.7408653594402 15.8039869628169,45.7408418590041 15.8039082275039,45.7408299517675 15.8038455524021,45.740839093444 15.8037853359224,45.7408692002754 15.803746618885,45.7409203883046 15.8037241014327,45.7409811977049 15.8037179755502,45.7410363941239 15.8037065273964,45.7410820345484 15.8036597214893,45.741127459474 15.8036268933797,45.7411424958159 15.8035751439624,45.7411478941548 15.8035287167693,45.7411628484721 15.8035065541948,45.7411950911194 15.8034952255231,45.7412312095929 15.8034944203628,45.7412959601916 15.8035172891653,45.7414256124179 15.8035273403945,45.7414923349876 15.8035159867154,45.7415303573003 15.8034886687711,45.7415397134185 15.8034698657795,45.7415205534729 15.8034648053126,45.7414900488604 15.8034354551475,45.7414441597279 15.8034166522172,45.7414249988738 15.8033786213305,45.7414209581085 15.8033567191111,45.7414322521082 15.8033561743307,45.7414760540869 15.803371664771,45.7415428098356 15.8034038537077,45.7415791927359 15.8034363979301,45.7415870098237 15.8034770545433,45.7415986852425 15.8034930661631,45.741623542843 15.8035141395976,45.7416789041593 15.8035164087161,45.7417151055258 15.8035377426873,45.7417495182216 15.8036053623069,45.7417804041694 15.8036570163126,45.7417826239005 15.8037059275886,45.741786730884 15.803735610865,45.7418059579973 15.8037678001886,45.7418423407957 15.8037783489035,45.7418690699553 15.8037779701544,45.7418995405062 15.8037723873933,45.7419109349322 15.803742444929,45.7419126564522 15.8036934625148,45.7419142628245 15.8036605392414,45.7419369172588 15.8036656708811,45.7419617085205 15.8037009120558,45.7419714459612 15.803782462694,45.7419757518295 15.8039157161635,45.7419784686688 15.803981278543,45.7419560130067 15.8040389177158,45.7419144628305 15.8040991351911,45.7418843558768 15.8041378289208,45.7418350724857 15.8041625448524,45.7418161768093 15.8041870478312,45.7418144220512 15.804216683978,45.7418374576348 15.8042574119062,45.741843419436 15.8043010481568,45.741834161603 15.8043527744865,45.7418306676863 15.8043959851546,45.7418386025348 15.8044363773721,45.7418717031025 15.8044863999003,45.7419505715703 15.8045000416841,45.7420020794769 15.8044996160226,45.742036359526 15.8044830835694,45.7420534002025 15.8044359334311,45.7420716824698 15.8044111879117,45.7420929589132 15.8044108154148,45.7421229535052 15.8044186382077,45.7421501420057 15.8044347272742,45.7421688092724 15.8044139551974,45.7421986805666 15.8043891209244,45.742227098231 15.8043865304108,45.7422713646504 15.8043898830444,45.7423299507875 15.8044118088604,45.7423715095859 15.8044195075254,45.7424086959822 15.8044171843903,45.7424315369303 15.8044026378972,45.7424528754647 15.8043614660238,45.742482621644 15.8043324984311,45.7425152999074 15.8043322323295,45.7425367244855 15.8043442237888,45.7425567957062 15.8043623522636,45.7425754762993 15.8044166339223,45.7426400862888 15.8044388082069,45.7426616483878 15.8044424801827,45.7426945253862 15.8044419480489,45.7427373754418 15.8044474642582,45.7427859760922 15.8044756514992,45.7428161445494 15.8044998652144,45.7428377190515 15.8045015333803,45.7428677260626 15.8044850361417,45.7428819109649 15.8044442364831,45.742881662582 15.8043973517119,45.7428785202494 15.8043585913967,45.7428782842524 15.8043033705738,45.7428893755558 15.8042152602964,45.7429202647426 15.8041619012957,45.7429456517474 15.8041452265045,45.7429741190504 15.8041448538537,45.743004113636 15.8041526766353,45.7430313021505 15.804152250746,45.7430655821909 15.8041413771048,45.7431197968005 15.8041409157158,45.7431569335101 15.8041201963547,45.743182519288 15.8040772493597,45.7431908283533 15.8040260713801,45.7432048010342 15.8039993213464,45.7432232082874 15.8039785308963,45.7432545073784 15.8039291094539,45.7432913458054 15.8038675367115,45.7433209684072 15.8038179731047,45.7433692334636 15.8037808447366,45.7434018609543 15.803774386734,45.7434289624671 15.8037557965345,45.7434474184877 15.8037170180686,45.7434486110554 15.803682337371,45.7434483996918 15.8036537773259,45.743448225623 15.8035968881196,45.7434293086624 15.8035195101198,45.7434174094377 15.8033849232787,45.7434123040194 15.8032726337054,45.7434187610644 15.803153851545,45.7434551761518 15.8029596417451,45.7434868460744 15.8026038628972,45.7435503832777 15.8025322485847,45.7435670874264 15.8025054801076,45.7435869222093 15.8024991281937,45.7436054536391 15.8025714301901,45.743697315374 15.8028024761367,45.7439844150265 15.8030000764865,45.744230036037 15.8030735600425,45.7443206449229 15.8034940248788,45.7448526856999 15.8040753121069,45.7455780687909 15.8043164089396,45.7458785589345 15.804503695285,45.7461105714727 15.8047870059804,45.7464622645871 15.8051405555862,45.746908662267 15.8055102358427,45.7473708692831 15.8057453036417,45.7476651289996 15.8060166013077,45.7479996046638 15.8063219299969,45.7483871390854 15.8065350069776,45.7486455530094 15.8067961654412,45.7489756794455 15.8070051487267,45.7492354956184 15.8072426522309,45.749526434048 15.8074087678208,45.7497331376377 15.807665743002,45.7500307923721 15.8078287981565,45.7502243405254 15.8080856536175,45.7505255954847 15.8082833831146,45.7507584441067 15.8084444090673,45.7509490834962 15.8085566255043,45.75107140018 15.8086987842898,45.7512360547103 15.8089373959847,45.7515212824522 15.8090554963592,45.7516515093191 15.8092109542653,45.7518410035638 15.8093157818686,45.7519444859733 15.8094367210273,45.7520652060587 15.8095606398881,45.7521649938553 15.8096927439814,45.7522629260838 15.809870954759,45.7523725641997 15.8100575400679,45.7524651113196 15.8102388484596,45.7525442947617 15.8104285298334,45.7526063862631 15.8106101662064,45.7526589071675 15.8108597457857,45.7527175504871 15.8112667617036,45.7528057112493 15.8121595737084,45.7529920262742 15.8130415327422,45.7531763641712 15.8135978545658,45.7532920781794 15.8145529501932,45.7535035085873 15.8149138694677,45.7535799522513 15.8150823305456,45.7535981035606 15.8151421354723,45.7536022709414 15.8152101485039,45.753602678614 15.8152729059959,45.7535878183511 15.8153169002767,45.7535499896647 15.8153199692615,45.7535214392481 15.8153666378023,45.7534874363427 15.8154047709243,45.7534838559695 15.8154456948233,45.7534745785434 15.81550843012,45.7534616220053 15.8156095079859,45.7534279449606 15.8156612896656,45.7534206364848 15.8157022367568,45.7534094542185 15.8157595300769,45.7533964649478 15.8158468194628,45.7533779424119 15.8159121578553,45.753374523876 15.8159692649479,45.7533767706831 15.8160263255187,45.7533828260577 15.8161377037956,45.7533968251909 15.8163878958835,45.7534059402211 15.8167252622622,45.7534060543439 15.8168805164038,45.7533917454344 15.8169923350543,45.7533695589096 15.8170985981947,45.7533568626052 15.8171965359545,45.7533574479578 15.8173083544147,45.7533352611224 15.8174147322331,45.7533130416729 15.8174912082223,45.7532887386142 15.8175271089538,45.7532451469639 15.817506227633,45.7531726482106 15.817498646556,45.7531249879406 15.8174991340681,45.7530849945186 15.8175430323136,45.7530547830478 15.8175920009334,45.7530550755426 15.8176464113687,45.7530554005174 15.8176981692365,45.7530499958631 15.8178074064931,45.7530163655993 15.8178978318777,45.7529635767477 15.8179667257243,45.752891614017 15.8180433864659,45.7528520752906 15.8181313224025,45.7527802252191 15.8181561789491,45.7527499007653 15.8181620369057,45.752715653151 15.8182060053612,45.7526797280802 15.818247044171,45.7526609267981 15.8182850374298,45.7526687721535 15.8183231234489,45.7526689993999 15.8183561412303,45.7526387226959 15.8183894822653,45.7525817839857 15.8184174510173,45.7525190994535 15.8184641168491,45.7524850952614 15.8185328458439,45.7524264627133 15.818571095234,45.7524133584387 15.8186146460042,45.7524117141937 15.8186637531207,45.75240057953 15.818707511163,45.7523817942977 15.818745621451,45.7523801166606 15.8187725238357,45.7524050370092 15.8188098926996,45.7524643023313 15.8188529569802,45.7525026505333 15.8189282021671,45.7525792829101 15.8189983558049,45.7526273160756 15.8190739732218,45.752673476874 15.8191357559969,45.7527386013514 15.819187097892,45.7527674761174 15.8192141872012,45.7527771601748 15.8192383472256,45.7528039680585 15.8192512544735,45.7528611834876 15.8192455824158,45.7528801949654 15.8191963810736,45.7528989479664 15.8191337874788,45.7529004798508 15.8190954002178,45.7529250101156 15.8190648951131,45.7529724432936 15.8190363014635,45.7530865481129 15.8190134017487,45.7531797367011 15.8190122899022,45.7532711502637 15.8189925987263,45.7533243616369 15.8189647215722,45.753379429098 15.8189614215109,45.7534270244074 15.8189609582065,45.75346511309 15.8189605412284,45.7534993931741 15.8189220376373,45.7535334462206 15.8189026230054,45.7535638041783 15.8189131116136,45.7535962443868 15.8189176255125,45.7536724550816 15.8189035600453,45.7537104626752 15.8189029808515,45.7537580742003 15.818937767509,45.7538058965502 15.8189508149613,45.7538516844168 15.8190046457906,45.7538996202661 15.8190560813291,45.7539208769949 15.81910493491,45.7539306916904 15.8191534642931,45.753967167452 15.8191638604802,45.7540072257324 15.8191991119514,45.7540169593299 15.8192535220544,45.754017283537 15.8193188378506,45.7540157678052</coordinates></LinearRing></outerBoundaryIs></Polygon></MultiGeometry>
  </Placemark>
  <Placemark>
	<Style><LineStyle><color>ff0000ff</color></LineStyle><PolyStyle><fill>0</fill></PolyStyle></Style>
	<ExtendedData><SchemaData schemaUrl="#ju_maksimir_natura_poligoni">
		<SimpleData name="ogc_fid">1270</SimpleData>
		<SimpleData name="sitecode">HR2001228</SimpleData>
		<SimpleData name="sitename">Potok Dolje</SimpleData>
		<SimpleData name="ms">HR</SimpleData>
		<SimpleData name="sitetype">Ekološka mreža NATURA 2000 - Područje očuvanja značajno za vrste i stanišne tipove</SimpleData>
		<SimpleData name="shape_leng">1365.072815329999912</SimpleData>
		<SimpleData name="shape_area">5.220306225800000</SimpleData>
		<SimpleData name="url">https://interni.bioportal.hr/ekomreza/natura/report/site?site-code=HR2001228</SimpleData>
	</SchemaData></ExtendedData>
      <MultiGeometry><Polygon><outerBoundaryIs><LinearRing><coordinates>15.8458793097805,45.8257898648326 15.8459223310749,45.825780112608 15.8459409184022,45.8257630779413 15.8459454728317,45.8257231081878 15.845923769713,45.8256572765253 15.8458817690102,45.8255799003814 15.8458421132169,45.8254768269432 15.8458188016583,45.8253738470673 15.8457994256226,45.8252837450697 15.8458005298829,45.8251894755121 15.8457994077427,45.8251109054029 15.845812602678,45.8250309892921 15.8458383566904,45.8249254334777 15.8458701887506,45.8248241972697 15.8459471684318,45.8247060784254 15.8460489131515,45.8245666753798 15.8460492807664,45.8245383573751 15.846004686431,45.8245081048128 15.8459540963689,45.8244663914313 15.845913270262,45.8244633008826 15.8458559330435,45.8244744000198 15.8457679015747,45.8244896082006 15.8456531587796,45.8245175195991 15.845554844685,45.8245383833186 15.8454587080695,45.8245478311467 15.8453954252363,45.8245431837943 15.8453589194569,45.8245201198824 15.8453428434977,45.8244971730141 15.8452820062217,45.824458256568 15.8451845461734,45.8244062748591 15.8450605940041,45.8243484275259 15.8448753697137,45.8242887998899 15.8447205898898,45.8242464885275 15.8445921168256,45.8242257537468 15.8444963829301,45.8242009209311 15.8443293613311,45.8241571099341 15.8441606344119,45.8240847204499 15.8439939433718,45.824012818395 15.8438108600464,45.8239451067755 15.8436141565944,45.8238773175191 15.8433561943183,45.823806794135 15.8431932327133,45.8237653856606 15.8429010814462,45.823706568985 15.8426700791233,45.8236600067376 15.8424664289928,45.8236040789109 15.8422426302036,45.8235242270853 15.8420021710749,45.8234133304649 15.841773695862,45.8232939210382 15.8415046908464,45.8231495287462 15.8412831031758,45.8230268350867 15.8411760459317,45.823009552758 15.8410109095607,45.8230086004597 15.8409376405136,45.823015091877 15.8408609188521,45.823024171833 15.8407926804883,45.8230356824358 15.8407567048672,45.8230545199137 15.8407240640474,45.8230793296591 15.8407117387869,45.8231137782395 15.8407131603248,45.8231375940915 15.840743453643,45.823167527769 15.8407652483005,45.8231962219772 15.8407698067605,45.8232426713491 15.8407608316693,45.8232819018724 15.8406883729405,45.8233624274546 15.8405987632468,45.8234535678584 15.8405469657264,45.8235130152382 15.8405127063281,45.8235306721156 15.8404376442688,45.8235433335476 15.8403710515319,45.823559613307 15.840198583057,45.82360266062 15.8400346693151,45.8236421867025 15.8398995978829,45.8236902103726 15.8398019813462,45.8237384512044 15.8397041100658,45.8238081163729 15.8396524880724,45.8238542420098 15.8396092790414,45.8239087483394 15.8395762699817,45.8239645049356 15.8395451477071,45.8240047968731 15.8395090149073,45.8240367277469 15.8394541563184,45.8240685503554 15.8393923043514,45.8241158062595 15.8393798794762,45.8241585871053 15.8393792599933,45.8242109596238 15.8393821160693,45.8242574001002 15.8393904037177,45.824276493053 15.8394183019732,45.8242785592108 15.8395641966091,45.8242079814559 15.8397201894284,45.8241474603786 15.839900679279,45.8240885094867 15.8400706001727,45.8240594945945 15.8402463454335,45.8240562237905 15.8403769768378,45.8240669774099 15.8405524016743,45.8240908447674 15.840709255176,45.8241303168988 15.8409820360906,45.8242147390629 15.8410674531084,45.8242480858634 15.8411448163044,45.8242713867508 15.8412161510994,45.824286082292 15.8413671131633,45.8243055225326 15.8415060183171,45.8243077511169 15.8416549200984,45.8243286070762 15.8418426209839,45.82435111521 15.8420403356215,45.8243908208716 15.8422889728933,45.82444367558 15.8426087120019,45.8245312218937 15.8427981214516,45.8245823058392 15.8431666082274,45.8246944136998 15.8434903186228,45.8247919788788 15.84378556253,45.8248779513744 15.8439585128334,45.824938939171 15.8440418555753,45.8249751277782 15.8442244854233,45.8250818793596 15.8443462773067,45.8251497146031 15.8445553326454,45.8252680446646 15.8447156569761,45.8253603832748 15.8448370324482,45.8254639266128 15.844990810601,45.8255919374065 15.8450759976436,45.8256452777951 15.8451818495401,45.8256787386381 15.8453673968708,45.8257112271384 15.8455509342282,45.82574084698 15.8456874995744,45.8257687686783 15.8457792355898,45.8257864350363 15.845836373406,45.8257924758655 15.8458793097805,45.8257898648326</coordinates></LinearRing></outerBoundaryIs></Polygon></MultiGeometry>
  </Placemark>
</Folder>
</Document></kml>
