<?xml version="1.0" encoding="utf-8" ?>
<kml xmlns="http://www.opengis.net/kml/2.2">
<Document id="root_doc">
<Schema name="rpj_opcine" id="rpj_opcine">
	<SimpleField name="id" type="int"></SimpleField>
	<SimpleField name="zup_rb" type="int"></SimpleField>
	<SimpleField name="zup_naziv" type="string"></SimpleField>
	<SimpleField name="zup_sjedis" type="string"></SimpleField>
	<SimpleField name="mbroj" type="string"></SimpleField>
	<SimpleField name="naziv" type="string"></SimpleField>
	<SimpleField name="status" type="int"></SimpleField>
	<SimpleField name="status_opi" type="string"></SimpleField>
	<SimpleField name="povrsina" type="float"></SimpleField>
	<SimpleField name="opseg" type="float"></SimpleField>
	<SimpleField name="shape_star" type="float"></SimpleField>
	<SimpleField name="shape_stle" type="float"></SimpleField>
</Schema>
<Folder><name>rpj_opcine</name>
  <Placemark>
	<Style><LineStyle><color>ff0000ff</color></LineStyle><PolyStyle><fill>0</fill></PolyStyle></Style>
	<ExtendedData><SchemaData schemaUrl="#rpj_opcine">
		<SimpleData name="id">146</SimpleData>
		<SimpleData name="zup_rb">1</SimpleData>
		<SimpleData name="zup_naziv">Zagrebačka županija</SimpleData>
		<SimpleData name="zup_sjedis">Zagreb</SimpleData>
		<SimpleData name="mbroj">01694</SimpleData>
		<SimpleData name="naziv">JASTREBARSKO</SimpleData>
		<SimpleData name="status">2</SimpleData>
		<SimpleData name="status_opi">Grad</SimpleData>
		<SimpleData name="povrsina">229030913</SimpleData>
		<SimpleData name="opseg">103209</SimpleData>
		<SimpleData name="shape_star">229040520.227</SimpleData>
		<SimpleData name="shape_stle">103210.991458</SimpleData>
	</SchemaData></ExtendedData>
      <MultiGeometry><Polygon><outerBoundaryIs><LinearRing><coordinates>15.5856035906,45.7563707372738 15.5868455726401,45.7559054529065 15.5878977502349,45.7557290728906 15.5894164551874,45.7559101854755 15.5900975990652,45.7561533608664 15.5910809312259,45.7565044209411 15.592313624737,45.7562299510376 15.5932738350904,45.7560161300162 15.5953699187742,45.7560951794612 15.5960962863242,45.7560587835647 15.5963720080611,45.756044951752 15.6020022765136,45.7548636134326 15.6028581873588,45.7543731932097 15.6040174065896,45.7534042676602 15.6041670767706,45.7517928346579 15.6052677081984,45.7513550863709 15.605187667479,45.7510855694299 15.6053772447333,45.7507876281807 15.6056437152884,45.7504712855565 15.6059246055756,45.7502988361417 15.6060903263977,45.7501719725692 15.6064378216139,45.7502151174895 15.606696913588,45.7504026999613 15.6071258274283,45.7508413189882 15.6075154095859,45.7512081619929 15.6079043140136,45.751512019102 15.6080241209642,45.7515709668698 15.6082661383286,45.7516900460353 15.6083148918461,45.751680542189 15.608740699697,45.7515975265607 15.6093930346868,45.7513061067684 15.6105095836158,45.7499774318843 15.6106689923004,45.7492747280176 15.610385431648,45.748025528435 15.6105446344814,45.747304842061 15.6112304468377,45.74655431528 15.6120083590685,45.7460012592376 15.6136119950269,45.7445709604373 15.6140746170828,45.7445684687936 15.614678606572,45.7445652127524 15.6149609308594,45.7445277006995 15.6160257670554,45.7443599766377 15.617470712347,45.7448650420902 15.6182362864369,45.745526742007 15.6190711197809,45.7466379808316 15.6196667634587,45.7470396480115 15.6203112335084,45.7472071029446 15.6209400023578,45.7472693206732 15.6211732829832,45.7472924021256 15.6221111850569,45.7472261446225 15.6221943195103,45.7472202697077 15.6233821132692,45.7471363561181 15.6247510691538,45.7465799834279 15.6259073274523,45.7453948969132 15.6270042156454,45.7457937840038 15.6273134395507,45.7458640630137 15.6286036397624,45.7497351010914 15.6294282837233,45.7499195109255 15.6299750473788,45.7497942343307 15.6307261421193,45.7496221444953 15.631253767642,45.7495012358857 15.6340561196902,45.7488590915649 15.6342264475691,45.7491460791575 15.6331061974251,45.7500970903357 15.6332163630877,45.7507443399457 15.6344326351002,45.7514574095136 15.637148588944,45.7518021919649 15.6390127941552,45.7518457490713 15.6415184140713,45.7517776812666 15.6426830068114,45.7513392127646 15.6429770701406,45.7500868325846 15.6430727409101,45.7494654267219 15.6433143345068,45.7492391142207 15.6444403042063,45.7488008500032 15.6454799581092,45.7486779897731 15.6460149838128,45.7487616591593 15.6462993985373,45.7488061449679 15.6463683800008,45.7488169289967 15.6466505883839,45.7487703361173 15.6467766117459,45.7485536672236 15.6468095455893,45.7480675874639 15.6470492484621,45.7476793164741 15.6476256877701,45.7475140599324 15.6518467584777,45.7468871470186 15.6528496904599,45.746926403599 15.6544974795378,45.7471599050697 15.6566279578707,45.7469047013744 15.6581078492267,45.747067128502 15.6582843880139,45.746778162402 15.6580958734378,45.7460504204404 15.6580209186052,45.74514204825 15.657598590065,45.7441996919626 15.6575436168242,45.7428053203414 15.6586884671268,45.7428976871761 15.6597703029326,45.7427988100355 15.6602745341016,45.7427527246518 15.6603701612816,45.7427439920999 15.6611294827735,45.7428385636841 15.6614378999245,45.7428367742231 15.6615611783446,45.7423951635925 15.6615543616287,45.7418193285131 15.6617905259167,45.7411430986846 15.6647409582668,45.7428625524909 15.6662944784089,45.7438162634296 15.6680524690195,45.7446697954912 15.6682701913757,45.7447053952452 15.6684774035124,45.7447392894373 15.6694402631802,45.7445811040466 15.6694559959601,45.7445785189991 15.6696702677793,45.7445433256693 15.671220860929,45.7441742775066 15.6719655454728,45.7441159060812 15.6730067643878,45.7441367649687 15.6744023896546,45.7405113038466 15.6744316698151,45.7376137721084 15.6751261763847,45.7376636377802 15.6755707896167,45.7372380992695 15.6792981480166,45.7378945838957 15.6810566063987,45.7382042434592 15.6814323417451,45.7379293777923 15.6815278652103,45.7378594956199 15.683291474561,45.737066108992 15.6846769456842,45.7368778427669 15.6925377375478,45.7376491768052 15.6920764832249,45.735681408656 15.6924431029908,45.7341585130776 15.6956016189844,45.7309438142074 15.6966048561206,45.7299220812041 15.6968465518039,45.7286968770531 15.699722485526,45.7264837250762 15.7006201646169,45.7253264610676 15.7032770031717,45.7241043656934 15.70354500866,45.7229419645676 15.7047874368327,45.7216295690019 15.7048437303069,45.7209993600988 15.7068658692598,45.7193851819996 15.7075434528467,45.7181122569079 15.707621169903,45.7161322017861 15.7084741930621,45.7155330269484 15.7084921831306,45.7128964794775 15.7094590351275,45.7121616290638 15.7103633983149,45.7105543350651 15.7111261887289,45.7099377103791 15.7114550976106,45.7085319600595 15.7132100206679,45.7071622803699 15.7137123561755,45.7062683348574 15.7135675204854,45.7049825166376 15.714271128903,45.7037633619939 15.7151148359077,45.7024533547123 15.7154979402674,45.7012811994961 15.7154581129149,45.7001746815585 15.7148120547221,45.6988560153992 15.7116908614573,45.6957621951688 15.7135339869704,45.6942929830242 15.714733263541,45.6926838219556 15.7159304846063,45.6909216633807 15.7166861662236,45.689774161421 15.7184219607243,45.689970196235 15.7188075790142,45.688006192533 15.7186181722117,45.6862527435234 15.7200241359047,45.6847681743899 15.7208497125239,45.6830803159745 15.7206493790748,45.6804811204716 15.7211817823756,45.6799558623377 15.7210571938438,45.6782559991214 15.7215631898119,45.6776769298489 15.7214862633804,45.6766876144012 15.72189177492,45.6762801386582 15.7221084189534,45.6751629950817 15.7224749377937,45.6747197628385 15.7233315967173,45.6744623817089 15.7242413736769,45.6733498368666 15.725980651529,45.6718720738329 15.7265481560599,45.6710946215565 15.727307187579,45.6702439588055 15.7270798017854,45.6695345613411 15.7268648401767,45.6686798304354 15.7267955995703,45.6684026037035 15.7260504871979,45.6663647720878 15.7266061376485,45.6656683841756 15.727197947108,45.6657815731986 15.7274536646712,45.6652898932792 15.7279492099385,45.6643370765597 15.7273123707223,45.6637202701915 15.7269570317091,45.6630386843054 15.7282657370555,45.6620315320059 15.7287775632331,45.6609304912593 15.7259678590454,45.6599856098479 15.7254373749828,45.6586572577994 15.725300246938,45.656984480742 15.7248989256475,45.6557182854111 15.7238673965209,45.6553289219933 15.7238414439647,45.6543122973286 15.7232816270582,45.6536859828467 15.723188999291,45.6524718066714 15.7226419199333,45.6518364161814 15.7223167505547,45.6504977451764 15.7228389179168,45.6501974919567 15.7225610062792,45.6485435995681 15.721733574389,45.6470551364615 15.720562622644,45.6457848097924 15.719818955397,45.6448176973747 15.7188056881198,45.6448330919812 15.7187823767055,45.6448301503164 15.7182790899079,45.644766645209 15.7179034754285,45.6447192496234 15.7169039568369,45.6445931245364 15.7178637750921,45.6434083198059 15.7176812076664,45.6431755102468 15.7167704622582,45.6431812408804 15.716782091059,45.6431674453443 15.7169702969681,45.6429440687302 15.7172506449183,45.6426113414626 15.7167376793295,45.6426235678775 15.7167457897187,45.64225458639 15.7157811079387,45.6420536855326 15.7162458362626,45.6412769264303 15.7160482605545,45.6408732437008 15.7156214157884,45.6405969798401 15.71619183823,45.6400625111538 15.7152546920856,45.6400054100589 15.7158042870263,45.6398489868547 15.7156854000638,45.6395797993183 15.7150779681218,45.6392236677068 15.7155071968812,45.6386810919843 15.7156172253568,45.6382574809382 15.7149328529909,45.6379018495448 15.7154785199294,45.637439521166 15.7164820554044,45.6376761730944 15.7164650354714,45.6374262779557 15.7164396566792,45.6370540484469 15.7164189148963,45.6367497514052 15.7169256188877,45.6362516642156 15.7157654540492,45.6358000537581 15.7159142021565,45.6353941951984 15.7153983012078,45.6351724790415 15.7149089899544,45.635022589964 15.71495512643,45.6346173680876 15.7156850235672,45.6345228098836 15.7147031935142,45.6339710853649 15.7154065136033,45.6338046968385 15.714694138855,45.6332602772546 15.7138111562407,45.6324109848593 15.714353464974,45.631687735137 15.7138202041348,45.6311061901745 15.7140970731639,45.6306905317028 15.7136062031444,45.6304146696457 15.7140294096312,45.6304120194843 15.7135952178025,45.6295509081076 15.7141286949242,45.6291426521713 15.7135707324945,45.6286332511736 15.7136525980365,45.6280118638363 15.7143029533277,45.6277198464156 15.7133679703553,45.6268078899979 15.7135118902799,45.6260241289721 15.7146125436929,45.6258462771664 15.7142681397379,45.6249846052642 15.7136048885593,45.6242599047118 15.7147576959766,45.6231458962313 15.7157132011433,45.6226540027257 15.7170208819484,45.6226277837194 15.7224267469056,45.6231785456041 15.7245350992915,45.6245778842676 15.7268097909391,45.6249503239811 15.7274764795066,45.6259268734502 15.7296829784136,45.626965567777 15.7307970345576,45.6278222575343 15.7326646801736,45.6304017507027 15.7349963395935,45.6341209916393 15.736959419766,45.6341713079007 15.7373354685825,45.6335268465608 15.7374438739585,45.6333410718162 15.7375865936397,45.6330964687278 15.7377848214498,45.6325642903037 15.7398420165056,45.6329468871394 15.740158877116,45.6326952420716 15.7404132042226,45.632493257345 15.740459046665,45.6301354338721 15.743299967037,45.6296580378153 15.7444689211506,45.6268969645761 15.7445223485668,45.6251239730954 15.7428549402493,45.6241360428826 15.7424504934393,45.6226449798359 15.7410483071503,45.6213403626244 15.7412006256042,45.6212223887115 15.7417696634591,45.6206158043427 15.7419973834815,45.6203803752076 15.7368293499378,45.6154738700961 15.7410976586746,45.6143934167145 15.7426904907309,45.6136451956464 15.7443700339985,45.6126714263006 15.748467578369,45.6093872520527 15.7488193301868,45.6088450348708 15.7489102539007,45.6079716173175 15.7515839852765,45.6065862880305 15.7536619907514,45.6057177278285 15.7577667509437,45.5982939641408 15.7579183724459,45.5981309903853 15.7588385213189,45.5979269025636 15.7618506169043,45.5979158232554 15.7647508637335,45.6000469807828 15.7707552781457,45.6041727348052 15.7725200764606,45.6075891179317 15.7747072906699,45.6072233416555 15.7755021474375,45.6087633208833 15.7759060167934,45.609545736119 15.7765114230781,45.6051144856607 15.7768733393156,45.6034743402491 15.7768202042034,45.6014860852459 15.7744375726237,45.5941687277395 15.7744848380087,45.5920178201781 15.7726904091672,45.5920119990647 15.7721331597992,45.5915658537875 15.771584667327,45.590822720348 15.7720458537637,45.5898747714318 15.7720284557326,45.5895419616587 15.770899879312,45.5894866122488 15.7708787921683,45.5888838636821 15.7719975123285,45.5891552367632 15.7723745422655,45.5886127904848 15.7716593516901,45.5878617860602 15.7720092700148,45.5872115410066 15.7696128492473,45.5862829286001 15.7702306138799,45.5855408960039 15.7694661120621,45.5849251714969 15.7686707823051,45.5848675493988 15.766911348361,45.5845914522094 15.7663905665442,45.5839920712578 15.7658777800807,45.5839775209465 15.7656973682954,45.5840958932015 15.7654087141516,45.5842852776245 15.7652681062494,45.5843775373916 15.7645906172883,45.5841686955981 15.7638396640072,45.5839372036141 15.7633197997302,45.5843456088382 15.7630615288906,45.5842880598219 15.7627476000618,45.5842181067724 15.7626317738278,45.5841922952628 15.762535718654,45.5841708890756 15.7626095368575,45.5830006234026 15.7619903560196,45.5826988245479 15.7613406555219,45.5820372872391 15.7609092913486,45.5814102908383 15.7611440977684,45.5807698399208 15.7611425131032,45.5806528685902 15.7611106755881,45.5801941765664 15.7597920358046,45.5802839597012 15.7583822544664,45.5802663447496 15.7580169510069,45.5797828763146 15.759227535129,45.5783350931939 15.7595542071213,45.5778560139905 15.7586209118755,45.5770613733285 15.7585096795356,45.576414235796 15.7577226885026,45.5760145416128 15.7577774195357,45.5753213150169 15.7565032372353,45.5748978521787 15.755023737498,45.5734949283658 15.7541560521821,45.5747154554995 15.7539390775377,45.57465445346 15.7525612550855,45.574267076425 15.7524824268843,45.5744695161753 15.7523743555382,45.5747470643093 15.7523259013297,45.5748715054311 15.7502608187012,45.5747051551456 15.7501985931299,45.57580336006 15.7503139308432,45.5767654148174 15.7502320889975,45.5783136651631 15.7507510015056,45.5797499684904 15.7514433046851,45.5807352083131 15.7505073224804,45.5912513587399 15.7499961141988,45.6000010309676 15.7499319030482,45.6005912275169 15.7498891801346,45.600980470387 15.7496754079879,45.6029281848863 15.7496418708667,45.6032337236915 15.7496147804344,45.6032291545772 15.7495762568548,45.6032221509996 15.7488812749954,45.6031056141226 15.7487122780798,45.603077284775 15.7486654125229,45.6030691795256 15.747536099145,45.6029776095588 15.7449992259289,45.6001777628565 15.743461754412,45.5982981738877 15.741575609956,45.5962138603632 15.7409262399637,45.5955702117502 15.7403779869356,45.5948179222702 15.7400316078659,45.5938213601256 15.7397736455514,45.5927252421926 15.7391737181023,45.5919372941941 15.7382831785315,45.5914661596428 15.7377431498269,45.5913346743571 15.7368140638028,45.5908547766735 15.7344939030192,45.5898439484081 15.7340509970238,45.5892979000701 15.7323791929429,45.5888587409357 15.7320228703468,45.5880691836465 15.7318302990997,45.5880434269242 15.7315787444688,45.5874241674059 15.7317172915033,45.5862534946638 15.7325203987424,45.5849435924839 15.7343261232715,45.5838701829872 15.7349414047706,45.5829033941213 15.735109378692,45.581048664003 15.7378342566262,45.5797263152269 15.7383584492935,45.578661120091 15.7387003699474,45.5783529652178 15.7380503007661,45.5776373114328 15.7380443946562,45.5771874411525 15.7369622601922,45.5767445242018 15.736520395867,45.5762704687785 15.7362641364899,45.5752913148451 15.7361330731657,45.5750672078987 15.7358856473849,45.5747628609113 15.7359821226363,45.5743033207224 15.7362481131664,45.5740676577615 15.7360894260563,45.573690747091 15.7363277718974,45.5733022891045 15.7352403340472,45.5734262799036 15.7351768965243,45.5733671014588 15.7351583239377,45.5733497947873 15.7351449762984,45.5733369250825 15.7351170978822,45.5733100943465 15.7350892967378,45.5732833307087 15.734993859613,45.5731939122393 15.7349213336069,45.5725465065405 15.7348116708452,45.5719983204689 15.7343723357025,45.5717131951506 15.7343180308784,45.571479596076 15.7344140614839,45.5709840696172 15.7343558853366,45.5704535552171 15.7321610743982,45.5691629089515 15.7309253666163,45.5697017346716 15.7307284514379,45.5703238829587 15.7299762491162,45.5706076534145 15.7293485195065,45.5706116716478 15.7287737757097,45.5707503200801 15.7286356746834,45.5709671554818 15.7276496866346,45.5719992665439 15.7271298994302,45.5724254997218 15.7270109755436,45.5731371265091 15.7273298647965,45.5750067377062 15.7275557952514,45.5756351722313 15.7268263105814,45.5776824373176 15.7268076535967,45.5782224527095 15.7269518300401,45.579463296989 15.7272106431258,45.5806494156555 15.72724313643,45.5811801180701 15.7270746909815,45.5820270153288 15.7271385140152,45.582998429762 15.7277817620256,45.584182088798 15.7279158439824,45.5846401510212 15.7263471572327,45.5852260458503 15.7255028300531,45.5853394026814 15.724493291947,45.5855617792652 15.7223010395711,45.5864935123188 15.7200596639856,45.587596488988 15.7192668683517,45.5877364625827 15.718131648324,45.5881575387471 15.7179213905954,45.5887527450353 15.7172551733964,45.5897737525444 15.716736522774,45.5903079102669 15.7161270125608,45.590752660333 15.7155015771785,45.5909545432202 15.715052124899,45.5918931770455 15.7142125861847,45.5923933545622 15.7119528427356,45.5930913541588 15.7113048214632,45.5935363165196 15.7093031574033,45.5943766256272 15.7086813950103,45.5948754035448 15.7074579379048,45.5954318944756 15.7071419448747,45.5957847872084 15.7067212544979,45.5959673583755 15.7058925972431,45.5963234260278 15.7055129531082,45.5967127017392 15.7050548073712,45.5969764768271 15.703888819165,45.5970106838212 15.7026660608504,45.5976301098965 15.7021837295635,45.5980110073142 15.7001217148391,45.5991754711142 15.6993972906316,45.5996748190556 15.6993239646221,45.5999632115541 15.6974001395317,45.6009108132048 15.6964012522448,45.6020237108181 15.6957299252027,45.6026756805494 15.6948139231106,45.6032391630946 15.6941221672124,45.6032793664781 15.6933186333835,45.6036081874409 15.6926413457951,45.6037832792856 15.6913397451419,45.6042680857882 15.6909076856277,45.6045766388843 15.690607091224,45.6046099365804 15.6905284186569,45.6046186473561 15.6903059714928,45.6046432792522 15.6901576513027,45.6045918257395 15.6894609049958,45.6043525407925 15.6890958328271,45.6042276864994 15.6893955288667,45.6035779964579 15.6898619505974,45.6018925053026 15.689882506309,45.599390861897 15.689492561075,45.5989523146394 15.6890259592295,45.5985322172327 15.6876704165427,45.5987923555309 15.6874910379746,45.5987709667965 15.686740714098,45.5986815050567 15.6855138018317,45.5985353929319 15.6836233152005,45.5980248571645 15.6827529575243,45.5981290491038 15.680914268515,45.5987159357427 15.6802115950289,45.5989090979244 15.6794948089034,45.5989943476233 15.6788191836262,45.5993043242238 15.678466275665,45.599801327096 15.6773339882559,45.600509924851 15.6765634722725,45.6014593134974 15.6765302229456,45.6018914300622 15.6765124583754,45.6019013278975 15.676427900981,45.6019512104157 15.6762927480251,45.6020309542084 15.6759701293051,45.6022186875222 15.6754938607746,45.6021413461287 15.6747370934856,45.6020190349973 15.673698403176,45.6019891862568 15.6729777791034,45.6006886895478 15.6725602816351,45.6000792845985 15.6718981836687,45.5993813174682 15.6705113181574,45.5991735248626 15.6699027796612,45.5986642090293 15.6690023505601,45.5983995523872 15.6673645254171,45.5986431020649 15.6673480157776,45.5986100632533 15.6669895495807,45.5978926771714 15.6668130536551,45.5975395465911 15.6661114387947,45.5978226001866 15.6658326585172,45.5980941697173 15.6656585073141,45.5981236423436 15.6656330174045,45.5981280317983 15.6656151931688,45.5981314424359 15.6655454472387,45.5980619826067 15.6653372081242,45.5978546134654 15.6646812727632,45.5972010630366 15.6644379585437,45.5972204781339 15.66427835555,45.5978152931381 15.6642646666642,45.5978236108973 15.66414400696,45.5978929525911 15.6640110104702,45.5979698245311 15.6637798402091,45.597893473622 15.663238891877,45.5977133625827 15.6628421975721,45.5977696684591 15.6627434758025,45.5977242935637 15.6621849213894,45.597467550339 15.6612476873381,45.59733802385 15.6596044323786,45.5982113663355 15.6594416084109,45.5985362567569 15.6585497752478,45.5990003170867 15.6581760039385,45.5999202998212 15.6574187413969,45.6009324733614 15.6559491038944,45.6024166514682 15.6542363869446,45.6028494178115 15.6531514334787,45.6032515542469 15.6509801269036,45.6039388439519 15.6500706343189,45.6039980326555 15.6492464736902,45.6047855773121 15.6488644144819,45.6050037040181 15.6489293122771,45.6061821065681 15.6487434553768,45.6067410584873 15.6483606595998,45.6068962061494 15.6433086982819,45.6079416276344 15.6423717833497,45.6089727229782 15.6428478185012,45.6102387836391 15.6422598984641,45.6115198441379 15.6415578626998,45.6117937466687 15.6410794669651,45.6118780745572 15.6404543426793,45.6119886602342 15.64013756739,45.6120446930277 15.6395721871429,45.6120118159129 15.6392908026765,45.6119954482317 15.6383683491418,45.6120546008223 15.6377746390775,45.6122423989426 15.6375188051145,45.6123236809939 15.6373610006678,45.6123735087577 15.6370652525979,45.6124668133091 15.6362414728267,45.6121834817764 15.6335011389488,45.6124866804787 15.6326868092635,45.6130401070024 15.6308116644985,45.6138963360348 15.6302745027603,45.6140162752633 15.6281269309981,45.6145950303162 15.6263223742282,45.6148929034989 15.625759143717,45.6149769763304 15.6251960099953,45.6150700534973 15.6245817023331,45.6151723926748 15.6228717594296,45.6159106063722 15.6206877594812,45.6178481466985 15.6195820018068,45.6187359886929 15.6177436568481,45.6194748226953 15.6173876021496,45.6197467047284 15.6146652372465,45.6205622573137 15.6138157562796,45.6199010681523 15.6136968171638,45.6198084953448 15.6135400357091,45.6196864977659 15.6124505372185,45.6197283436298 15.6119297125449,45.6200087364287 15.6118258674245,45.6200646451418 15.6117384224162,45.6200622033506 15.6116655480458,45.6200610013855 15.611607390548,45.6200600614004 15.6115052170097,45.6200573663119 15.6110434254117,45.6200418382869 15.6109811408795,45.6201324529256 15.6108036088995,45.6203940553778 15.6099573294175,45.6203985874866 15.6097797192277,45.6201974320833 15.609750535999,45.6201643861746 15.6097110739258,45.6201194184298 15.6095158961498,45.6198970625451 15.606542576383,45.6200478866164 15.6062333314624,45.6199487810893 15.6061094050703,45.6199090558716 15.605963529151,45.6198620105103 15.6054684182418,45.6191357868042 15.6051086255952,45.6190657076121 15.6051042598015,45.6186608151923 15.6052112078371,45.6178774024584 15.6047442899345,45.617384981422 15.6041120558244,45.6170194073188 15.6040772055149,45.6161647651086 15.6044831280972,45.6157576834578 15.6048239780033,45.6152609760041 15.6053381092852,45.6141874558469 15.6053257840165,45.6130447490893 15.6052876783298,45.6130623230152 15.6044500010639,45.61344145927 15.6027178176256,45.6142254123037 15.6023911009999,45.6143740426373 15.6020834766314,45.6142799991302 15.6017864828129,45.6141882708546 15.6015556971767,45.6141894892547 15.6013633892747,45.6141905041879 15.600454057896,45.6142002935092 15.5997223459255,45.6142083198788 15.5994613508817,45.6142109633387 15.5990163326436,45.6142154608652 15.5977736788879,45.6142273882182 15.5977208419855,45.614035309395 15.5975069223805,45.613256979986 15.5955687064068,45.6130910031822 15.5955306015205,45.6130873595188 15.5927090771178,45.6130120923492 15.5911001553217,45.6112028116162 15.5904170768174,45.6108644183231 15.5888330952081,45.6101977526747 15.5886314472152,45.6093079648363 15.5888351442111,45.6079481797896 15.5886131425926,45.6075624023781 15.587838992389,45.6070894910406 15.5870734143385,45.6062116137319 15.584308188907,45.605352993338 15.5827555035445,45.6052079796638 15.5817403587248,45.6049792117634 15.5800790019009,45.6042408242978 15.579587329939,45.6038024198084 15.5787351783324,45.603212867673 15.5783950382143,45.6025487195656 15.5775194840328,45.602175232663 15.5774373965811,45.6016717512147 15.5774342503577,45.6013658286934 15.5783747377582,45.6005782166776 15.5780451107957,45.5996890541762 15.5775966223539,45.5984585664854 15.5772851202964,45.5980822198224 15.5764365827095,45.5978345705452 15.5755161366921,45.5968224165965 15.575371086708,45.5964272365119 15.5752522214042,45.5960858998991 15.5754395992522,45.5956080499137 15.5742945670229,45.5951908993606 15.5730227331015,45.5936496123647 15.5715441772306,45.5931981267591 15.5709173658891,45.5933182498918 15.5701227446118,45.5933222284117 15.5690070833876,45.5932648155414 15.568683948405,45.5929964793478 15.5686240276612,45.5921419475657 15.5686964604511,45.5917006706028 15.5684058273933,45.5895785237109 15.5680167308978,45.5891215520729 15.5665726650115,45.5895336698013 15.5656167480643,45.5895209755711 15.5647087275585,45.5895086358264 15.5645859060921,45.5895075428279 15.5639068629659,45.5895289022104 15.5633325175101,45.5897656917637 15.5621752114463,45.5906622364295 15.5619854914307,45.5909151293942 15.5613205568121,45.5923491219563 15.5600453981505,45.5930032775646 15.5597286675073,45.5933737543097 15.5592166349079,45.5947260128496 15.5589023095218,45.5953394370221 15.5582570636351,45.5961884328776 15.5577848880362,45.5963977054013 15.5570291238924,45.5964463964638 15.5566455064064,45.5965382592335 15.5559413638995,45.5966226796519 15.5554567172584,45.5968679964605 15.5546471719186,45.5979607268356 15.5539957666158,45.5994935965235 15.5540922115937,45.6014727389238 15.5552603512965,45.6029337647892 15.5542531044516,45.6034875597166 15.5551725735359,45.6057236418897 15.5562087410364,45.6080851218522 15.5554697378483,45.6098433887526 15.5533672818682,45.6111583672286 15.552119378651,45.612028253512 15.549669445029,45.6132278577774 15.5471014682209,45.6141670411448 15.5456676395672,45.6157126183598 15.5469022843811,45.6160936131388 15.5481081357829,45.6174645418671 15.5534318420796,45.6190044931464 15.5558795686283,45.6201533524788 15.5561114465869,45.6202601921316 15.557906124356,45.6214931758318 15.5587897328645,45.6226586095086 15.5609834539364,45.6253112920909 15.5605045134666,45.6261504991995 15.55867142479,45.6262314719783 15.5537222673475,45.6276413624832 15.5527050954529,45.6285371235916 15.5513557978353,45.6308741892085 15.5501840871196,45.6330214272224 15.5497363928785,45.6332802278159 15.5481434593874,45.6342010369524 15.5462704564454,45.6341650398482 15.5455428084705,45.6345194484085 15.5437974568953,45.6357425554865 15.5438848932996,45.63682192412 15.5448542062483,45.6375731287177 15.5451345862391,45.6387055584067 15.5459393135288,45.6396735031002 15.5462310527557,45.6395806011432 15.5469185088616,45.6393616555044 15.5470006900229,45.6393354795897 15.5488188091001,45.6394567914658 15.5495165326116,45.6395033412745 15.5514267758502,45.6393951338497 15.5550329084249,45.6395575791962 15.5544558920461,45.647361812783 15.5536321616979,45.6483916134363 15.5534234827159,45.6493464309147 15.553357350989,45.650444520156 15.5522174200821,45.6519437450262 15.5524523490851,45.6523475283779 15.5523937897108,45.6529147034176 15.5524417692961,45.6538772701225 15.5521250109305,45.6542837236895 15.553026277917,45.6558990123047 15.5523652938524,45.6565320938038 15.553155430983,45.6572841026038 15.5536116302506,45.6580017443743 15.5535445991126,45.6590098668468 15.5537391206992,45.6592837740407 15.5537592151734,45.6593120733919 15.5538439057481,45.659431313684 15.5534840954728,45.6593790812851 15.5534838610593,45.6597659870324 15.5534858959665,45.6621594981204 15.5532865038052,45.6640590708878 15.5528599229394,45.6663466701356 15.5539628277014,45.6675650732533 15.5535401095648,45.668943837688 15.5530955585822,45.6694138951018 15.5526546290321,45.6702528652987 15.5520128151766,45.6728474332467 15.5520226617072,45.6738461833373 15.5513664063301,45.6749831201499 15.5505804485204,45.6759857147 15.5496282349405,45.6770520819085 15.5485472750871,45.6780830848065 15.5472396949541,45.6782603324818 15.5457033499166,45.6786726142722 15.5428405895926,45.6799730249462 15.5424017778601,45.6810548920558 15.5400574972605,45.6828926455461 15.5385821936002,45.6843303251395 15.5376950058581,45.6855222753617 15.5362007877012,45.689020571996 15.5323257647707,45.6933128502268 15.5295343078772,45.6941176940547 15.5290414134571,45.6963065138029 15.5277596017247,45.6979051232939 15.5253847327848,45.6993468004062 15.5249224640512,45.7007166390032 15.5251269895781,45.7033521317766 15.5258454546448,45.7046445414456 15.5279039457366,45.706398649745 15.5292547085034,45.7079940301346 15.5291195988188,45.7113599411883 15.5285531301941,45.7139360157167 15.5282635770315,45.7159169307221 15.5286941792944,45.717984490117 15.5271410088794,45.7194673590864 15.525021712767,45.7208628520475 15.5232521760718,45.7225806231949 15.5216916018009,45.7232986257335 15.5186855207835,45.7233033571016 15.5163789719709,45.7241314626182 15.5157917561498,45.72434227258 15.5149304701086,45.7242831838703 15.5149249162836,45.7250750345554 15.5150408757146,45.7265052005174 15.5138906921754,45.7271672496945 15.5154132774454,45.7278802161997 15.5173964151101,45.7283751205218 15.5190131990187,45.729537511584 15.5224589804342,45.7311773952977 15.5233624408484,45.7329818529491 15.5252312835552,45.7335941143121 15.5270526812137,45.7346204823225 15.5291301887625,45.7355466418465 15.5304257602236,45.7366653773078 15.5319433390451,45.7381519639633 15.5331285398936,45.7398110650585 15.533637767691,45.740654492855 15.5340020085236,45.7408895817311 15.5346204842528,45.7412887520711 15.5355419012215,45.7408885046223 15.536592108925,45.7418553485737 15.5380622156914,45.7421268082675 15.5382415342782,45.7421599219583 15.5392055040812,45.7423379114186 15.5395158199796,45.7423115865207 15.5401043419139,45.7422616607703 15.5407592753992,45.7422135781504 15.5419813840643,45.7423427236909 15.5422681959828,45.7427642663078 15.5434585923993,45.743595406987 15.5438354686083,45.744025528851 15.543478613118,45.7443331544096 15.543468747611,45.7446391360661 15.5436117769052,45.7448094191061 15.5434733009252,45.7451070103775 15.5435795189817,45.7454574272806 15.5438151367037,45.7458972018953 15.5438836011762,45.7463287881556 15.5439901812884,45.7467151900359 15.5440085578862,45.7472819705933 15.5443215583582,45.747748371666 15.5446723159264,45.7481336199214 15.5448280427187,45.7482858403992 15.5449325207765,45.7484562978442 15.5450010734851,45.7488968694536 15.5447341678162,45.749204079913 15.5444798500186,45.7494842379379 15.5446115258719,45.7498075312946 15.5450123136206,45.7500485698542 15.545095184421,45.7500523209935 15.5453723434626,45.7500648428676 15.5457954419132,45.7499548398214 15.546075452852,45.7496745550996 15.5463823983731,45.7495201183787 15.5468946351442,45.7493287073747 15.5472149668322,45.7492281804531 15.5474053708523,45.7489843197332 15.5474014893659,45.7485884360834 15.5476006763297,45.7479306217097 15.5480136068916,45.7480996008945 15.549063457019,45.7489943466952 15.549165695067,45.7491414055071 15.5493101460224,45.7493491709673 15.5493502631806,45.7494068674973 15.5495271646007,45.7493756907787 15.5500846223547,45.7492774396885 15.5505050005403,45.7492033357673 15.5507241940808,45.7492742660647 15.5513735462826,45.7499549658461 15.5515572267157,45.7499312377888 15.5515923791075,45.7499267012472 15.5520509026936,45.7498674590804 15.5529652525748,45.7497493031889 15.5536187518398,45.7495481767795 15.5543512412004,45.7495356107902 15.5548694154234,45.7486512861091 15.5561831683235,45.7489328233773 15.5564161306961,45.7485956958799 15.556585769222,45.7483502203437 15.5570067033049,45.7477410572819 15.5577843614358,45.7471073883546 15.5589600197138,45.7451490579563 15.560525528925,45.7474718598199 15.5613493817137,45.7488804835915 15.5647602480883,45.7493675345834 15.5655725601076,45.749624434877 15.5657907579929,45.7495963556387 15.566406390897,45.749467332188 15.5669716005137,45.7494375247578 15.5676155787466,45.7495692878829 15.5683114211236,45.7497457813361 15.5690993511501,45.750128768073 15.569433360551,45.7503464683203 15.5695651416143,45.7504323628301 15.5697222320649,45.750411184711 15.5697810094527,45.7504032573114 15.5699116931949,45.7503856422073 15.5702946912767,45.750131783761 15.5705369511887,45.7499416182969 15.5708785335637,45.7494090188578 15.5714523709067,45.7489652429274 15.5717076490406,45.7487929960323 15.5718853782246,45.7485761594177 15.572180496835,45.7485296853127 15.5723481278164,45.7485828277636 15.5724012936879,45.7487535263394 15.5721250875988,45.7493937707948 15.5718454747414,45.7497011086787 15.5714503733788,45.7500270132853 15.5711189794898,45.7502986164719 15.5707499445754,45.7506603809014 15.5704073370333,45.7510940071639 15.5702444824619,45.7515087264506 15.5702588255524,45.7516882178284 15.5702674502167,45.7517961136415 15.5702739610424,45.7518775064429 15.5700425332933,45.751869659848 15.5692410548547,45.7539432101761 15.5683958261949,45.7555130810387 15.5683734797124,45.7571058396255 15.5695495146261,45.7577208317689 15.5703489345643,45.7579597711247 15.5710031041716,45.7578215256815 15.5721264175686,45.7570510582011 15.5733648269901,45.7562260158389 15.573519440925,45.7562612383541 15.5737737345559,45.7559900202066 15.5739056012108,45.7563132827074 15.5743976571438,45.7566617258776 15.57517498951,45.7572516683299 15.575872713353,45.7575990676583 15.5764410705915,45.7578661405149 15.5779861586798,45.7581102546369 15.578498906225,45.7581841084779 15.5789516946357,45.7582493226087 15.5797486574909,45.7582452711301 15.5805690699243,45.7580251363437 15.5815535773413,45.7575162338211 15.582796346369,45.7571229618365 15.5835124082559,45.7567593830612 15.5856035906,45.7563707372738</coordinates></LinearRing></outerBoundaryIs></Polygon></MultiGeometry>
  </Placemark>
  <Placemark>
	<Style><LineStyle><color>ff0000ff</color></LineStyle><PolyStyle><fill>0</fill></PolyStyle></Style>
	<ExtendedData><SchemaData schemaUrl="#rpj_opcine">
		<SimpleData name="id">295</SimpleData>
		<SimpleData name="zup_rb">4</SimpleData>
		<SimpleData name="zup_naziv">Karlovačka županija</SimpleData>
		<SimpleData name="zup_sjedis">Karlovac</SimpleData>
		<SimpleData name="mbroj">03158</SimpleData>
		<SimpleData name="naziv">VIVODINA</SimpleData>
		<SimpleData name="status">2</SimpleData>
		<SimpleData name="status_opi">Grad</SimpleData>
		<SimpleData name="povrsina">179394890</SimpleData>
		<SimpleData name="opseg">147910</SimpleData>
		<SimpleData name="shape_star">179419777.754</SimpleData>
		<SimpleData name="shape_stle">147921.317938</SimpleData>
	</SchemaData></ExtendedData>
      <MultiGeometry><Polygon><outerBoundaryIs><LinearRing><coordinates>15.33678100625,45.7602487685781 15.3370670309626,45.7586552787981 15.3359214012007,45.7583977314342 15.3366686176106,45.7565419434264 15.3363810043567,45.7557419556828 15.3360114300058,45.7562739316857 15.3360138710697,45.7566788438638 15.3358226327814,45.7569403453422 15.3357364194399,45.7569205968857 15.3356348323699,45.7568973155955 15.3355787927806,45.7568850955077 15.3355667384377,45.7568824702764 15.3349602084257,45.7567449271349 15.3345866303924,45.7566110576567 15.333455896153,45.7566863763422 15.3334201555468,45.7566303717797 15.3333843661646,45.7565743055205 15.3332864196164,45.756420961537 15.3331574724916,45.756219341987 15.3346710457563,45.7556840281646 15.3355144872774,45.7548627135185 15.3361790072303,45.7542218989038 15.3359942898069,45.7534306154313 15.336172223675,45.7530971723955 15.335039953351,45.752902554996 15.3348447666735,45.7525072060983 15.3338916550631,45.7521770900814 15.3337984945332,45.7516464849666 15.3329505681292,45.7517119620174 15.332277517728,45.750922099871 15.3311436828081,45.750457504101 15.3298135654259,45.7493996169775 15.3290416123128,45.7470893634338 15.3290349207542,45.7459556289312 15.3296841394951,45.7449009880839 15.3305416009756,45.7442956221505 15.3307168349025,45.7435032898915 15.3262711448048,45.7436511041512 15.3265908190436,45.7431781342076 15.3273923199822,45.7419922517313 15.3287194081299,45.7403957649463 15.3300343654631,45.7389342833167 15.3330414666669,45.7368019810825 15.3348481760218,45.7359508644425 15.3349702527649,45.7358921370922 15.3357511562528,45.7355168850707 15.3361294107201,45.7353352146053 15.3375155452959,45.7350701754562 15.3418814475845,45.7345982401748 15.3441151763216,45.7342675696361 15.3479140407329,45.7335451674143 15.3499678249543,45.7332149403194 15.3512626393346,45.7327520451586 15.3520928627107,45.7319666626765 15.3525537659049,45.731704283994 15.3543247732558,45.7313748594612 15.3559043105522,45.731243958997 15.3564551152406,45.7309812879226 15.3564521955197,45.7305223954225 15.3555204758701,45.7294815355121 15.3545772103694,45.7286386662674 15.3548573943702,45.7282508759775 15.3552279114569,45.7279257884054 15.3565787970714,45.7281697341365 15.3569900894228,45.7282442036398 15.3576740031035,45.7279815949795 15.3581948127637,45.7277815167896 15.3611754392534,45.7277720940268 15.3612145652397,45.7277546848859 15.3613949951361,45.7276757675504 15.361918470433,45.7274458080985 15.3620012341679,45.7263387797439 15.3622783768425,45.7254920888874 15.3632899451553,45.7249759775276 15.3646902484057,45.7249714977251 15.3662678103225,45.7245705095052 15.3678441041132,45.7239805533355 15.3692263434993,45.7231932469542 15.3706218924422,45.7224778648724 15.3714439041454,45.7205226117954 15.3723640000609,45.7197997684137 15.3731954731687,45.7192751369384 15.3750484572411,45.7178383664364 15.3759632584802,45.7163416633894 15.3763190837896,45.7138660265175 15.3769592001324,45.7116503837379 15.3779686117975,45.710873204624 15.3780712384382,45.7108548674704 15.3800200338081,45.7103444845717 15.3840098873309,45.7096832303756 15.3853447178184,45.709552744984 15.3861404939924,45.7094780569423 15.3876266915583,45.7089511173671 15.3895794449801,45.7071898324804 15.3915223360394,45.7058694451967 15.3931979173758,45.7049008865594 15.3951689708637,45.7039582396885 15.3959507447349,45.7037305790277 15.3973376788267,45.7037257499166 15.3979114248149,45.7037721408399 15.3980267390642,45.7037812031347 15.398519823439,45.703820598753 15.3998553849953,45.7038159023802 15.4002279894755,45.7038415976639 15.4014368881377,45.7040802879443 15.4022097845125,45.7044104887756 15.403033763558,45.7046955146818 15.4041547879974,45.7052134320634 15.4047439551132,45.7048659688311 15.4050704847254,45.7046740605193 15.4052476171686,45.704569956112 15.405830005932,45.7042266721128 15.4058653924989,45.7037946301327 15.4061213157554,45.7036677524067 15.4056264699257,45.7027247216773 15.4055862444972,45.702490905348 15.405609902838,45.7022118887264 15.4057222853262,45.701770576495 15.4055775595963,45.7012941928166 15.4052245803448,45.7004316325806 15.4045090686723,45.699156457004 15.4043522424949,45.6987790873243 15.4043260523108,45.6987071990915 15.404449950068,45.6980859010393 15.404306379658,45.6977624691474 15.4028576609168,45.6963009170409 15.402521674657,45.6960051720084 15.4021992468239,45.6958083488989 15.4021073095389,45.6955207451784 15.4020245749138,45.6947292075528 15.4021005130988,45.694575959914 15.4020846103685,45.6941531101697 15.4035654399879,45.6929601325176 15.4060056220498,45.6912778130156 15.406890393759,45.6911216702469 15.4085338022521,45.6911157839804 15.4098354556585,45.6900313291002 15.4108611461549,45.6897765755793 15.411898773593,45.6895199919339 15.412466490038,45.68815922799 15.4129505730682,45.6876445877577 15.4134240328154,45.6874359056165 15.4146556341207,45.6873144433788 15.4152069951088,45.6872224516339 15.4166058843082,45.6871543638259 15.4167858125369,45.6871806891124 15.4172876468748,45.6873318261755 15.4177244997862,45.6873752077404 15.4185976698676,45.6873990059553 15.4193057864762,45.6876663329371 15.4192564638422,45.6879364630084 15.4193105840551,45.6883051784684 15.4195838279927,45.688790072346 15.4196233589483,45.6889249023052 15.4194841562134,45.6891953557057 15.4190754233561,45.6894758014311 15.418719645946,45.6899720038796 15.4194483993733,45.6912740483192 15.419342231717,45.6925251741612 15.4199745230461,45.6929457506326 15.4199809996424,45.69306279792 15.4199930897722,45.6932923051608 15.4200291548321,45.6939766443332 15.4200305892479,45.6940004472412 15.420034263449,45.6940613113674 15.4217145631412,45.6938301342513 15.4252346577935,45.6940869811195 15.4276996002007,45.6940895746943 15.4282559302606,45.6940895540128 15.4284173061354,45.6940895463103 15.4291252140547,45.6940903780726 15.4297260996568,45.6939300840846 15.4318929412441,45.6933510715468 15.434388110952,45.6922438122231 15.4357929875984,45.6912846376696 15.4360965850996,45.690788544123 15.4361045308985,45.6907749589042 15.4365536326438,45.690039994088 15.436999190555,45.6895523874373 15.4380611206175,45.6890803967737 15.4411374605669,45.6884476612804 15.4437665294739,45.6880865184291 15.4451372875139,45.687712244039 15.4453746185719,45.6868834972402 15.4466201019791,45.6852949441209 15.4468464248631,45.684700176405 15.4469837029752,45.6844657400595 15.4471250459082,45.6842221898579 15.4476878639097,45.6839680204204 15.4482906344829,45.6838936639983 15.4487238516387,45.6834870422192 15.4492456968241,45.6829271096046 15.4493964943551,45.6825216033743 15.449664768336,45.6823585811988 15.4512999085942,45.6813623117043 15.4533984865181,45.6805351464257 15.4525964381624,45.6797734983743 15.4521684745433,45.6792353073409 15.4512833421752,45.677718140556 15.4506001533016,45.6773609219867 15.4496996185988,45.6771125381714 15.4487101202407,45.6769724657843 15.4474769563614,45.6768603487411 15.4470141618817,45.676772184647 15.4466797088927,45.6766835068833 15.446510980186,45.6764502250965 15.4496434044331,45.6749082143152 15.4503699386871,45.674275477163 15.4508007529421,45.6735809096039 15.4507945915241,45.6728160937881 15.4510805851411,45.6716722051909 15.4521075495795,45.6716951249385 15.4530705855028,45.6718186549929 15.453328136808,45.671852243336 15.4540028915905,45.6717020513284 15.4548143060875,45.6715223823376 15.4556071829862,45.6711682844176 15.456695826022,45.6708849854535 15.4580911616327,45.6704384669452 15.4580889523729,45.670168534143 15.4592022587446,45.6697681293806 15.4604303362803,45.669277276263 15.4610181696191,45.6689689631809 15.4614771482413,45.6685981799499 15.4624018944564,45.6671277278947 15.4634438815267,45.6658727519255 15.4637336874709,45.6652237051415 15.4636662345681,45.664828067488 15.4632009777281,45.6644340398064 15.4629021666506,45.6639943537347 15.4628604836808,45.6636075976531 15.4630619313165,45.6631388714259 15.463545311465,45.6626240057508 15.463849501325,45.6621638676826 15.4639082852182,45.6615157657408 15.4639044084835,45.6610478703653 15.4632687155068,45.6602136347323 15.4629711279733,45.6599179013492 15.462067563608,45.6592737084793 15.4616015484392,45.6587806983245 15.4609927556559,45.6580903129416 15.4608996798476,45.6576947685423 15.4615236677026,45.6571163586225 15.4621060211128,45.6561602023475 15.4624164222258,45.6564558782051 15.4625633544741,45.6565200049756 15.4626024283699,45.6565378262716 15.4626074124448,45.6565401021924 15.4626178430121,45.6565448363976 15.4626997476321,45.6565807056148 15.4629349246874,45.6565225510477 15.4630711025496,45.6564892053034 15.4634431189404,45.6564786874585 15.4637387514011,45.6565404663653 15.4640475931999,45.6566471988239 15.4640755608049,45.6569260148011 15.4636425050358,45.6573147132505 15.4633755148765,45.6576127295062 15.4636347421508,45.6579266106778 15.4639042815705,45.6580141077652 15.464239474098,45.6581221035701 15.4647140675792,45.6581021843592 15.4651249781303,45.6581364863076 15.4656648538364,45.6582512585559 15.4657369775401,45.658256587057 15.4659987211023,45.658276893617 15.4663577647429,45.6582484233852 15.4668458681821,45.6583094215405 15.4672844480001,45.6585865695552 15.4675036573687,45.6587116367761 15.467582405442,45.6587208203322 15.4676308611548,45.6587260857974 15.4677990758543,45.6587464157619 15.4678569250149,45.6587295935068 15.4679917527327,45.6586903862667 15.468149804492,45.6586444249297 15.4681623158176,45.6586407154998 15.4682983056431,45.6586003927177 15.4687726238745,45.6585444432978 15.4691454888379,45.6586328985068 15.4692537424829,45.6586511987128 15.4693102810424,45.6586605271066 15.4693382304114,45.6586658425768 15.4693641024864,45.6586707973663 15.46939909585,45.6586766451808 15.4695052887102,45.6586943929618 15.4696704067249,45.658674756356 15.4698129442492,45.6586571438349 15.470197658311,45.6586285591992 15.470453312659,45.6585105196795 15.4707210958687,45.6583114609585 15.4711560090067,45.6581476826873 15.4710133473599,45.6579683203177 15.4711014982061,45.6577699945945 15.4713179044024,45.6575621348392 15.4716497578459,45.6573538122019 15.4718403508242,45.6571280735603 15.4721731103807,45.6570277028632 15.4724799132161,45.6568914719755 15.4728119223829,45.6567011248814 15.4723366466662,45.6551194227593 15.4722563351364,45.6547238340063 15.4726723013188,45.6538402907002 15.4728081871664,45.6532188554458 15.4729335209808,45.6528674067907 15.4733555522901,45.6527036841535 15.4737274665585,45.6526841417689 15.4746500190866,45.6525363331983 15.4756734456695,45.6521811344508 15.4792373788973,45.6503395664119 15.4817096800137,45.6498882205307 15.4832370842944,45.6499627411671 15.4840934854136,45.649785239169 15.4844710219291,45.6497069803632 15.485145320036,45.6495677099844 15.4880317734555,45.6495373732491 15.4892114418287,45.6494603341541 15.4896077417266,45.6492966674385 15.4900018349724,45.6488810456225 15.4907301662559,45.6485449814971 15.4919848218456,45.6482426244071 15.4941972505464,45.6474412146758 15.4951761703642,45.6464291684001 15.4973284683417,45.6446471486632 15.4983091446528,45.6439672163115 15.4995979303653,45.6430715347755 15.5013040363983,45.6430640389204 15.5038054623118,45.6430530019903 15.5049509557214,45.6434708399001 15.505254856129,45.6435067720657 15.5053875886146,45.6435228936986 15.5059900137374,45.643391779892 15.506527084004,45.6432748858396 15.5071795111526,45.6430740125607 15.5078077513479,45.6430352293734 15.5093019829762,45.6422996976855 15.5096582085465,45.641974179883 15.5097833690042,45.6416316824457 15.5101912192,45.6413419213304 15.5116382610813,45.6410654829143 15.512072840006,45.6408925617079 15.512427641339,45.6404140653876 15.5129867598427,45.6398356605614 15.5135325552193,45.6392033329011 15.5143669134835,45.637867843253 15.5146039380909,45.6371379123883 15.5159069294213,45.6365561343854 15.5159488769052,45.635539152115 15.5155479495412,45.6337863182644 15.5148403852234,45.6335555634386 15.514207399358,45.6330635249254 15.5139328743363,45.6324978847073 15.5137092255658,45.6318870151191 15.5135095943725,45.6310960688077 15.5128220460538,45.6302443417058 15.5127934382793,45.6299205378654 15.513032003988,45.6293615750975 15.5129984523587,45.628497888818 15.51306215531,45.6284526209828 15.5131567435052,45.6283765885368 15.5133928454877,45.6281867598928 15.5136477988231,45.6279820763368 15.5145336225404,45.6266823356295 15.5148419080456,45.6253402071132 15.5146815157042,45.6246300700474 15.5142185211373,45.6216897492379 15.5126003566511,45.6186196570582 15.5095380380447,45.6174636324982 15.5082778850233,45.6170733389181 15.5061574052556,45.6165428887737 15.5059772768715,45.6164263945435 15.5055512171056,45.6161496604422 15.5053791808829,45.6155565374841 15.5057054798969,45.6147722527345 15.5059973693749,45.614438013515 15.507197285663,45.6138477944521 15.5085779725785,45.6134007323925 15.5104146289629,45.6123397231114 15.5108598411419,45.6119508022667 15.5120888264254,45.6103435918457 15.5128016675494,45.6097824944835 15.5137714813474,45.6092832288125 15.5153164297657,45.6085923797755 15.5168377735949,45.6081265833057 15.5184257710874,45.6079394017904 15.519863587885,45.6081487987722 15.5209320611206,45.6086208256366 15.5217580602214,45.6092109374515 15.5230808033469,45.6108245464773 15.5237122825424,45.6111725720977 15.5241550673976,45.6112338690271 15.5242272425696,45.6112435729519 15.5243092534111,45.6112553170698 15.5243924581115,45.6112671991008 15.5244378101189,45.6112730609882 15.5246939017535,45.6113084109912 15.5247926180731,45.611322194232 15.5249061955221,45.6113380469765 15.5253917982576,45.6113090333888 15.5255597097204,45.6112990362637 15.5262762182328,45.61114276766 15.5269538423263,45.6109416686145 15.5272977124517,45.6106971255478 15.5275790000948,45.6106148393865 15.5303368051135,45.6093962673799 15.5352767368036,45.6071236083142 15.536661410786,45.6057943543352 15.5373545846913,45.6045493290332 15.5372293171935,45.6035151250246 15.5369253504774,45.6025627501424 15.5374077138775,45.6020655675766 15.537970780729,45.6019639304856 15.538472683502,45.6021685142765 15.538717786687,45.6023293242483 15.5390019558142,45.6025529357334 15.5392758984541,45.603046544375 15.5394821235901,45.6031625399124 15.5406367588247,45.6032560576636 15.5416635633663,45.6033861483344 15.5423198357149,45.6036439834071 15.5427825201374,45.603767744028 15.5431297896223,45.603834454154 15.5436735221156,45.6039392161771 15.5436944012502,45.6039433655217 15.544411987303,45.6039129411496 15.5447308860484,45.6037494522334 15.545162794683,45.6033424558189 15.5456076016186,45.6029444135364 15.5461173617469,45.6026360283467 15.5469864900326,45.6023709061137 15.5478444421555,45.6022768083237 15.5481893148715,45.6021491729696 15.5483547223794,45.602022400942 15.5483627912867,45.6015364484824 15.5474209978714,45.6009201093026 15.5477251304023,45.6005587151765 15.5481209087828,45.6003948425846 15.5485312580908,45.6004108643311 15.5487950597139,45.6004287426904 15.549018692506,45.6004445133689 15.5494801447045,45.6004422892623 15.549671179871,45.6003153911062 15.5500271780302,45.600016726537 15.5505002944215,45.5998974617304 15.5522053379097,45.5999162063456 15.5528025188896,45.5998281461359 15.5532165318551,45.5997673278411 15.5536881308737,45.5994950958217 15.5539957666158,45.5994935965235 15.5546471719186,45.5979607268356 15.5554567172584,45.5968679964605 15.5559413638995,45.5966226796519 15.5566455064064,45.5965382592335 15.5570291238924,45.5964463964638 15.5577848880362,45.5963977054013 15.5582570636351,45.5961884328776 15.5589023095218,45.5953394370221 15.5592166349079,45.5947260128496 15.5597286675073,45.5933737543097 15.5600453981505,45.5930032775646 15.5613205568121,45.5923491219563 15.5619854914307,45.5909151293942 15.5621752114463,45.5906622364295 15.5633325175101,45.5897656917637 15.5615650403981,45.5898823974253 15.5593357555812,45.5899563541961 15.5572491020862,45.5900912241189 15.5570092563388,45.5901067137015 15.5564837485288,45.5901406746973 15.5561721656916,45.5901608051781 15.5560083945505,45.5901449645916 15.5556581940379,45.5901110950721 15.5543120292038,45.5899809077951 15.5525549606716,45.5898544616834 15.5515404972413,45.5896524180314 15.5500622096289,45.5892006651499 15.5480949522419,45.5885442711518 15.5463197776568,45.5878689290554 15.5449425291257,45.5872546508406 15.5443220891302,45.5867087120578 15.5438576180882,45.5863869945293 15.5435586976438,45.5859565057181 15.5430020949672,45.5853832713168 15.5421110349357,45.5846766480553 15.5403047117581,45.5834074832259 15.5399423718896,45.5830402707115 15.5396436661716,45.5826277680535 15.5399346742805,45.5822394708955 15.5399326854392,45.5820325079135 15.5398008331064,45.5816462144506 15.5398973707567,45.5810248777688 15.5395377221015,45.5809365906023 15.5391745428766,45.5810092905338 15.5388470892694,45.5810748402069 15.5383062892154,45.5809014311468 15.5379344669408,45.5807822063549 15.5349180527108,45.5802475095314 15.5339044182229,45.5801082996489 15.5333901735915,45.5799307375743 15.5323802988912,45.5801874150112 15.5314996695557,45.5805604579481 15.5296679219649,45.580631983816 15.5289525674688,45.5808692646782 15.528791901968,45.5809058492046 15.528428309007,45.5809886660663 15.5280665464878,45.5808494959153 15.5272746153049,45.5805448362265 15.5268335992733,45.5803751730546 15.5258467073427,45.580352745072 15.5249019490525,45.5807260324575 15.524533426786,45.5809193330484 15.5244173873943,45.5809802091725 15.5242502130592,45.5809723969408 15.5238917754677,45.5809556345702 15.5231037768448,45.5802753864761 15.5228043833908,45.579772853922 15.5218510881785,45.5792283327376 15.5211013250235,45.5785209027104 15.5230600407277,45.5755784928438 15.5234736284833,45.5745867706226 15.5238546140298,45.5728483564556 15.5239113767418,45.5720652494835 15.52339912848,45.569341116102 15.522659834845,45.5678490698881 15.5223937905704,45.5673121147624 15.5214966661483,45.5658945054126 15.5200865316059,45.5644072363233 15.5191910079853,45.5631515590303 15.5189282449467,45.5624418874406 15.5189200150308,45.5615510879128 15.5192984046331,45.5609104819849 15.5199441726884,45.5600976945012 15.5204650839882,45.5596364002424 15.5218642831715,45.5585771990257 15.5241299426492,45.5570370772878 15.5249438708548,45.5564124506264 15.5256516985855,45.5554013770267 15.5259656642888,45.5547340513414 15.5258938853136,45.553906536512 15.5257199014215,45.5531064892852 15.5242889091494,45.5493607840763 15.5210831147836,45.5516880667534 15.5205263577286,45.5524194753468 15.5203387419897,45.5529062405957 15.5202836240867,45.5538693092419 15.5197701609933,45.5551314186509 15.5190626414317,45.5561874485699 15.5180374576635,45.557523862728 15.5172887315846,45.5582831343036 15.5155293196969,45.5591819434991 15.5142010014593,45.5596018608901 15.5123467602646,45.5599431582433 15.5109145445036,45.560210546225 15.5094043043736,45.5603522847316 15.5088919470576,45.5603545746169 15.5078754724044,45.5598551990837 15.5052755458231,45.5584720297896 15.5024932980014,45.556738666053 15.5012893178886,45.5567439718147 15.5002002170832,45.5567037660009 15.4980513271043,45.5570371256095 15.4970477446998,45.5579773363567 15.4969126672584,45.5586348010322 15.4974408294744,45.5589744246945 15.4978667112869,45.5593325031785 15.498291714977,45.5595915957288 15.4987810899598,45.5598863976556 15.499640882977,45.5600625925771 15.5001560411625,45.5603752763764 15.5003763623939,45.5606622431852 15.500681157348,45.5618036952766 15.5005813436961,45.561793582473 15.5005275911049,45.5617881423516 15.5003010317675,45.5617652070315 15.4994887574783,45.5616829542538 15.4986309350658,45.5617317021848 15.4981144601016,45.5617028794705 15.4963881152257,45.5616065266868 15.4958105896229,45.5614830729448 15.4951803109599,45.561188870804 15.4944988995391,45.560903880207 15.4942269625491,45.5605721225421 15.4940825116216,45.5601678245748 15.4940026508213,45.5598262415848 15.4939574318878,45.5590525768411 15.4938801832416,45.5590079178215 15.4933787475092,45.5587941394254 15.4925694324352,45.5585276911703 15.4914917706091,45.5583343869921 15.4909029765992,45.5583819200214 15.4895238836508,45.5588737601344 15.4886707889685,45.5594623077958 15.4880444928634,45.5596253515992 15.4875461136063,45.5597550891135 15.4865491996511,45.5596427365601 15.4858536218774,45.5595643501514 15.4848258771647,45.5592177953717 15.4835786372375,45.5586651998746 15.4828043141783,45.5579936163684 15.4810222049213,45.5564410050294 15.4804813980471,45.5559698251564 15.4792538977555,45.5547152331913 15.4783889573756,45.553918019967 15.4777686047087,45.5532637409585 15.4769017293307,45.5522325708169 15.4760880141142,45.5514261334604 15.4731793066564,45.5512582888633 15.4725507738178,45.551143913941 15.4715751774745,45.5508780153541 15.4696806735459,45.5499825040046 15.4691835538779,45.5497451019557 15.468704686191,45.5491441928888 15.4683171955314,45.5487498569678 15.4676416052835,45.5475918570894 15.4675568416909,45.5466383787178 15.4676321746622,45.5464580975564 15.4681793083838,45.5460329400391 15.4688174957312,45.545778359222 15.4701215744014,45.5455210271037 15.4714763359697,45.5452004800725 15.4734568111516,45.5446703636177 15.4741717936311,45.5444154333626 15.4751405218819,45.5438804970249 15.4757246915165,45.5433021652281 15.4759906348787,45.5429501183765 15.4760776021334,45.5426348033823 15.47617234644,45.5417255794557 15.4761903358,45.5408256726727 15.4763070466974,45.5400428873538 15.4763236397674,45.5399342796431 15.4764613600058,45.5395647717756 15.476562423726,45.5394023816412 15.4779252195965,45.5385418278301 15.4786661016453,45.5383317591059 15.4835614538759,45.5373122559555 15.4855094047894,45.5360262057353 15.4857636111103,45.5358091595849 15.4860806655014,45.5354568704662 15.4862387128033,45.5344843724538 15.4859366937753,45.5336128253024 15.4855054982026,45.5326068509598 15.484665880737,45.5317465880058 15.4833427332326,45.5312303075412 15.4813656944122,45.5305997962567 15.479979889518,45.5302367124612 15.4786188885962,45.529774527148 15.4782585848939,45.5295600867613 15.4772818215427,45.5291142598409 15.4749973288734,45.5269282144221 15.473937828208,45.5257718380591 15.4733547389776,45.5249374203548 15.4731852176512,45.5245691920087 15.4730908467017,45.5240026929643 15.4730875934601,45.5236157684805 15.4735589485083,45.523343855403 15.4741316437325,45.52294555441 15.4746925881093,45.5226732651408 15.4742803910436,45.5223690349347 15.4738806982418,45.5220287670886 15.4734434508811,45.5217876216952 15.4728142678806,45.5215562855775 15.4721085899005,45.5213612402432 15.4710200518666,45.5213027611995 15.4684471259957,45.5213043818657 15.4677422959827,45.5212082917805 15.4670630575399,45.5211120985379 15.4664099596678,45.5210787857474 15.4656948579646,45.5212886751308 15.4651971431887,45.5214706738265 15.4646100421678,45.5216800323791 15.4636555774449,45.522358799262 15.4630037890053,45.5224874298224 15.4617767174056,45.5227083790905 15.4612412367931,45.5229714988478 15.4585238761426,45.5241072669556 15.4579365704116,45.5242985987095 15.4574129826437,45.5244536794263 15.457120164289,45.5246528165357 15.4569049663291,45.5249506302741 15.4566414720521,45.5256085709196 15.4564644482237,45.5258792252132 15.4561332184782,45.526078513619 15.4557243754487,45.5261791320081 15.4553787400067,45.526180514765 15.4552658468015,45.526150515415 15.4551468670281,45.5261188945504 15.4550451820581,45.5260918680066 15.4547879158456,45.5259399252739 15.4543645284732,45.5258246380073 15.4538265937798,45.5257907930674 15.4530209757019,45.5259019745307 15.4526382447259,45.5260654646184 15.452345261537,45.526246601886 15.4521554122439,45.5265173037083 15.4519664297891,45.5268959842742 15.4518095761864,45.527007483191 15.4516991106895,45.5270860136171 15.451352964524,45.5270243959787 15.4510432712068,45.5267196805624 15.4504127565494,45.5263172453162 15.450052952476,45.526147700761 15.4495782250789,45.5260146063475 15.4490413614964,45.5261157097098 15.4486837107564,45.5262160999308 15.4481328929169,45.5261732749432 15.4471840970601,45.5259880411265 15.4462989462808,45.525757551323 15.4455054110282,45.525778664863 15.4450831124093,45.5257983088306 15.4448033529664,45.5258129746477 15.4447120113927,45.5258177556843 15.4434048001396,45.5256338900314 15.4433969606656,45.5262638058773 15.4436041972257,45.5265689415767 15.4439392458402,45.5268465843251 15.4443247023928,45.5270250444001 15.444646802872,45.527284747609 15.444715794485,45.5279143591085 15.4445904079205,45.5282477878075 15.4441328849937,45.5286724940086 15.443294624153,45.5295216043033 15.4432070626502,45.5297829054023 15.4431586190375,45.5301340216019 15.4435459600191,45.5305464441739 15.4437404012079,45.5308516284211 15.4438714792395,45.5312380445154 15.4444631664611,45.5315866665784 15.4445938244037,45.5319190964464 15.4446355139615,45.5323328605217 15.4442804411233,45.5327661622396 15.4441201890563,45.5335496472321 15.4438150436539,45.533820789724 15.4432286561656,45.5341470085705 15.442705638675,45.5343920118804 15.4423753717652,45.5347262262362 15.4421858723088,45.5350509092919 15.4418174727077,45.5354212717719 15.4412205869743,45.5360444625975 15.4410041199174,45.5361982758016 15.440867657165,45.5367567058252 15.4406137650066,45.5370366338917 15.4398630462432,45.5374280629706 15.4397976468324,45.5374627251879 15.4388664618982,45.5379162261316 15.4377280191789,45.5380645792821 15.4368340407911,45.5383649545042 15.4361336505406,45.5388625541436 15.4359939233438,45.5390070555031 15.4352953984181,45.5397475935133 15.4348496209624,45.540055239073 15.4334220196272,45.5409065364501 15.4325860537201,45.5420974936604 15.4316986939051,45.5432706446416 15.4308222999531,45.5442097898789 15.4301723991195,45.544626170095 15.4295607481322,45.5450244043632 15.4298203717196,45.5454823456102 15.4300909439186,45.5456972756821 15.430618257846,45.5459922364099 15.431338563433,45.5464034267048 15.4321089270784,45.5466614563538 15.4338043973578,45.5473118885451 15.4346263526131,45.547614694389 15.4347940851075,45.5477760206091 15.4344119218165,45.5480384303134 15.4339151156124,45.548382264173 15.4334057636625,45.5487621369148 15.4330771666517,45.5493302792074 15.432536037542,45.550574097313 15.4324250077786,45.5511234231823 15.4320949899479,45.5515115968237 15.4309965489454,45.5519026891814 15.4303329877327,45.5522201451323 15.429810502245,45.5525640533667 15.4296972970298,45.5528344314673 15.4292515114407,45.553160060214 15.4288709299307,45.5536383982692 15.4298624831835,45.5543365235586 15.4298665450465,45.5548674055477 15.430099580281,45.5551904760745 15.4313224732571,45.5559866985422 15.4330049136449,45.5565741965313 15.434225808594,45.5571004430566 15.4361417253561,45.5580559350345 15.4365552002247,45.558179548267 15.4367521886666,45.5582384353841 15.4367663143046,45.5582426593315 15.4377465947029,45.5585356911786 15.4385791584752,45.5585324870366 15.4397306653201,45.5583660667447 15.4405628079407,45.5583088675074 15.4420878958033,45.5584109402639 15.4434596910489,45.5585675716806 15.4438163273805,45.5584475796767 15.4478159170923,45.5571017885414 15.447336431506,45.5580124987245 15.4466240926954,45.5586361847226 15.4441769839569,45.5601844704143 15.4432443290646,45.5604940413541 15.4421181142691,45.5606243967676 15.4407754856048,45.560926551355 15.4393808173322,45.5611299024935 15.4391034850361,45.5611202758648 15.4387932509609,45.5611094916428 15.4386386931881,45.5611041296078 15.4382148211881,45.5610894074559 15.4367397274046,45.5608341247158 15.4357400484184,45.5607659725666 15.4334226234192,45.5609097934632 15.4322963754927,45.5610400526063 15.4322371984622,45.5610434236185 15.4314513131354,45.5610882478353 15.4308273738208,45.5610340906804 15.4305713377782,45.5610118703882 15.4302592159653,45.5609847798589 15.4287817502519,45.5604144580222 15.4282032164277,45.5601376841854 15.4255868352116,45.5630899485688 15.4251534900326,45.5633795070821 15.4245654524314,45.5635436812207 15.4231168619269,45.5651057769166 15.4225826038341,45.5649262776079 15.4222692094298,45.5648209763965 15.4207059097325,45.5647637836775 15.418899738841,45.564779431695 15.418251189676,45.5654207028398 15.4159362473181,45.5659330936402 15.4138780788544,45.5665254749342 15.4127970582,45.5676001991925 15.4127870415545,45.5697238355734 15.4118816568127,45.5720486697821 15.4118722151726,45.5725076225986 15.4115034448847,45.5728868744968 15.4085519155833,45.5740043020563 15.4087288907527,45.5754343888033 15.4073336874235,45.5756283582571 15.4073523965795,45.5760738338504 15.4073556004637,45.5761501038766 15.4073646674248,45.5763661067935 15.4058011134015,45.5763177061638 15.4061652906232,45.5770632642535 15.4061837000031,45.5796097103032 15.4058528288383,45.5799258267614 15.4058565372141,45.5804387118134 15.4062972895961,45.5811390101318 15.4057038752549,45.582364888441 15.4049773720468,45.5829073751949 15.4044664824005,45.5831431404132 15.4049333806958,45.5839153328692 15.405817918729,45.5839571717177 15.4079557208918,45.5854072546123 15.4052671966479,45.5875494409141 15.4042727197609,45.5882638470063 15.4023536076557,45.5887205518775 15.4012327798466,45.5896963242462 15.4002725113693,45.5916253290895 15.4007852819942,45.5934321685224 15.4000251864761,45.5946856057678 15.3960476179022,45.5959052831177 15.394772667335,45.5968725258399 15.3934527801829,45.5969220865929 15.3929497540644,45.5971421721119 15.39269536085,45.5972534728765 15.3926166525329,45.5972879112504 15.3925199438546,45.5973302294379 15.3912506799288,45.5972896110379 15.3916685637072,45.5983949592545 15.3917234886919,45.5984589545746 15.3917980996822,45.5985458903926 15.3920304282124,45.5988166232047 15.3927460280033,45.5984992171377 15.3934818824592,45.5992435254829 15.3940285254656,45.6004204093997 15.3949229369137,45.6018300331103 15.3962124000011,45.6024142063172 15.3970320110867,45.6027855200041 15.3981464770744,45.6026736388778 15.3993057467046,45.6034524231753 15.3990802556316,45.6041910579109 15.3983920548041,45.6047603637453 15.3984488311893,45.6055340192419 15.3987496803781,45.6063787884694 15.3992363256376,45.6063051048686 15.4010219911362,45.6068207199977 15.4022308482603,45.6073473553714 15.40305558958,45.6079383214078 15.4041774792761,45.6088431513621 15.4046813012772,45.6093722629723 15.4041615686885,45.610192948032 15.4033456511652,45.6108347187443 15.4019134155079,45.6113526819138 15.40165916129,45.6114064416612 15.4014228329962,45.6114564049997 15.4013273746269,45.6114765851827 15.4010044922211,45.6115448535815 15.3997731775041,45.611477195555 15.3989304659875,45.6119660601164 15.3983451757236,45.6125979816854 15.3981328417799,45.6133905698804 15.3983192470093,45.6143617201229 15.3988899836847,45.6152865376991 15.4002424948683,45.6161546249666 15.4015557399584,45.6169058375096 15.4022880193965,45.6171012191384 15.4042297481022,45.6178681874498 15.4051810743921,45.6182067347151 15.4063993754087,45.61822939197 15.4075687702096,45.6184281966679 15.4091468349836,45.6186964516017 15.4104144339022,45.6201945895393 15.4125441316103,45.6238221602893 15.4119366756131,45.6249221408364 15.4102054668879,45.626683036693 15.4096600083625,45.627503839993 15.4097541197632,45.62809739107 15.4104082419322,45.6281040265316 15.4104338821747,45.6280993040603 15.4108565156237,45.6280214314364 15.4114855156337,45.6281001375525 15.4130151401948,45.6285715031092 15.4134279360868,45.6288939429343 15.4138918787836,45.629198188976 15.4146488807899,45.6292404315075 15.4165122925241,45.6297465266116 15.417915716758,45.6304792318287 15.4184582686023,45.630999133614 15.421796800785,45.6332183548727 15.4207618482893,45.6337440883083 15.4167704436054,45.6368631420082 15.4153864170495,45.638766819955 15.4154939072209,45.6394232936416 15.4153330197579,45.6402157147173 15.4141568322544,45.6407508894539 15.4127519134549,45.6415838307916 15.41142424349,45.6424614653432 15.4110837703656,45.6432635279004 15.4111684024671,45.6443070103844 15.4120104593713,45.6454197385907 15.4117528314988,45.6470223479034 15.4141278391812,45.6472386768366 15.4147572581373,45.6473443731798 15.4154324722506,45.6473928032758 15.415951022012,45.6474299985547 15.4164896368845,45.6474010333121 15.4164308383472,45.64639345413 15.4167268903173,45.6465273465533 15.4170569829051,45.646536651 15.4173879127134,45.646545988522 15.4175737933274,45.6465512305555 15.4197628622165,45.6459223078737 15.4205313035706,45.6457485033037 15.4212881867814,45.6457457048083 15.4213901947265,45.6457660088635 15.42154754499,45.6457973308721 15.421776416439,45.645842883619 15.4229291545105,45.6455956485268 15.4235873540495,45.6461151032055 15.4160072855083,45.6480956586355 15.4159173685451,45.6481159151931 15.4131590968077,45.6487374340407 15.4131254401265,45.6487450178607 15.4092854451647,45.6483904300378 15.4088117706583,45.6483466775451 15.4064422456301,45.6479855134872 15.4064241075174,45.6480208972726 15.4064173048957,45.6480342332203 15.4063864080452,45.6480945846332 15.4062173971623,45.6480946644107 15.4060309623195,45.6481789679227 15.405977264483,45.6482033238769 15.4059277351565,45.6482514561752 15.4058472620428,45.6483298257735 15.4058872237455,45.6484475752154 15.4059995674821,45.6487786029647 15.4062453408829,45.6488968294609 15.4063450579587,45.6489447396892 15.4064099151781,45.6489448009291 15.4064747963235,45.6489447534825 15.4065250668887,45.6489674522486 15.4065356583115,45.6489820002993 15.4065463412237,45.6489978467701 15.4065372121496,45.6490191103928 15.4065235416578,45.6490485315324 15.4064363603498,45.6491013453245 15.4063348031399,45.6491632509014 15.4061776212313,45.6493357159558 15.4060951967618,45.6496284616333 15.4061926689308,45.6496918364493 15.4061863201092,45.6497111758467 15.4061852392257,45.6497145020415 15.4062106569475,45.6497946974238 15.406217778515,45.6498179153678 15.4062324385941,45.6498810946587 15.4060527864105,45.6499442317976 15.4060527745558,45.6500504756147 15.4060528127265,45.6501053193066 15.4060142878552,45.6501668042102 15.4059779468956,45.6502246486356 15.4059247882505,45.6502297112129 15.4058479925324,45.6502370245753 15.4058023604597,45.6502371876649 15.405783099839,45.6502371930319 15.4055971357322,45.6502358650425 15.4054953868338,45.6502353355919 15.4054380155712,45.6502528030343 15.4051935389194,45.6502580403044 15.4051045997056,45.650177571504 15.4050855156648,45.6501599572075 15.4048480455786,45.6501021490944 15.4047005825676,45.6502159234161 15.4046632700244,45.6502255383805 15.4045280254486,45.6502615427391 15.4045015286064,45.6502525351515 15.4043722342528,45.6502084752299 15.4041429409027,45.650130557442 15.4041032287626,45.6501180873371 15.4038733194372,45.6500705987186 15.4037225843734,45.6500878946266 15.4036108857898,45.6501009237266 15.4035637938271,45.6500849092844 15.403398132015,45.650030622722 15.4030631542927,45.6499677131095 15.4030013864083,45.6498815116605 15.4029257099395,45.6497762434172 15.4028657334623,45.6497729022293 15.4028361348597,45.6497712520126 15.4028036493413,45.6497889274588 15.4027428454395,45.6498499660147 15.4027357445533,45.6498571008916 15.4027049291933,45.6499560553931 15.4026784553311,45.6500412833942 15.4026711622809,45.6500641030398 15.4025885581359,45.6501045276983 15.4024085946117,45.6501149183722 15.4022683478951,45.6501553126204 15.4022434564633,45.6501956248511 15.402210976867,45.6502236130587 15.4021684400524,45.6502287993613 15.4021210340074,45.6502288746445 15.4020559897261,45.6502570231292 15.4017435643165,45.6504462616171 15.4016686703518,45.6504638853307 15.4016287126145,45.6504463397011 15.4016224474897,45.6504300718438 15.4016110653672,45.6504006299622 15.4016242829377,45.6503810068355 15.4016464264349,45.6503481242541 15.4015634939539,45.6503077606833 15.4014043537273,45.6503438285031 15.4012836558623,45.6503708573096 15.4012431110836,45.6503549318789 15.4011786706463,45.6503306547721 15.401113981004,45.6503132840743 15.4010164509301,45.6503936799269 15.4009887554742,45.6504165254324 15.4006113440533,45.6505886139189 15.4004563687582,45.6507251029754 15.4003087164459,45.6507359795165 15.4002841233343,45.6506571962927 15.4001382001236,45.6506558444658 15.4000388930535,45.6506552004913 15.3998990501309,45.6507130837791 15.399850654013,45.6507385406953 15.399759073963,45.6507866675261 15.3993269658416,45.6507753169694 15.3991771201,45.650868267179 15.3990299957853,45.6508965596329 15.3990224818107,45.6509318160687 15.3991775916824,45.6510224492213 15.3991705623471,45.651033694057 15.3991465339835,45.6510674758103 15.3991135264342,45.651115363033 15.3991060693922,45.6511261061404 15.3989657723452,45.6511214156045 15.3988581512679,45.6511723169188 15.3988076700188,45.651176202528 15.3987608023043,45.6511798647019 15.398639536787,45.6512745087449 15.3986214749206,45.6512886129923 15.3986361223012,45.6513338263558 15.3986641437503,45.6514202914761 15.3985533316559,45.6514660498405 15.3985382746033,45.6514726263334 15.3985272753318,45.6514776555635 15.3984564960405,45.6515064800491 15.3982336343968,45.6514948025199 15.3980392872769,45.6514846179934 15.3979473675955,45.6515138761993 15.3978270030164,45.6515532645339 15.3976392686624,45.6515413083916 15.3973921579267,45.651594602685 15.3973023009431,45.6516981858693 15.3973672864612,45.6517488802255 15.3973852110755,45.6517960573003 15.3973280551028,45.6518647775629 15.397313380179,45.6519352225211 15.3972860224293,45.6520666520246 15.3971815686571,45.6521860444587 15.396862774837,45.6524111712843 15.396935502979,45.6525670030755 15.3967564881045,45.6527345138793 15.3966575505789,45.6527442023017 15.3965984074621,45.6527500278711 15.396106892196,45.6530970288297 15.3958953555081,45.6532462239292 15.3957549913394,45.6531712526411 15.3956904820472,45.653337778313 15.3956981231526,45.6533729434716 15.3957307128324,45.6534411870429 15.3957060429894,45.6534867522365 15.3956747060741,45.6535105222508 15.3956663035416,45.653516899947 15.3956509144027,45.6535308603919 15.3956161202838,45.653562424525 15.3956053413894,45.6535665215868 15.3955691712384,45.6535802937035 15.3954482595186,45.6535871591341 15.3952886777493,45.6535961987687 15.3952782518476,45.6536132719582 15.3952749638061,45.6536206196062 15.3953469485816,45.6537803729154 15.3952441094401,45.6538362687719 15.3951748832147,45.6538738975022 15.3951572087457,45.6538900070486 15.3951249915064,45.6539193706923 15.3951158116192,45.6539589397881 15.3951103052075,45.6539827210319 15.3949714234455,45.6542407011265 15.3949984465568,45.6543268227138 15.3950439102055,45.6544717380168 15.3949602959699,45.6547188708099 15.3949309322068,45.654805614891 15.3948745795661,45.6551090270857 15.3949144860199,45.6551420245209 15.3949320232723,45.6551565274502 15.3949405252358,45.6553284721997 15.3947436625026,45.6554726366874 15.3947696822833,45.6555053504377 15.3948844309406,45.6556492507457 15.3949624531843,45.6556712917358 15.3949892533336,45.6556791517894 15.3951042662998,45.6556613725324 15.3953506821572,45.6559787322551 15.3953594510219,45.6563168803203 15.3951404012308,45.6565016360562 15.3949931074042,45.6565579763101 15.3949339563903,45.6566295437571 15.394893083327,45.6566790227973 15.3945159849332,45.6568464428294 15.3943851526278,45.6571853967073 15.3946479782464,45.6573584799295 15.3947511610409,45.6573853905042 15.3949939259648,45.6574487065778 15.3951500426563,45.6577766262388 15.3951505853443,45.6578924304967 15.3950686476649,45.6580364688307 15.3947417517185,45.6582089813468 15.3943976293589,45.6585251852442 15.3944122214822,45.6587074243548 15.3944214088558,45.6588180780012 15.3945940821115,45.6588933158172 15.3945457615121,45.6593301787701 15.3946527065838,45.659824619281 15.3946512342562,45.6599489280154 15.3946474585724,45.6602683974989 15.3941806930491,45.660497281092 15.3941561207033,45.6606641113145 15.3941458037427,45.6607341588384 15.3943113182599,45.6608145377202 15.3944666846469,45.6608774119976 15.3945172874273,45.6609405068116 15.3945975614274,45.6610892278142 15.3945079124352,45.6611980791098 15.3943040703621,45.6613861539421 15.3942126764793,45.6614186085564 15.3939730278202,45.6615041947254 15.3936186654337,45.6616141667426 15.3932140270695,45.6617377435533 15.3930238880655,45.6618900648712 15.3927998420632,45.6619087684676 15.3926629609354,45.6619125751366 15.3925744665637,45.6619150348997 15.3923551737752,45.6619161588998 15.392270592234,45.6619439215567 15.3922280186679,45.6619913324178 15.3922497989258,45.6621411488537 15.3924681217684,45.6624421415056 15.392354282841,45.6625408423204 15.3921928963763,45.6625673220614 15.3921059489631,45.6625808876628 15.3920435181247,45.6625906480939 15.3919819440741,45.6625813063942 15.3919332277876,45.6625734373168 15.3917631146988,45.6625465866673 15.3916620275382,45.6625430045268 15.3915655069486,45.6625395862843 15.3914059631946,45.6625979085779 15.3913134685607,45.6627068709973 15.3913411939198,45.662801534049 15.3914453006089,45.6629923860071 15.391350409406,45.6631118827959 15.3913122908726,45.6631384363938 15.3911775827878,45.6632322840992 15.391038333634,45.6633098979748 15.3911107581024,45.6635746347109 15.3912272198126,45.6637983161784 15.3911376227372,45.6638913086372 15.3911198907153,45.6640209933084 15.3911483538896,45.66443461236 15.3909827803946,45.6644632965947 15.3910091234001,45.6645240590145 15.3912037986621,45.6647953093508 15.3913519425075,45.6649525566351 15.3914283276292,45.6650464753148 15.3914368346853,45.6651118902785 15.3914450648621,45.6651752743573 15.391237988478,45.6651852970223 15.391207044171,45.6652928789076 15.3912657296216,45.6653555244744 15.3912953283954,45.6653870112492 15.391303590235,45.6654360443976 15.3913118755921,45.6654834320006 15.3914847387581,45.665613387184 15.3916381768129,45.6657785021936 15.3917872614214,45.6658807249662 15.3919300770673,45.6660461144475 15.3918669561192,45.6661202412702 15.3919437862636,45.6662457125219 15.3918662008988,45.6663075109621 15.3918480316402,45.6663219747912 15.3918359695239,45.6663479066913 15.391799584499,45.6664260765812 15.3919783082616,45.666625859956 15.3918448254326,45.6668342692661 15.3918649333008,45.6669004877778 15.3918792420428,45.6669476269198 15.3918579943561,45.6669874223343 15.3918265239004,45.6670463639396 15.391691567268,45.6672090685625 15.3915866266972,45.6673358473928 15.3914088263832,45.66733543307 15.3913162930395,45.6673351226064 15.3911990201956,45.6671974464573 15.3909896305959,45.6671084056499 15.3902833089973,45.6670478530234 15.389927833419,45.6671792697117 15.3895277499387,45.6673055168021 15.3894546986181,45.6674474543109 15.3894116957856,45.6675310938868 15.3893743190477,45.6676700299358 15.3894999133848,45.6681159198196 15.3893802691541,45.6682904187201 15.3892308615673,45.6683285401215 15.3891937601174,45.6683377678374 15.3888902152795,45.6682845274633 15.3886786782612,45.6683338008636 15.3885276985986,45.668403527545 15.3884504023365,45.6684392271627 15.3883010255626,45.66848254681 15.3881568013835,45.668524382219 15.3878909114035,45.6685845195465 15.3877060085339,45.668742387028 15.3876515986228,45.6688664607633 15.3875949656918,45.6689956453983 15.3875910793277,45.6691361010205 15.3875876159217,45.6692554005809 15.3875263668644,45.6693397084682 15.3874825110173,45.6694001074221 15.3873613172516,45.6695143218118 15.3873154778112,45.669557510311 15.3871216298988,45.6696119453225 15.3870820065643,45.6696421522892 15.3870472045293,45.6696688276299 15.3870652309696,45.6697364106015 15.3871040896947,45.6698821272682 15.3870927376036,45.6700944480536 15.38699182786,45.6702918671752 15.386858957036,45.6703930521213 15.3867640600289,45.6704654186162 15.3864576571338,45.6706822150955 15.3863637265403,45.6706863933009 15.3862896393269,45.6706896869091 15.3862456617728,45.6706912026529 15.3861229452712,45.6706582496595 15.3859994245018,45.6706250214441 15.3854975838236,45.6705507142354 15.3848970734248,45.6707997440927 15.3846479645684,45.6709862023539 15.3845459767411,45.6711378799018 15.3843294172418,45.6713412524733 15.384236136011,45.6715789772847 15.384290318165,45.6718484717155 15.3844784052992,45.672132569556 15.3842882628365,45.6723938091603 15.384378647859,45.6726859006484 15.3843987400607,45.6727950011772 15.3844176080613,45.6728976317376 15.3846186028322,45.6730853262729 15.3847249940783,45.6734456316091 15.3846037875418,45.6735270687391 15.3845516753965,45.6736661759311 15.3843354856543,45.6738820919299 15.3841836134162,45.6739944708467 15.3840047533194,45.6741268282499 15.3838713856481,45.6743753880734 15.3839163441856,45.6744773701888 15.3839345530888,45.6745186770499 15.3837691263858,45.6746091086477 15.3836347355408,45.6746825775743 15.3834820492775,45.6748172469189 15.3831415515752,45.674925700261 15.382876430954,45.675032711287 15.3827911709014,45.6750671467958 15.3827039457898,45.6750966707018 15.3824184428426,45.675193301645 15.3821239409989,45.6752310172077 15.3816911885305,45.6750698700619 15.3814944527522,45.6749961472973 15.3812731521333,45.6749472399991 15.3809941852296,45.6750199557015 15.380823344521,45.6750351248704 15.3805950389069,45.6750554652311 15.3803263144998,45.6751508498452 15.3802393233014,45.6752326041892 15.3801421060896,45.6753239834676 15.37998968126,45.6753702812175 15.3799057238111,45.6753960575813 15.3797952672403,45.6753495695668 15.3796007354829,45.675267427548 15.3795171313823,45.6752856603055 15.3793140678048,45.6753299523419 15.3790437808703,45.6755843437135 15.3789503742576,45.6756139723589 15.3787755176595,45.6756694235649 15.3785911613593,45.6758550958056 15.3784613798467,45.6759337310536 15.3782916126365,45.6760365835836 15.3779401796425,45.6763797920907 15.3774750998497,45.6765242806539 15.3770512369204,45.676625974875 15.3769809955339,45.6767320155321 15.3768453082906,45.6768315971575 15.3767576820181,45.6772390843768 15.37663818393,45.6774137564837 15.3764753462529,45.6778288370233 15.3763967894467,45.6779677711888 15.3763665801815,45.6780211896505 15.3763788525873,45.678147287748 15.3763092719176,45.678296852418 15.3762356374354,45.6784428093801 15.3761663944113,45.6785804726708 15.3761628178869,45.6786812721112 15.3761585214131,45.6788102072077 15.3760642304865,45.6790180231424 15.3758237641022,45.6792690666786 15.3756818577857,45.6794246138082 15.3756699443127,45.6794986155392 15.3756590101726,45.6795685840207 15.3756164286593,45.6798564030002 15.3755329047164,45.6800379786419 15.375501259227,45.68010672913 15.3754519971773,45.6804332563527 15.375352739836,45.680768982383 15.3749989085806,45.6809685190104 15.3748582516534,45.6810011504436 15.3745081961359,45.6810831668171 15.3744684035759,45.6811233043861 15.3743409899309,45.6812459989463 15.3741554534358,45.6813512516373 15.3739448849732,45.6814707074636 15.3734339223784,45.6817646468524 15.3732021150935,45.6818980531889 15.3729174616681,45.6823439926364 15.372635110296,45.6825027400952 15.3723298634993,45.6827718629291 15.3721309513309,45.6829805538711 15.3717678126839,45.6832431305867 15.3715780976141,45.6833244386133 15.3714206147875,45.6833918305423 15.3711651723902,45.6836485892577 15.370975401474,45.6839657345109 15.3709501627273,45.6840277416905 15.3708578224916,45.6842543399451 15.3708804287652,45.6843125917745 15.3709134588033,45.6843974840677 15.3708155268092,45.6848191948723 15.3707309268209,45.6849386354768 15.3704401902259,45.6850815927279 15.3704021266316,45.6852545654061 15.3702801092877,45.6852497334074 15.3699382059516,45.685227962942 15.3687071056985,45.6854304130074 15.3689704067034,45.6856411922728 15.3691010669673,45.6858822036944 15.3692720313362,45.6861563582849 15.3692419610177,45.6864234010513 15.36923400305,45.6864939039974 15.3692683652913,45.6868538698586 15.3694407075338,45.6873972938739 15.3694867743475,45.6877848981769 15.3694931615329,45.6878375377376 15.3698301409337,45.6883508033128 15.3698614733003,45.6884148392796 15.3700009510407,45.6887001610222 15.3700979285903,45.6887822631301 15.3701345789113,45.6888132941192 15.3701969382542,45.68901226127 15.3702812232826,45.6892812404613 15.3702700232615,45.6893927331625 15.3702604421925,45.6894877743119 15.3702895311052,45.6896191635932 15.3703162352843,45.6897396162953 15.3700794392228,45.6898308076506 15.3700683527066,45.6900200294713 15.3700595832766,45.6901683361133 15.3700039653396,45.6904502953137 15.3701380163097,45.690560091535 15.3702890095452,45.6906837764611 15.3705418386545,45.6908542849981 15.3707192203265,45.6909116653724 15.3708863386017,45.6909657253794 15.371318426796,45.6911407888116 15.3716531436738,45.6912650038966 15.3717104505994,45.6912775545949 15.3717504955399,45.6912828577135 15.3720525289932,45.691434967984 15.3718607148736,45.6916819407835 15.3716975191255,45.6917945544878 15.3713846713864,45.6920116159889 15.3711901357779,45.6918602936156 15.3709562022232,45.6917613288011 15.3704583858761,45.692194372789 15.3701840138212,45.6922906348665 15.3701214467476,45.6923127193246 15.370081485916,45.6922724819708 15.3699419225389,45.6923179198138 15.3698517248872,45.692413721842 15.3698359673227,45.6924701635389 15.3698195438325,45.6925290029559 15.3699557323543,45.6926093955827 15.36998311844,45.6928084720565 15.3698530825025,45.6929493711336 15.3697296158095,45.6929729512387 15.3695514243691,45.6930069755401 15.3695462561331,45.693013038652 15.369412249798,45.6931687197166 15.3692936352873,45.6933066232198 15.3692259324177,45.6932292463772 15.369174340595,45.69317075687 15.3689377492427,45.6931004199034 15.3688657385137,45.6929919421093 15.3687583414969,45.6929342783421 15.3687031551431,45.6928736303546 15.3686323294259,45.6927958200092 15.3685015138253,45.6927139340395 15.3684676048947,45.6926926864176 15.3682297148392,45.6925764408461 15.3682045777275,45.6924346055893 15.3681863405997,45.6923319861285 15.3680765311505,45.6921439485096 15.3680766341031,45.6920216193956 15.3680768283758,45.6918469056304 15.3679539817983,45.6914102406834 15.3678772929327,45.6911380850104 15.3679784873543,45.6908805919534 15.3679924552213,45.6906819841242 15.3680091181732,45.6904449906909 15.3684329910859,45.6902993508398 15.3688604162988,45.6901521519109 15.3687909553463,45.6900485168838 15.368761230256,45.6900043123365 15.3684717653505,45.6898072315616 15.3683858321131,45.6897669170376 15.3682658115614,45.6897106052225 15.3682126064012,45.6895780784759 15.3681699367728,45.6894717966859 15.3679039770608,45.6891835339761 15.3678530515027,45.6890693013364 15.3677257590912,45.6887843533125 15.3673634762288,45.6887012863417 15.3669775568347,45.68894528704 15.3667861871549,45.6888209524121 15.3667564704093,45.6888123612966 15.3666380526603,45.6887783890352 15.3665589238642,45.6886887127561 15.366532024579,45.6886582326791 15.3664150639418,45.688492800488 15.3663889277499,45.6883899223207 15.3662875424816,45.6883048255083 15.3662411412872,45.6880325111666 15.3662576512079,45.6879883823967 15.3663275982131,45.6878032498203 15.3666074922224,45.6875073938595 15.3666631495359,45.6870331535794 15.3663782026092,45.6866397899392 15.3663417407323,45.6866488536894 15.3663284370538,45.6866523110363 15.3658661026486,45.6867660253915 15.3658397095368,45.6867616988751 15.3653087170064,45.6866738917248 15.3652435063121,45.6865706872136 15.3651755707889,45.6864631400671 15.365068745087,45.6864814329702 15.3650616500123,45.6863972906861 15.3650389921752,45.6861264075165 15.365325371009,45.6857644842156 15.3645647918851,45.6852454621847 15.3643062561069,45.6849623333405 15.364152085947,45.6846540515638 15.3641963547813,45.6844494987312 15.3640146685615,45.6842895661425 15.3634668654536,45.6838447980321 15.3632929280032,45.6837019902303 15.3633114275463,45.6837006410225 15.3633747933886,45.683696010294 15.3633716823797,45.6836817694071 15.363367189868,45.6836611980487 15.3632944873635,45.6836394530708 15.3632017553845,45.6836116302104 15.363393507079,45.6834269231314 15.3632947185047,45.683291354309 15.3633182793652,45.6832521227164 15.3633406326343,45.6832155938551 15.3632814559693,45.6830794671531 15.3633444449019,45.682958717411 15.3633073180857,45.6829389703901 15.3632792036181,45.6829240226883 15.3632845528798,45.6827876310351 15.3632005387895,45.6826570186636 15.3631403358412,45.6824389576784 15.3630366853399,45.6821774807916 15.3627189950745,45.6817741015279 15.3626018082489,45.6815983960444 15.3625611589813,45.6811807129473 15.3624517999978,45.6810503893122 15.3625860626559,45.6808554541577 15.3626410701337,45.6806714607025 15.3626962037256,45.6806144545114 15.3627585380234,45.6805500091915 15.3628768354927,45.6802625708209 15.3629951803685,45.6800397757808 15.3630201002714,45.6796391625529 15.3630448118701,45.6795169431389 15.3630781715788,45.6793519406093 15.3629872348206,45.6792562530675 15.3629971414339,45.6792370262578 15.3630865778899,45.6790633524129 15.362995892011,45.6788072044229 15.3629929817754,45.6784399160586 15.3631452804481,45.6781289291316 15.3631044599831,45.678090041205 15.3629925059643,45.6779836858715 15.3606783331236,45.6767724538585 15.3605534218554,45.6765686468967 15.3603419354547,45.6762236267391 15.3603073069195,45.6761889558399 15.3602502792261,45.6761315434607 15.360165687803,45.6758129128331 15.3600672448395,45.675724814469 15.3599725366367,45.6756401681068 15.3599158713866,45.675663233643 15.35987899601,45.6760518117368 15.3598119045132,45.6763104305043 15.3597206304808,45.6766622540871 15.3598429185418,45.6774598248119 15.3595185401487,45.6774680909161 15.3595062829415,45.6774683977551 15.3590599780828,45.6774790966495 15.3590213935531,45.6774753639376 15.3589522235219,45.6774698212058 15.3589304224755,45.677263641076 15.3589167543898,45.67710287328 15.3575088721532,45.6769309457566 15.357286689394,45.6769175746255 15.3579621171017,45.6763402374613 15.3580598574732,45.6762142779317 15.3582219112743,45.6760054363064 15.3584582684048,45.6757543058184 15.3586755544668,45.6754474897097 15.3584696210747,45.6753713102429 15.3584247576271,45.6753612572354 15.358274506297,45.6753276950307 15.3580848050625,45.6753368774334 15.3578274532235,45.6754271578389 15.3573237381499,45.6757892169741 15.3566924518332,45.6764517336258 15.3566085114889,45.6763725236842 15.3560658632024,45.6761930702316 15.3560254635545,45.6762072841274 15.3559342257179,45.6762395647385 15.3557542524837,45.6764323508018 15.3555631968564,45.6766003794903 15.3554605721191,45.6766819718279 15.3553027967264,45.6767044493793 15.3552739049851,45.6767085491775 15.3549298339305,45.6767242047808 15.3543758057681,45.6767225631496 15.3543275669837,45.6766985031863 15.3540861221575,45.6765779485957 15.3542012817253,45.6763754313944 15.3542590412938,45.67620978526 15.3543070805159,45.6760720295917 15.3542660292014,45.6757804308231 15.3541977879813,45.6755710313766 15.3541638232446,45.6754668164019 15.3542580941003,45.6753224563824 15.354339345747,45.6752573145153 15.3544174163765,45.6751947573647 15.3545260942167,45.6750442968488 15.3548675790572,45.6744431793612 15.355065656032,45.6742697746423 15.3553724489617,45.6739323663197 15.3555367011892,45.6736840942453 15.355580575603,45.6735175353119 15.3555413280298,45.673328996041 15.3544556230074,45.6728474743099 15.3538163060667,45.6724698512974 15.3532112336627,45.6721755651874 15.3512592668111,45.6710842934363 15.3513524947204,45.6696354662039 15.3513303443951,45.6692197323868 15.3513064362651,45.6692117103236 15.3511457985617,45.6691607522957 15.3506051880777,45.668989185462 15.3501584384868,45.6692142732565 15.349536641176,45.6695275506372 15.3489909522864,45.6705825532542 15.3481030035551,45.6711516932914 15.3489788710716,45.6737860939618 15.3495182665635,45.6758666634726 15.3493714905002,45.6763293669998 15.3490792554764,45.6772506474837 15.3481016395183,45.677841017217 15.3480089220101,45.6778970704942 15.3486764337219,45.6781060723515 15.34928439151,45.6782962301615 15.3500475743285,45.6786446518753 15.3497947453561,45.6791458459225 15.3497466509473,45.6793550861048 15.3496910600387,45.679596870114 15.3497447127905,45.679771317518 15.3497614527134,45.6798264074361 15.3496883593322,45.6801531353686 15.3496576545042,45.6802061332489 15.349622734978,45.6802664096041 15.3496245368561,45.68057370424 15.3503515454363,45.6810124981157 15.3511791880646,45.6815121517799 15.3506556889923,45.6820268362209 15.3510492456144,45.6823175198172 15.3513662222665,45.6828397553142 15.3512088798143,45.6828619786989 15.3509815037591,45.6828940856168 15.350869321179,45.6829206868769 15.3505711084831,45.6829913961458 15.3503702681038,45.6827938166031 15.3501959327625,45.6826227107064 15.3501741258671,45.682665562828 15.3501347029291,45.6827430831008 15.3501198393882,45.6828744869677 15.3501077895279,45.6829825319676 15.3499622888353,45.683317054094 15.3503489341314,45.683590238274 15.35041236557,45.683600689157 15.350470825891,45.6836102810435 15.3517263119165,45.6840393864043 15.3516343400293,45.684148826393 15.3515170034728,45.6842884665495 15.3516519988526,45.6844726020021 15.3515780724757,45.6845560026352 15.3515364853644,45.6846029221831 15.3520249200697,45.6848812028115 15.3527046346286,45.6852682758182 15.3535340241007,45.6855506261754 15.3538237415416,45.6856492471248 15.3542211654406,45.6858312135757 15.3546903020812,45.685857079152 15.3548369657848,45.685663133309 15.3549127581334,45.6855635588596 15.3554226929904,45.6856832522091 15.3553345867826,45.6860199262568 15.3549549715619,45.6859628236987 15.3546774499039,45.685921168515 15.3546876038107,45.6861035806675 15.3546941807442,45.686212975406 15.354881393939,45.6863208805181 15.3550918914151,45.6864419409779 15.3551060696748,45.6864404517089 15.3551209624637,45.686451953074 15.3551723835315,45.6864879698396 15.3552526890442,45.6865442223063 15.3555046569993,45.686484333852 15.3556039168275,45.6860336538075 15.3556454635852,45.6855986498213 15.3559083288906,45.6855438051374 15.3560952476584,45.6855061885285 15.3562055869427,45.6857078466577 15.3562959318623,45.6860006333301 15.3563218819085,45.6860849145534 15.3563291426487,45.686108755041 15.357372685524,45.6857814178948 15.35769314578,45.6856587851037 15.3579742622554,45.6855082614432 15.3581289181142,45.6854860612784 15.3580398693508,45.6853649725048 15.3580967242474,45.6851339294475 15.3581129148526,45.6850680347355 15.3584771502547,45.6848320813805 15.358581749197,45.6848098581794 15.358783088754,45.6848671753145 15.3592415529996,45.6849979090734 15.3593403372346,45.685049160257 15.3594245120543,45.6850914364698 15.3595705875661,45.6849578096715 15.3596768190351,45.6848602896782 15.3597019095072,45.6848072232074 15.3597173275313,45.6847748936726 15.3597743499399,45.6847975794918 15.3599213992098,45.6848560758577 15.3602129202629,45.6849208204508 15.3602193323268,45.6849222368552 15.3605804304314,45.6853034119125 15.360794376208,45.6856367498763 15.3608721365596,45.685855601641 15.3608609549954,45.685986743903 15.3612935088568,45.6863980055265 15.3613145139629,45.6865567331451 15.3611415267152,45.6866244323262 15.3609198570643,45.6871252419855 15.3609085737664,45.6872407047829 15.3609007302853,45.6873209830065 15.3606272010389,45.6875016209213 15.3608054706658,45.6879915743077 15.3609845990002,45.6884825095387 15.3609997432246,45.6885705115398 15.3610133034181,45.6886484449807 15.3611003678515,45.6891248648556 15.3612892876023,45.6894996739997 15.3613062493976,45.6895330724393 15.3616028762268,45.6897932515893 15.3616519496073,45.6897980777392 15.3617257915858,45.6898055945795 15.3617758589211,45.689879841601 15.3618188836458,45.6899429083838 15.3619661084321,45.6899771843213 15.3623638949662,45.6900697875164 15.3624330776699,45.6901643346306 15.362460047124,45.6902012212651 15.3626136171898,45.6903119909425 15.3628723942382,45.6903988090016 15.3631829719099,45.69077998634 15.3632612957554,45.6909411456031 15.3633219259079,45.6911251892666 15.3633880739286,45.6911543167669 15.3634539570528,45.6911833408137 15.3635403008236,45.6912593534754 15.3636118055824,45.6913224032579 15.3640163065307,45.6915776635357 15.3641976324115,45.6919335572125 15.364189583662,45.6919682929104 15.3641685566423,45.6920590913456 15.3642076976838,45.692152228268 15.364181553732,45.6923058280508 15.3642777574731,45.6923989546162 15.3642596392586,45.6924949226358 15.3643381083644,45.6926335682334 15.3643573517324,45.6927964410593 15.3645296631516,45.6929226346199 15.3646420383951,45.6930051337031 15.3645548582851,45.6932981096263 15.3645332044386,45.6933379794383 15.3644955402121,45.6934073588654 15.3641759713479,45.6935967498807 15.3641777407611,45.6936692999135 15.3641795025261,45.6937578927043 15.3641088236172,45.6938138720937 15.3639281358157,45.6939569835857 15.3638840989378,45.6940835637704 15.3639359114178,45.6941630721767 15.3638408819734,45.6942570154489 15.3637776804221,45.6943191967499 15.3637252072294,45.694397137042 15.3636241264029,45.6945472584853 15.3638389827666,45.6948451266857 15.363994576443,45.6950723085258 15.3640669411921,45.6951233962714 15.3642060528173,45.695221606064 15.3644718656878,45.6955718693916 15.3643724291892,45.6957743375447 15.3645080520167,45.6959036108344 15.3645671715059,45.6961477059134 15.3646177968331,45.696182279743 15.3646309537698,45.69630273487 15.3645212811268,45.6964025664065 15.3646133294041,45.6966686338279 15.3645903582231,45.6967157286587 15.3645652338852,45.6967672507756 15.3645717421845,45.6969105923297 15.3646662506375,45.6970120159447 15.3646924224641,45.6970401982546 15.3647016941818,45.6972920455165 15.3640281526873,45.6974074808548 15.364164328549,45.697559692733 15.3642691220306,45.6976209512505 15.3644659594307,45.6977361967196 15.3642051070317,45.6979702767278 15.3641996510353,45.6980508091218 15.3638943063711,45.698227790002 15.3637770561832,45.698363122364 15.3637469947169,45.6983978208077 15.3637590895359,45.6984185603972 15.3637835301413,45.6984602031354 15.363680798579,45.6984974162772 15.3635882501209,45.6985311322638 15.3636643269995,45.6985878189247 15.3635520463621,45.6986372050548 15.3630432261606,45.6989894292898 15.3628901384042,45.699030397552 15.3623840852181,45.6992759479879 15.362347591955,45.6992768766977 15.3622926773896,45.6992789041708 15.3620393730418,45.6992872311234 15.3615825681529,45.6990726815407 15.3615769913415,45.6990120620433 15.361571266091,45.6989486336394 15.361469308917,45.6988519238784 15.3611911875018,45.6986227857782 15.3611023662852,45.6985811845031 15.3609809482589,45.698524203321 15.3608460968025,45.698413063088 15.3606881249497,45.6982828580533 15.3598961909234,45.6976963526715 15.3598098798601,45.697492716717 15.359680778936,45.6971919763883 15.3590533221643,45.6975351720148 15.358023930668,45.698098204036 15.357946018998,45.6981955204139 15.3577293319521,45.6984661970693 15.3574232115909,45.6987600147143 15.357341689658,45.6988383525304 15.3572984783485,45.6993725244351 15.357291746823,45.700088064575 15.3573696012509,45.7003897345863 15.35753444727,45.700660874591 15.3575860624861,45.7007454389838 15.3578308937844,45.7009470875002 15.3582173535091,45.701215141246 15.3585650077866,45.7015361308137 15.3584567746141,45.7017582098942 15.3581609723182,45.7019810686255 15.3579338431774,45.702152189005 15.3574798377097,45.7023517642612 15.3574176847503,45.7025045107934 15.3573345661855,45.7027087815723 15.3578811872924,45.7030867536025 15.3579752441256,45.7033148244622 15.3583274765905,45.7041696299793 15.3584920520906,45.7049292718173 15.3586488160507,45.7053564228711 15.3588124535022,45.7057323789775 15.358866316987,45.7058121097738 15.3589656327553,45.7059591175148 15.3591733125903,45.7061516744649 15.3590095560921,45.7065133275827 15.3597619865392,45.7076919548592 15.3593908025262,45.7097724413387 15.3592925571865,45.7100179582199 15.3592301347431,45.7101739700776 15.3597799177324,45.710684198095 15.3595213876861,45.7109987155105 15.3590301054007,45.7115960302092 15.3589744535493,45.7119916544344 15.3589542409424,45.7121354030072 15.3581393477068,45.7133451831505 15.3569839249212,45.7139995039565 15.3558529829814,45.7141606516127 15.3550505204836,45.7142984255818 15.3548593156863,45.7143310250061 15.3542684016419,45.7142289746683 15.353411713283,45.714204186273 15.3529506423444,45.7141063512673 15.3526389545061,45.7139775513758 15.3524988776701,45.7139430033491 15.3521854581336,45.7138673845181 15.3518173801361,45.713803820963 15.3516939467447,45.7138321832528 15.3516317659653,45.7138464753085 15.3513820711006,45.7139056679011 15.3510598774632,45.7139972817523 15.3508174809477,45.7142178264515 15.3507030402881,45.714234772213 15.3504515722567,45.7142719993693 15.3501599739817,45.714316696321 15.3499646346431,45.7143466400749 15.3497807901077,45.7143783251973 15.3496523068227,45.7144004707077 15.3494705686337,45.7143424606022 15.3493233183941,45.714223274628 15.3491800583369,45.7142046414681 15.3490722921662,45.714190889098 15.3488858476466,45.7142315303275 15.3486287570567,45.7142096177351 15.3485386308385,45.7140522721872 15.3483637386269,45.7141163125921 15.348235303755,45.7141095324799 15.3482119049274,45.7141085146252 15.3478557083358,45.7139554645255 15.3476132803477,45.7139204900572 15.3474766376347,45.7139355466594 15.3474006041444,45.7139229037922 15.3473114377086,45.7139086661609 15.3473027971524,45.7137101340066 15.3471084238408,45.7135797042828 15.3470968225147,45.7135560372681 15.3470117146898,45.7133825228946 15.3468562741487,45.7130837093554 15.3467145075536,45.7130919980122 15.3464501920581,45.713033544403 15.3464117931615,45.7130248873554 15.3463221156677,45.7129434996614 15.3464227795658,45.7128722980493 15.3463324124345,45.712823436176 15.3462835889109,45.7128283365838 15.3462440187804,45.7128322866436 15.3460751033426,45.7128490078081 15.3460216086394,45.7127352015328 15.346013875469,45.7127179576605 15.345964639309,45.7126079385012 15.3456835727451,45.7124565934379 15.3452730574469,45.7124564325589 15.3451116059533,45.7123772904591 15.344885594313,45.7126968220659 15.3446550445978,45.7130228399632 15.3441095446453,45.71331034611 15.3438125855477,45.7134642595324 15.3438168226276,45.7135794354188 15.3438223689751,45.7137301555086 15.3438820471411,45.7140173754337 15.3438439220615,45.7141538755791 15.3437949933136,45.7142012414751 15.3437467905535,45.7142479056445 15.3436774039482,45.7143462674312 15.343558842234,45.7144745135886 15.3434675252821,45.7145733011019 15.3433339314652,45.7146955136514 15.3431403922236,45.7147855670248 15.3429308160568,45.7148892238879 15.3429023630576,45.7148950886182 15.3427688238751,45.7149232120242 15.3423275296794,45.7150161600334 15.3421663775532,45.7149130422002 15.3420301771692,45.7146494874105 15.3419984318043,45.714558172838 15.3419691969426,45.7144744808332 15.3417307365951,45.7143809553164 15.3415322956265,45.7142955339508 15.3411938943636,45.7144677292027 15.3407962038013,45.7146351107 15.3403653003004,45.714663468952 15.3400664788533,45.7146788354568 15.3397316559157,45.714696055368 15.3394664439911,45.7144174379375 15.3392327621034,45.7141695233797 15.3391553391136,45.7140874033648 15.3390251216321,45.7138117303608 15.3388262469468,45.7133623736818 15.3388478903985,45.7132100427977 15.3388787098796,45.7129930239551 15.3386251541922,45.7124551947106 15.3381097002166,45.7122574163515 15.3378591093679,45.7121590326043 15.3377033663204,45.712097884891 15.3374808945159,45.7119227973943 15.337350049113,45.7118198083506 15.3368772332734,45.7113745297967 15.336448105237,45.7109683376725 15.3363453825814,45.7108758368976 15.3360589000218,45.7106179315681 15.336614816815,45.7102929872695 15.3369289025379,45.7101063588335 15.3370824765489,45.7100150380588 15.3373186561545,45.7097909704822 15.3373229434364,45.7096611456706 15.3373960486848,45.7094358472627 15.3375623045996,45.7089755967911 15.3371912525861,45.7090520848102 15.3370039963778,45.709103477292 15.3369023025398,45.7091313952716 15.3367965024981,45.7091638334098 15.3366834895209,45.7091984934246 15.3364527601798,45.7092390782189 15.3363235738471,45.709203824004 15.3361544731602,45.7092280600642 15.3361074744235,45.7092348148358 15.3360194380906,45.7092474357565 15.3358705185461,45.7092693080553 15.3358247277478,45.7091876322308 15.3357608310459,45.7091469896744 15.3355725390488,45.7090271435048 15.3356105793378,45.7089819799292 15.3354681761863,45.7087963623491 15.3354292632978,45.7087462589895 15.3352663962692,45.708536729607 15.3350497334495,45.7084665987023 15.3350479221443,45.708461671741 15.3349983119178,45.7083270367114 15.3349702358551,45.7081411815576 15.3346848747308,45.7074631865752 15.3348648506155,45.7066222294867 15.3354536430308,45.7052379729092 15.3355111616612,45.7052150812757 15.3349362506525,45.7044449835837 15.3344506977026,45.7039401667647 15.3344042836903,45.7036992696701 15.3337418355776,45.7035841166659 15.3331729271192,45.7030865641358 15.3330488402511,45.7026050667607 15.3328478572897,45.7023569759381 15.3327563681141,45.702186125325 15.3326414163023,45.7019715161785 15.3319008470008,45.701474183333 15.3311873004951,45.7012195883472 15.3309506652166,45.7010035425045 15.3307913086135,45.7008578609259 15.3303144036328,45.7005704940694 15.3300038360952,45.7002969755853 15.3295596360731,45.699905768789 15.3295426089151,45.699918601171 15.3295280656075,45.6999295720859 15.3279569030183,45.6989565396492 15.3272508416367,45.6986980564386 15.326802027514,45.6985337557247 15.325415306346,45.6980299090602 15.3231465866825,45.6977843303262 15.3226675668324,45.6974889839857 15.3223615784479,45.6974305794145 15.3221939744201,45.6973984592514 15.3218729901423,45.697285092722 15.3216905271673,45.6972206465285 15.3213068366236,45.6969136946831 15.3210342685114,45.6966956349705 15.3204913270637,45.6964785462364 15.3197518498007,45.6961828644801 15.3187844868533,45.6952634612467 15.3186545206016,45.6950702205038 15.3184433585114,45.6949002593929 15.3187311924297,45.694579239975 15.3190217996866,45.6942552628943 15.3188801510124,45.6939487999797 15.318775494335,45.6933320736884 15.3187437723714,45.6929407390581 15.3187313728831,45.692787862346 15.318711840465,45.6923376697895 15.3188149938113,45.6922924624447 15.3189782992551,45.6922217795122 15.3190016878558,45.6921308437167 15.318993648067,45.6920882496217 15.3189864529574,45.6920510316697 15.3189133642888,45.6919730968662 15.3188115443912,45.6918494943356 15.3189120718617,45.6917583222651 15.318974655982,45.6917473364825 15.3191558959217,45.6917156622351 15.3192725618808,45.6916613413307 15.3193233824603,45.691536921546 15.3194590926263,45.6913420163286 15.3195123090592,45.6912655868889 15.3196625667917,45.6909541479074 15.3198011906137,45.6908497400368 15.3200688807041,45.6905583054861 15.3201952827814,45.6902828505176 15.3202181816702,45.6901485741648 15.3202314101129,45.6900710169228 15.3202316211825,45.6900191518079 15.3202323529492,45.689846351163 15.3202558692883,45.6896832447088 15.3202751416945,45.6896565166959 15.3203520360475,45.6895499067325 15.3203564380611,45.6894136873772 15.3204580489638,45.6892299104463 15.3204997362668,45.6891725437907 15.3206415939861,45.6889774567202 15.3206531471413,45.6887602699676 15.3204469436942,45.6884957827987 15.3202668364086,45.6883445980944 15.3201247808475,45.6881995559702 15.3200709337267,45.6879785389662 15.3200132712373,45.6879252994895 15.3200315209521,45.687853891277 15.3200395902961,45.6878224378049 15.3199693856445,45.687691859858 15.32004334126,45.687335432894 15.3201329166515,45.6871030091728 15.3203086184983,45.686764979554 15.3203220888612,45.6867329051698 15.3204559538907,45.6864137812433 15.3206611721419,45.686195410426 15.3208052147019,45.6860419118236 15.3211891681313,45.6857937014418 15.3214142735368,45.6856711977672 15.3217572772957,45.685468773135 15.3222261070523,45.6853191504522 15.322403908397,45.6851470557943 15.3226351641042,45.6849477695041 15.3226490648879,45.6848995610277 15.322712355412,45.684677952747 15.3227794295743,45.6845126697668 15.3228365034524,45.6843720727927 15.322911775355,45.6840040010956 15.3231819321782,45.6838239234163 15.3234443721425,45.6836287035472 15.3236223302947,45.6834214967359 15.3236563309306,45.6832961844875 15.3236895646615,45.6831737059567 15.3238681814716,45.6830289250598 15.3239883123565,45.6826463018545 15.3240027079534,45.6825835230238 15.3240211497854,45.6825031044045 15.3240767499835,45.6822670415055 15.3241507093411,45.6818180697285 15.3242667882185,45.6816249117273 15.3245002163561,45.6811384738614 15.3246030486674,45.6810239547456 15.3246684090353,45.6807553860833 15.324687792565,45.6806716674866 15.3247429441261,45.680433383322 15.3248040977105,45.6801694737302 15.3248591659287,45.6799027480453 15.3249137880738,45.6796382951761 15.325032168331,45.6790259089718 15.325217073422,45.678655801983 15.3252739092035,45.6784610365762 15.325382283937,45.6780891380457 15.3255654454358,45.6775806841423 15.3258202623942,45.6772192303542 15.3258734497077,45.676976565692 15.3259486690027,45.6766346370697 15.3261091602405,45.6754817051421 15.3258385946515,45.6751638083315 15.3256889696834,45.675116536919 15.3253712230198,45.6750161605348 15.3248547317881,45.674764874445 15.3246595781039,45.6747107301784 15.3243971450601,45.6746377213311 15.3241795141399,45.6745167330375 15.3239911565661,45.6744068579368 15.3238324863584,45.6743142974986 15.3233495891987,45.6740448006657 15.3224614019798,45.6737020859054 15.3222566024322,45.6737704115954 15.3218648674504,45.6738616243333 15.3217604143337,45.6739017668603 15.3215270223907,45.6739914792866 15.3212082636728,45.6740098274232 15.3208284155881,45.6740315860727 15.3202321427916,45.6740952761239 15.3196797703271,45.6741286743249 15.3190187371812,45.6742409945159 15.3180451325445,45.6744064220524 15.317481949296,45.6783177593045 15.3170590489279,45.6781944947216 15.3166171526581,45.6787580251031 15.3157902642702,45.6799157073816 15.3154782947498,45.680358165938 15.3147686124628,45.6809308245714 15.3129682278462,45.682579265435 15.3124508829769,45.6831101506813 15.3123667605329,45.6838850162027 15.3121426391234,45.6839147689015 15.3115816654675,45.6839892528799 15.3110526437286,45.6841347519277 15.3111527499534,45.6843425235538 15.3112509806609,45.6845451124077 15.3113467234246,45.6847947043012 15.3113559656835,45.6849898613474 15.3113390455439,45.6850786359486 15.3113269242295,45.6851422574636 15.3109775512576,45.6859541260391 15.3108511053714,45.6862236920524 15.3104794268753,45.6861498146295 15.3094230442126,45.6859398343859 15.3092578781005,45.6859226854458 15.3084886677226,45.685842888877 15.3085066169523,45.6860283892095 15.3085504264887,45.6860405932845 15.3085514515259,45.6860832571693 15.3085532116303,45.6861636185152 15.3085673914306,45.686570506819 15.3083687221795,45.6865358746138 15.3083887722325,45.6866095566361 15.3084253917588,45.6867441141392 15.3083374240444,45.6867705950682 15.3083833480534,45.6868776225227 15.3083909339163,45.6869380983595 15.3084083887743,45.6870773500551 15.308347677145,45.6871864522756 15.308258544861,45.6873466204891 15.3077268867693,45.6878065576263 15.3075846574602,45.687843887609 15.3075228907045,45.6878606138289 15.3073159653138,45.6876768261341 15.3064061050724,45.6883285748488 15.3058557729172,45.6886993898665 15.3056716063646,45.6888034603733 15.3057222968759,45.6888643267432 15.305757243529,45.6889061719102 15.3058286247888,45.6891535366644 15.3061349099931,45.6892688068522 15.3061458024913,45.6893013969215 15.3061614663119,45.689350445035 15.3065969674827,45.6893260628644 15.3066315986113,45.6893253790672 15.3068223600768,45.6893216129286 15.306939756125,45.6893706500177 15.3070024525674,45.6893966355864 15.3070986369089,45.6892205693797 15.3071941199232,45.6892236801181 15.3072585335142,45.6892259606763 15.3070567636955,45.689424139727 15.3071120139987,45.6894853743261 15.3072030975445,45.6895863231078 15.3076413923791,45.6896659886749 15.3079296159688,45.6897777955697 15.3079651539767,45.6899199066307 15.3079906019559,45.6900201311471 15.3083035712133,45.6901412132813 15.3087224999723,45.6901266102014 15.3088057015376,45.6902189128282 15.3088116538557,45.6903234725383 15.3087195656295,45.6904178650194 15.3086673806566,45.6904713665488 15.3086864111044,45.6905892782756 15.3086328394541,45.6907241592396 15.3085647220482,45.6908957899899 15.3087032153188,45.6912055155143 15.3087415779118,45.6912912830796 15.3088976862328,45.6917909176788 15.3089943674728,45.6919646061186 15.3090357304512,45.6921776291552 15.3090415281157,45.6922073619823 15.309204574197,45.6923784352837 15.3093408434421,45.692575667689 15.3094086876595,45.6926738574373 15.3092801312344,45.6927628141649 15.3092511602265,45.692782863349 15.309102982391,45.692801066059 15.3087512424655,45.6929861964565 15.3090805170146,45.6943623612898 15.309195080595,45.6944969696896 15.3092143993861,45.6945196817995 15.3096393613827,45.6948530642327 15.3095667912459,45.6949768966703 15.3094074456142,45.6950468272508 15.3093151896059,45.6950872743587 15.3092917779693,45.6951223535487 15.3092624679853,45.6951667230496 15.3092905366576,45.6953214854191 15.3095076586316,45.6954679782544 15.3101403795086,45.6957269178394 15.3102728826364,45.6957510974848 15.3104404610623,45.695781692605 15.310528764212,45.6958981908963 15.3105528337258,45.695929684065 15.3104290053229,45.6961691370573 15.3104178373513,45.6961907171437 15.3107094975721,45.6968183501735 15.3112637728346,45.6971905374052 15.3111239429669,45.6973996645284 15.3109988125636,45.6975865480371 15.3105030702131,45.6976655450702 15.3104228675888,45.6976892533026 15.3101777758195,45.6977616221955 15.3098629620946,45.6978519641769 15.3097216375085,45.6979523860405 15.3094088693582,45.6980336284409 15.3090951201959,45.6982510910901 15.3089677538844,45.6984308638853 15.3088461087355,45.6985028828712 15.3086778393434,45.698602606752 15.3084169128726,45.6984691734436 15.3079712079473,45.698352066996 15.3080810239796,45.6974527879508 15.3078901312239,45.6972233133333 15.3077599511755,45.6970668227233 15.3077182855212,45.6970631899071 15.3076442010167,45.6970568242831 15.3076382187356,45.6970942662038 15.3073945457331,45.6971094605845 15.3072898171988,45.697115991309 15.3071756726024,45.6971155112229 15.3068871770879,45.6971142917221 15.305847512215,45.6971611442271 15.3056005328238,45.6972201383897 15.3051846153949,45.6973195584539 15.3050252914279,45.6974100214419 15.3048978213908,45.6975500851304 15.3046392316154,45.6978346549676 15.3051263246045,45.6982838014879 15.3049997815804,45.6987701207829 15.3044157648061,45.6989155857617 15.3023826470665,45.698979830702 15.3024600496787,45.6988137324916 15.3025056444882,45.6987166739497 15.3025414413945,45.6986412666469 15.3024946221266,45.698370860565 15.3020313352395,45.6980112817765 15.3019015928653,45.6977339221122 15.3017471477426,45.6974061617798 15.3016862599887,45.6974240818002 15.3007224965947,45.6973370550496 15.3006551248243,45.6973312718601 15.2991623243288,45.6971965693732 15.2993200126925,45.6963633417126 15.2992770556266,45.6961412022856 15.299229461726,45.6958970081686 15.2995013347984,45.694603599927 15.3000297256901,45.6938783443995 15.3003558624175,45.6934953028223 15.3003557066103,45.6932797589283 15.3003298329885,45.6932249321769 15.3002626332383,45.6930832691264 15.299254747841,45.6940154827338 15.2989027808099,45.6943411003553 15.2987244674961,45.6942800812565 15.2982767262904,45.6941273933647 15.2980150980226,45.6939334844567 15.297754274422,45.6937398578553 15.2990708772936,45.6922807615139 15.3000932878499,45.6921250789038 15.300469344512,45.6917325372779 15.3005989704956,45.6916976348278 15.300730295685,45.6916622794649 15.3007559071701,45.6914698631894 15.3007647915257,45.6914031548945 15.299743883692,45.6915407333904 15.2996920017991,45.6914331225416 15.2996379731026,45.6913187413755 15.2995783461067,45.6910634222871 15.2995718231562,45.6910635067089 15.2995024752203,45.6910643895084 15.2993238062595,45.6912040917134 15.2990212137239,45.6912096651439 15.2988501341896,45.6908548723689 15.2988119190861,45.6907770286135 15.2985878271642,45.6906567553739 15.2982531487293,45.6904192904409 15.2976120647904,45.6902857239781 15.2972647501521,45.6902644681415 15.2971276893378,45.6902644367796 15.2970779376278,45.6902805892052 15.2969566611492,45.6903200872869 15.2968588852768,45.6903381003587 15.2967397709115,45.6902343807728 15.2965982395515,45.6901109744425 15.2962747379999,45.6898257970042 15.2968409089911,45.689688410746 15.2979280623799,45.6894244083135 15.2982271942118,45.6893121972345 15.298464243507,45.6890043337099 15.2986363792073,45.6887807865275 15.2987460424522,45.6887315625718 15.2990384386714,45.688676582543 15.2991030556863,45.6886757924626 15.2991868383939,45.6886747710053 15.2993019136656,45.6887071512227 15.2993880244629,45.6887319140811 15.2994267072116,45.6886655883307 15.2994705602457,45.6885900136844 15.2994412007467,45.6885924549694 15.2993893515733,45.6885972288572 15.2992308493062,45.6885537977871 15.2992335165792,45.6885216105357 15.2992390492257,45.6884550578553 15.2992996537072,45.6882887993162 15.299344579984,45.6881657615871 15.2993625407327,45.687940787056 15.2998629092179,45.6873769397331 15.3004440037437,45.6870299429046 15.3006239975369,45.6870882406994 15.3006615499211,45.68707329667 15.3007506585041,45.6870378390463 15.3011006152313,45.6872887897586 15.3011937751575,45.6873387526706 15.3014222028962,45.6874628105046 15.3015556927484,45.6875353426006 15.3012790373598,45.6875056476986 15.3012410785346,45.6875851037346 15.3012230779907,45.6876230005419 15.3011782330366,45.6876615010487 15.3011197493736,45.687711906065 15.3015201740684,45.6877964310456 15.3024062783465,45.6878211876535 15.3021510397565,45.6876451129096 15.3021079660574,45.6876051826006 15.3019419925111,45.687452727842 15.3013338506418,45.6870532606442 15.3007611950227,45.6866520526528 15.2996978801402,45.6860201620571 15.2991026591061,45.686388636473 15.2986775471318,45.6866518103601 15.2976722840647,45.68746476763 15.2975692982878,45.6875235854298 15.2974004092613,45.6876642820704 15.2970595907293,45.687948203458 15.2961756441801,45.6884408226739 15.2954901415379,45.6887895276732 15.2955124028476,45.6893727860301 15.2951388380344,45.6894669014427 15.2949486850569,45.6895147887588 15.2947576627365,45.6896894410441 15.2945985349632,45.6899327266509 15.2944361515801,45.690020446838 15.2938163543688,45.69021458774 15.2935634819717,45.6903273757021 15.2930432006153,45.6909816981256 15.2928658682384,45.6913549502615 15.29251461525,45.6914272149136 15.2921957382909,45.6914426040981 15.292088626163,45.6914477819481 15.2910832447104,45.6914863331833 15.2907990382509,45.6915096150547 15.2906655418929,45.6915370122203 15.2904282799389,45.6915857366906 15.2897846615796,45.6916643142914 15.2887020097511,45.6920414344488 15.2881730585991,45.6924283463776 15.2879924211641,45.6927360490913 15.2879061028291,45.6932238520224 15.2878816933835,45.6933624132611 15.2878766642705,45.6937562243959 15.2878514515839,45.6939595189548 15.2877630546527,45.6941133297133 15.287675042378,45.6942664894149 15.2874573764636,45.6945861302062 15.2873494882478,45.6949602069607 15.2875349038874,45.6955068803619 15.2876116161613,45.6957329619845 15.2876067679977,45.6958713132004 15.2874467490649,45.6960742493522 15.2871825070284,45.6962557932998 15.2870237289599,45.6964363167814 15.2870422954617,45.6964704532265 15.2870969081924,45.6965709892817 15.2871557626033,45.6968276489988 15.2871129806257,45.6969242328222 15.2870839938641,45.6969896755706 15.2870465947011,45.6980806105485 15.2873115854196,45.6984248360523 15.2873176880604,45.6985857115817 15.2873237897567,45.6987476416815 15.2874235123001,45.6989197014338 15.2879080647764,45.6991445413337 15.2884319337472,45.6993876233352 15.2887996066232,45.6994724302292 15.2891328300956,45.6996826120423 15.2892595446151,45.7001160731154 15.2890567948135,45.7007635167825 15.2891003430339,45.7007685899715 15.2887122889833,45.7015463325299 15.2886753255739,45.7018768965826 15.2885408332555,45.7023177434945 15.2883624945522,45.702902318883 15.2883624082195,45.7030049878768 15.288428008335,45.7032315410753 15.2881919628565,45.7037721617185 15.2879064113993,45.704307377745 15.2879887582329,45.705179994785 15.2877348502561,45.7057067493934 15.2874202609262,45.7059921433221 15.2868899658925,45.7062345859146 15.2861644824184,45.7067855054744 15.2859432670054,45.7073574303552 15.2851381517784,45.7081480661812 15.2846875970233,45.7088780475191 15.2845855627193,45.709197127877 15.2839026743642,45.7100454816595 15.2834292425798,45.7101540999144 15.2826431063532,45.710334433307 15.2812336981794,45.7106576724202 15.2802479552677,45.7099858448217 15.2799138462778,45.709765588766 15.2793572086173,45.7092899710933 15.2787925203301,45.7088075447805 15.2782579460339,45.7084838204959 15.2778764924458,45.7082457117096 15.2774764897607,45.7080444269304 15.2771229912034,45.7078665379822 15.2759920222844,45.707504475387 15.2759395648721,45.7074859736754 15.2745487965782,45.70699532289 15.2743498232348,45.706856098612 15.2745545930194,45.7065618944244 15.2744666369013,45.706501765465 15.2743404410418,45.7064159026419 15.2735849550036,45.7062064352607 15.2734169971299,45.7062956104939 15.2697432792316,45.7072394268733 15.269691934621,45.7072266813962 15.2696847491541,45.7072248547661 15.2696445576674,45.7072142692703 15.2698516185893,45.7062943754082 15.2702779255947,45.7055556240317 15.2680250206133,45.7042534424045 15.2676058709932,45.7040467586436 15.2676834461845,45.7030637141074 15.2677166835662,45.7026425897483 15.267869530127,45.7025476566976 15.267810266692,45.7022818784945 15.2678750149725,45.7021828484533 15.2678047531326,45.7021075434985 15.2677701126626,45.702070396143 15.267770193731,45.701998964198 15.2676016029628,45.7016476433084 15.267479278442,45.7016576693305 15.26740475002,45.7015377411828 15.2673517416955,45.7014524262884 15.2671051108599,45.7013617644592 15.2670097537221,45.7012415113646 15.26675253694,45.7009903350207 15.2667384402297,45.7009734741401 15.2662399108019,45.7003741948782 15.2662676678786,45.7003325101205 15.2663002458814,45.7002836329979 15.2665037517938,45.7001028736467 15.2663245408905,45.6999830767811 15.2663098816494,45.6999798392922 15.2661029915591,45.6999340697989 15.265962460918,45.6998708072317 15.2659119968407,45.6998480932804 15.2658584199735,45.6997919417821 15.2658260222261,45.6997579818064 15.2661951624909,45.6993976444334 15.2662675383465,45.6993270265708 15.2662981910863,45.6992896975917 15.2663757984689,45.6991951884358 15.266477385401,45.6991059915394 15.2662700435157,45.6989562589272 15.2661516187941,45.6988711601211 15.2658986174644,45.6986783192147 15.2657046683485,45.6985838386356 15.2654165909008,45.6984822828897 15.2647787074955,45.69825885244 15.264375114618,45.6982693048621 15.2639953814869,45.6981838433907 15.2638160168179,45.6979821611355 15.2636604217784,45.6980665411235 15.2635019635866,45.6981525707647 15.2634359577051,45.698094627911 15.2633932954737,45.698058244491 15.2634133588135,45.6979471444246 15.2634233113075,45.6978920681857 15.2635203057223,45.6978126717818 15.2636086047179,45.6977404067107 15.2642191965661,45.6974938404009 15.2642217866659,45.6974356673543 15.2642231528493,45.6974048382047 15.2643144337095,45.6973770261109 15.2643245251289,45.6973348339725 15.2643377347941,45.6972796201174 15.2645356061638,45.697071650354 15.2643310586703,45.6969508078206 15.2641767530894,45.6968595590694 15.2641772171723,45.6968059718807 15.2634376090561,45.696632528527 15.2633844425753,45.6966328573033 15.2631823585162,45.6966341211672 15.263172315845,45.6966019141536 15.2631602438112,45.6965626270001 15.2632795963995,45.6965408011172 15.2634475449112,45.6965105659823 15.2642325201608,45.6964601927409 15.2644560332835,45.6965459119749 15.2646186764823,45.6966892023667 15.2647776059163,45.6967478704529 15.2647871532293,45.6967513588024 15.2650491262374,45.6967637122312 15.2650534586343,45.6966559879672 15.2650616593544,45.6964227126363 15.2652855388545,45.696421658537 15.2654249745306,45.6963861732033 15.2655002946723,45.6961442318196 15.2656677747311,45.6956056599778 15.265813153247,45.695146344323 15.2661494249482,45.6948144926582 15.2661374786759,45.694737943027 15.2659885970597,45.6946952716326 15.2658023613687,45.6946418944541 15.2658276324673,45.6944141474399 15.2659875386996,45.6942073548603 15.2662128867817,45.6940446589912 15.2672468204195,45.6943256426342 15.2675736426495,45.6944508973362 15.2679514396819,45.6941212258827 15.2675375047832,45.6938736470289 15.2668434483733,45.6937035668113 15.266722475966,45.693623958696 15.2666730143636,45.6936206559454 15.2664709724398,45.6936074786076 15.2656088154765,45.6940450921691 15.265638860425,45.6943102439301 15.2656731153315,45.6946116048262 15.265405340079,45.6948681896382 15.2653004857732,45.6951954897006 15.2652232800391,45.6954364900957 15.2652560547875,45.6954721540983 15.2651724200862,45.6957533643784 15.2651157327529,45.6959439429618 15.2649439856124,45.696092822679 15.2647751802021,45.6961926219198 15.2644613919887,45.6961815367644 15.2640969036958,45.6961686622734 15.2633262435377,45.6962472719554 15.2630442504296,45.6963294512414 15.2628966683959,45.6963724552007 15.2627165674509,45.6964794256854 15.2625836887746,45.6965583382328 15.2624902477936,45.6966395602898 15.2622936615783,45.6968104283928 15.2619817328529,45.6969412208474 15.2612465605081,45.6971058060968 15.2610094416518,45.6972772051298 15.2608020224388,45.697427208769 15.26071912398,45.6976281438172 15.260830690012,45.6978713347173 15.2608644040613,45.6979434689413 15.2609465357246,45.6979400704097 15.2611527214847,45.6981893622321 15.2613147490665,45.6982749399556 15.2616156450006,45.6987132530299 15.2616996389499,45.6988355848614 15.2616584531565,45.6989886210519 15.2616389548422,45.6990605173994 15.261817345421,45.6990349320469 15.2618824796802,45.6990257022523 15.2620993683272,45.6990388569169 15.2623174370253,45.69908309463 15.2625371241614,45.6991404822849 15.2626554274039,45.6991713740588 15.2626213801081,45.6992620586208 15.2624164058166,45.6992481522081 15.2622349173251,45.6992355149038 15.2616592691498,45.6992634744464 15.2616922867433,45.6993597357442 15.2618338874908,45.6995529487142 15.2617686046695,45.6998961897396 15.2617507269157,45.6999894257179 15.2616151966543,45.6999476114428 15.2615144298085,45.6999164345201 15.2611727155294,45.699898784746 15.2608643450911,45.6998996404556 15.2607249939977,45.6999199592116 15.260634575754,45.6999329883989 15.2606152767849,45.6999083273935 15.2605874790756,45.6998714176504 15.2605484945169,45.6998196637192 15.2605351358445,45.699699305957 15.2604969443511,45.6996034794888 15.2604774779318,45.6994289323622 15.2604185792565,45.6993649263453 15.2603025227002,45.69908769669 15.2602191716638,45.6989247224856 15.2599670134311,45.6985746552717 15.2596712993033,45.6986670647434 15.2591887333442,45.6988208864701 15.2588971153003,45.698938377631 15.2587291548464,45.699059464044 15.2586327933737,45.6991540683494 15.2584723036279,45.6993081256697 15.2581023536963,45.6996358874323 15.257915947402,45.6997714904005 15.2580211112222,45.6998486080601 15.2581110104649,45.7000234012433 15.2579162224618,45.7008151241646 15.2578141586638,45.7009519976212 15.2576865348858,45.7009877307753 15.2576177231699,45.7010352431666 15.2575559519749,45.7010778498081 15.2575372941148,45.7011670103561 15.2575423531105,45.7012514996657 15.2575465008852,45.7013208351509 15.2576250422284,45.7015646191425 15.2579344492009,45.7020044010656 15.2578023130521,45.702065758842 15.2577988459863,45.7020673705035 15.2579530671071,45.7021849285058 15.2579471479485,45.7022288372737 15.2579424253135,45.7022638895608 15.257969195101,45.7023037554513 15.2579798238339,45.702319670891 15.2577707946026,45.7024620587551 15.2578060048804,45.7025320991289 15.2578330768566,45.7025851677413 15.2578880692136,45.7026125334524 15.2579120926706,45.7026244877831 15.2579717566661,45.7026932157167 15.2580141731288,45.7027422021887 15.2577898089187,45.7029751500244 15.2576297556684,45.7030934170243 15.2574186350707,45.7032644685233 15.2574135613484,45.7033235771496 15.2571695668291,45.7033774564454 15.2570689805116,45.7034499751037 15.2567365285354,45.7040535460547 15.2564870931377,45.7054674950541 15.2559632677891,45.7089781586671 15.2557618678647,45.708965099907 15.2554220196541,45.7089830104083 15.2553745928644,45.7089648186067 15.2553636349722,45.7089605276705 15.2553268522486,45.7089459539032 15.2552508985079,45.7089158561984 15.2551537200472,45.7089069139625 15.2548332166786,45.7089973012922 15.2546288819654,45.7091470301365 15.2546223949196,45.7091803839559 15.2546121068518,45.7092323261126 15.2545248248387,45.7093122121279 15.2544100028292,45.7095826738079 15.2543801177565,45.7097230619544 15.254175904712,45.7098845383868 15.2539582496632,45.7099480471127 15.2536347562858,45.7100849926848 15.2533451129389,45.7101088733506 15.2531683914819,45.7102074566693 15.2528152749989,45.710266070702 15.2524498565722,45.7106549443304 15.2524267321746,45.7107560811559 15.2524141579949,45.7108111447882 15.2523034867055,45.710919306779 15.2522371537495,45.7110795258765 15.2522103647195,45.7111441162251 15.252050277235,45.7113750794222 15.2519209042027,45.711421340005 15.2518063430442,45.711415492931 15.2517163384492,45.7114108031036 15.2514472862895,45.7115554773779 15.2509937419767,45.7116106080543 15.2508776195696,45.7116247251708 15.2507921534716,45.7115973396185 15.25084891547,45.7117145979518 15.250945891163,45.7118183263399 15.251294126822,45.7124750878096 15.251310601677,45.7126972495278 15.2513273995646,45.7129233667529 15.2513461471479,45.7131771745832 15.2515864504703,45.7138541815647 15.2515799085556,45.7140109585649 15.2515736638966,45.7141607877412 15.2515177769154,45.7142231747765 15.2515719084805,45.7146330344488 15.2514468887243,45.7152800411202 15.2514320175228,45.7153567686252 15.2512968328443,45.7155199048385 15.251241066889,45.7155871619439 15.2505877249151,45.715917926197 15.2494045380532,45.7161488927454 15.2488409523023,45.7165540913095 15.2487608103321,45.7166650550341 15.2487028672914,45.7167452920585 15.2486598490096,45.7167841022274 15.2485542385695,45.716879384693 15.24848631563,45.7172503853167 15.2487371238526,45.7176525081414 15.2487094248598,45.7183471689415 15.2477407478497,45.7185965743435 15.2469448870393,45.7188013865178 15.2449838574231,45.7179595639753 15.2444898037971,45.7191399342706 15.2440533606903,45.7198209747747 15.2439814399732,45.7199326859433 15.2434818420763,45.7201147210021 15.2429168555134,45.7203205776443 15.2429963119508,45.7205738965401 15.243069379294,45.7208067687886 15.2428448848438,45.7208746296687 15.2427298906549,45.7209093719355 15.2424399306416,45.7209965872237 15.241649889954,45.7209574645312 15.2406139129301,45.721020077458 15.2394669296897,45.7210893825848 15.239077608685,45.7210132996615 15.2382783233331,45.720857082114 15.2382156395489,45.721226457033 15.2381532374758,45.7216006832028 15.2382506749415,45.7217729580074 15.2384020738832,45.7220411459359 15.239022009396,45.7226411433636 15.2389874653617,45.7227267554149 15.2389230454121,45.7228860500003 15.2391228076645,45.7231230910817 15.2391555947707,45.7232759704364 15.2393558877446,45.7234826122589 15.2394897920432,45.7235320661415 15.2396747241134,45.723599755191 15.2398816669264,45.7237385317423 15.2401982961149,45.7238233311655 15.2403755586189,45.7238708074709 15.2410708712607,45.7238514869355 15.2413071434476,45.7238064067431 15.24149304899,45.7237709327807 15.241839895303,45.7237808379563 15.2421805194616,45.7237905367957 15.242786396494,45.7239153581947 15.2433014307241,45.7240542417185 15.2437197671604,45.7241720143952 15.2439824045694,45.7242463844753 15.2446257333972,45.7241491452717 15.2449055429063,45.7238879051511 15.2450224390292,45.7236585879915 15.2452452572936,45.723221809791 15.2452623117102,45.7232164605646 15.2455051177477,45.7231402343266 15.2456805509546,45.7230697428797 15.2459182569711,45.7229744539049 15.2467661255517,45.7230630269342 15.246820107514,45.7232437149779 15.2468486417557,45.7233392480445 15.2468062544293,45.7236439259233 15.2467940814584,45.7237316168522 15.2467817538815,45.7241145509883 15.2469175870058,45.7243827825842 15.2471004801575,45.724404801405 15.2472674290122,45.7244248058657 15.2476519608144,45.7245930904359 15.248080116142,45.7247567741472 15.2483328708889,45.7248534096534 15.24867466409,45.7248606904271 15.2489701754358,45.7249408259929 15.249090451016,45.7249902570172 15.2493496157324,45.7252116808389 15.2495020699065,45.7254194726722 15.2496092294345,45.7255655362479 15.2500350254023,45.7259069394087 15.2502968143159,45.7259965320816 15.250434389497,45.7260423483231 15.2505506297959,45.7260808171288 15.2511209843759,45.7260041110334 15.2513379216304,45.7261063662291 15.2518590017058,45.726383519011 15.252466032142,45.7266939680412 15.252691447137,45.7269202741328 15.2528986229897,45.7271282710255 15.2534941609725,45.7270096519911 15.2535399352791,45.7270006710336 15.2538572254072,45.7269371074111 15.2540905027198,45.7268213139298 15.2543672774424,45.7267484501427 15.2545130375766,45.7267538177483 15.2546636987178,45.7267594338558 15.2550047281656,45.7267015544063 15.2552991051721,45.7266516382613 15.2556305280099,45.7264392507018 15.2558624944327,45.7263336332933 15.25607204039,45.7260451632656 15.2564552280473,45.7260454642327 15.2567542871355,45.7260455754041 15.2570924699636,45.7260790185291 15.2573207110764,45.726101626836 15.2575828767109,45.7261663918586 15.257778087494,45.7262146167042 15.257874795111,45.7262392154865 15.2580592025224,45.7262850242589 15.25830508469,45.7262786918476 15.2584624704935,45.7262741649637 15.258701445124,45.7262115453231 15.2592287317656,45.7261614619044 15.2595885524567,45.7261106078432 15.2602570330255,45.7261941605394 15.2607894693188,45.7263280349282 15.2613366220801,45.7267368359023 15.2620953520141,45.7270488748912 15.2624584106947,45.7271867987705 15.2625303411645,45.7273193231469 15.2628328130816,45.7275643519468 15.2630149414724,45.7279989477926 15.2630783132336,45.7281501753093 15.2635446351222,45.7285167484325 15.2635938406709,45.7285540599403 15.2636965513801,45.7284918805606 15.2638338988436,45.7284087323547 15.2638436723916,45.7284031378044 15.2641199787488,45.7284028979863 15.2644351300794,45.7286509642595 15.264719013016,45.7288323105828 15.2648758669527,45.7289323551917 15.2649249882377,45.7291744030983 15.2649333045118,45.729214520259 15.2651738899718,45.7294617827568 15.2652004921205,45.7297364950316 15.2653068858445,45.7298281679187 15.2654630940729,45.729962588345 15.2655924295022,45.7301454070091 15.2656726567235,45.7302585803469 15.2658427568331,45.7304288431903 15.2661796944796,45.7307660809426 15.2667603189645,45.7309805022868 15.2670882433146,45.7312389640634 15.2674892211482,45.731423635785 15.26779974602,45.7317342309289 15.2678964459046,45.7319172086902 15.2681092026177,45.7320708920362 15.2682824819842,45.7323257569798 15.2685726368806,45.732626627424 15.2687137364894,45.7326990580039 15.2692407868467,45.7328009562227 15.269433342743,45.7329034028125 15.2695004566164,45.7329391059297 15.2696072789332,45.732975875564 15.2698031575625,45.7330433897344 15.270532745268,45.733755192038 15.2705980479594,45.733953778686 15.2710202591471,45.7348473947772 15.2715218621326,45.735129711458 15.2715874129835,45.7352516983261 15.2725438768674,45.7355288661182 15.2733514425282,45.7358242427848 15.2736666553212,45.7360021049206 15.274240028275,45.7367383068876 15.274953392075,45.7369613819015 15.2753217851086,45.7373023083689 15.2751440892619,45.737703933346 15.2747308721472,45.7380770087097 15.2745840332009,45.7383556437551 15.2744734110239,45.7385656984408 15.2745152706958,45.7390788047642 15.274563959251,45.7395907623393 15.2743786745786,45.7399458914429 15.2742817422491,45.7401312741888 15.2744850440686,45.7402468431754 15.2746698110893,45.7403510049516 15.2752701173023,45.740342660283 15.2755442328443,45.7403388114569 15.2760568986563,45.7402524085839 15.2765691475705,45.7400809470549 15.2779937708394,45.7394960126179 15.2779401690231,45.7402798004685 15.2780878086227,45.7404420040213 15.2779305378196,45.7411069732365 15.277929566222,45.7421236773706 15.2781906374457,45.7425604483562 15.278780685418,45.7429911269272 15.2792820072965,45.7432507596574 15.2796076946107,45.7434194409293 15.279907423161,45.7434900589737 15.2802751731011,45.7435767073872 15.2804929411912,45.7436508317397 15.2808291152888,45.7437642390606 15.2811825372101,45.7437501121893 15.2815862698939,45.7435421834774 15.282073234622,45.7432913964642 15.282392417437,45.7433319898767 15.2826067291819,45.7433593453294 15.2840762595102,45.7439276072146 15.2843475678958,45.7442097974174 15.2843809903269,45.7445721051672 15.2850510110461,45.7449531641979 15.2850945937654,45.7450686908681 15.2852188805474,45.7453981128714 15.2857140371824,45.7454926787817 15.286045085598,45.7455018056687 15.2862860766413,45.7455084559462 15.2870897590159,45.7454031406605 15.2872168034373,45.7453980513305 15.2876557879457,45.7453804117805 15.2878818218924,45.7454413780328 15.2881120046241,45.745503427129 15.2882839090168,45.7454669655354 15.2884948352892,45.745558346756 15.2887112449437,45.7456521018365 15.2894310234883,45.7457985064364 15.2897697722291,45.7458423809843 15.2900035335528,45.7458726352107 15.2905673721254,45.7462406253743 15.291872850755,45.7470925528741 15.2922520165315,45.747193404982 15.292671403758,45.7473048055696 15.292916245539,45.7474266122446 15.293278595777,45.7477132855247 15.2935222977329,45.7477304220403 15.2936081857902,45.7477576610912 15.2937646692922,45.7478072949194 15.2944437910039,45.7481435427943 15.2948667383822,45.7483150711185 15.2952230534541,45.7484595694619 15.2953176285871,45.7485287147657 15.2954014111057,45.7485897585822 15.2954766968251,45.7486926294529 15.2956245173531,45.7488944260692 15.2954906526298,45.7491663379937 15.2958410855515,45.7495238912147 15.2956142574107,45.7497593186587 15.2956404659063,45.7499623497996 15.2964537739089,45.7505347296763 15.2962133247036,45.7511879732149 15.2959892023159,45.7513725825649 15.2959265758191,45.7516075337952 15.2957463162093,45.7517567898776 15.2958130224556,45.751802208131 15.2958293490693,45.7518133102023 15.2962501151734,45.7523224634412 15.2964836987834,45.7524081432834 15.2966065370755,45.7526704744617 15.2972247386784,45.7530381302116 15.2973560958791,45.7531696713191 15.2974977284876,45.7532045892352 15.2975649609993,45.7532143399895 15.2976582437693,45.753227875932 15.2977400983608,45.7532612240828 15.2978965256914,45.7533249515996 15.2986179716075,45.7537961112935 15.2988823790216,45.7538842662937 15.2989937481492,45.7539661850693 15.2990292150813,45.7539922213601 15.2989398703577,45.754164297192 15.2990762978741,45.7543167849451 15.2992889176024,45.7543953380048 15.2995216175527,45.7544813028453 15.2996451020724,45.7546116733853 15.3000272321938,45.7548341442309 15.3002692277657,45.7549750268879 15.300319466239,45.7549733067543 15.300442681831,45.7549690965019 15.3005442296275,45.7550095041529 15.3008249672627,45.7551216916994 15.3021144971441,45.7551099756047 15.3022111381489,45.7551471647958 15.3023085597448,45.7551845240541 15.3033937370853,45.755397532986 15.3050163409478,45.7552269146708 15.3053177246586,45.7553507283893 15.3057152914705,45.7555144158691 15.3068772977684,45.7549842696062 15.3075317153706,45.7549900811934 15.3081536845577,45.7552994426566 15.3087060932042,45.7555742083874 15.3103027293697,45.7563208817334 15.3108271849973,45.756481451975 15.3109820740332,45.7565288535903 15.3111650432108,45.7565678730664 15.3116553756965,45.7566723988894 15.3123432481918,45.7569357517207 15.3125432248141,45.7570602160687 15.3127445707317,45.7571853754485 15.3129973748843,45.7575345669641 15.3131515232268,45.7577475324195 15.3133042187871,45.7578863456263 15.3133986514717,45.7579721900726 15.3133842504493,45.7579852190709 15.3140704762305,45.7584930696975 15.3147778398779,45.7589298500162 15.3154952434273,45.7593734623734 15.3159431664848,45.7596400936688 15.3162050570801,45.7597959801388 15.3167301859127,45.7598650746271 15.317935492489,45.7600700679979 15.3184529162149,45.7600198908772 15.318808895017,45.759985934035 15.3192532286188,45.759926626645 15.3203695983808,45.7597776285348 15.3207236108817,45.7597997717937 15.3212858452167,45.7598476941711 15.3215281418391,45.7598969379635 15.3223855566848,45.7601120342482 15.3231809072858,45.7603115515673 15.3234368494531,45.7602690120774 15.3237704262524,45.7602138390492 15.3240230462429,45.7603178111206 15.3243134659132,45.7603928865239 15.3251375316102,45.7606059002797 15.3258687180451,45.7607078117608 15.3266952257998,45.7611912934307 15.3268832479831,45.7613342528782 15.3273670954919,45.7616320319239 15.327765791173,45.7618775625182 15.3282931750964,45.7620514184368 15.3291643185591,45.7623480460358 15.3295594193976,45.7624825792267 15.330189866688,45.7627881296623 15.3313070229582,45.7628022738759 15.3313722190551,45.7626799363467 15.3314468814697,45.7625409331088 15.3312266215791,45.7622536328378 15.3312634788939,45.761965592155 15.3313908020523,45.7617582681523 15.3314663822772,45.7614971065971 15.3314653659586,45.7613261535965 15.3316290123087,45.7607407924385 15.33678100625,45.7602487685781</coordinates></LinearRing></outerBoundaryIs></Polygon><Polygon><outerBoundaryIs><LinearRing><coordinates>15.3049336085727,45.6944784619353 15.3055748631465,45.693545297002 15.3053187944553,45.6935684233076 15.3049605587407,45.6937081340846 15.3048699487063,45.6936549373456 15.3047791880181,45.6936016480764 15.3042325367201,45.6935851833235 15.3038538017886,45.6936040834281 15.3035799298478,45.6936178583732 15.303343494725,45.6935122969449 15.3031956092508,45.6934462541514 15.3025325504853,45.6931487319011 15.3027407854342,45.692910476161 15.3028804951945,45.6927506255824 15.3026950621121,45.6927742945609 15.302150677718,45.692843777964 15.3018537670318,45.692833428726 15.3016234258244,45.6928254840472 15.3015713357599,45.6928937736117 15.3014459684611,45.6929202941524 15.301419935346,45.6929157414725 15.3013108781238,45.6928956415888 15.3012126669296,45.6928775783324 15.3010841048164,45.6927386964939 15.3009087796395,45.6926779685976 15.3007307116285,45.6926161291553 15.3007613699821,45.6925005824161 15.300827169206,45.6924386809647 15.3011501067555,45.6921348170903 15.3007648361932,45.6921728188721 15.300191917312,45.6925190409024 15.3005108374359,45.6926754931895 15.3014122325921,45.6932621587474 15.3015431361042,45.6937732130278 15.3016977382175,45.6943787733691 15.3019035782056,45.694705705268 15.3021658421791,45.6948779739974 15.3025876511196,45.6951549931619 15.3026615728124,45.6952027726456 15.3026938197771,45.6949549239818 15.3027139764129,45.6947983250127 15.3026192959554,45.6941243755228 15.3034225070331,45.693704686731 15.3038917617093,45.6942035549589 15.3042345169762,45.6945685855388 15.3043243803111,45.694803730585 15.3042433184843,45.6949702255741 15.3042708209847,45.6953920993611 15.3032730902863,45.6956109894701 15.3034658778746,45.6958318228894 15.3036513977296,45.6960442961455 15.3039748162361,45.6964138660095 15.3041591262079,45.6962346507502 15.3050349761672,45.6953820236405 15.3049960934101,45.6953545701894 15.3051677474251,45.6951746359964 15.3055118531484,45.6950208341831 15.3052275761566,45.6945754058751 15.3049336085727,45.6944784619353</coordinates></LinearRing></outerBoundaryIs></Polygon><Polygon><outerBoundaryIs><LinearRing><coordinates>15.3047211562849,45.6900193880159 15.3036007086069,45.6892849212761 15.3034816987772,45.6892484882954 15.3029838976797,45.689096195075 15.3028347238038,45.6891784120716 15.3027971846084,45.6891707355242 15.3018595879995,45.6889788594796 15.3017693902201,45.689130800575 15.3016159818605,45.6893911139309 15.3014284375527,45.6897096290587 15.3014897884563,45.6897403212809 15.3014847402171,45.6897621950787 15.3014779378735,45.689798867774 15.3019413000774,45.6897203224929 15.3023038388782,45.6895858635671 15.3029296834523,45.6897199089751 15.3033786119612,45.6898168438668 15.3037831349862,45.6898116532688 15.3043899790808,45.6901473343404 15.3046429507837,45.6902508387626 15.3051612547986,45.6904629116088 15.3055730212505,45.6906828555551 15.3062935445679,45.6910680415467 15.306312074104,45.6910574958507 15.3063326607661,45.6910445844311 15.3059983543076,45.6907844941034 15.3054312077437,45.690413016394 15.3047211562849,45.6900193880159</coordinates></LinearRing></outerBoundaryIs></Polygon><Polygon><outerBoundaryIs><LinearRing><coordinates>15.2999542949904,45.6928226303804 15.2996966402296,45.6926649378891 15.2989873125003,45.6934265275803 15.2989586042537,45.6937587037648 15.2989933020875,45.6937289462868 15.2999542949904,45.6928226303804</coordinates></LinearRing></outerBoundaryIs></Polygon></MultiGeometry>
  </Placemark>
  <Placemark>
	<Style><LineStyle><color>ff0000ff</color></LineStyle><PolyStyle><fill>0</fill></PolyStyle></Style>
	<ExtendedData><SchemaData schemaUrl="#rpj_opcine">
		<SimpleData name="id">308</SimpleData>
		<SimpleData name="zup_rb">1</SimpleData>
		<SimpleData name="zup_naziv">Zagrebačka županija</SimpleData>
		<SimpleData name="zup_sjedis">Zagreb</SimpleData>
		<SimpleData name="mbroj">03808</SimpleData>
		<SimpleData name="naziv">SAMOBOR</SimpleData>
		<SimpleData name="status">2</SimpleData>
		<SimpleData name="status_opi">Grad</SimpleData>
		<SimpleData name="povrsina">248358560</SimpleData>
		<SimpleData name="opseg">124484</SimpleData>
		<SimpleData name="shape_star">248367607.782</SimpleData>
		<SimpleData name="shape_stle">124486.864666</SimpleData>
	</SchemaData></ExtendedData>
      <MultiGeometry><Polygon><outerBoundaryIs><LinearRing><coordinates>15.4664431668208,45.8182433861365 15.4665381865458,45.8182418324185 15.466929459394,45.8182755789853 15.4673117504814,45.8183008992098 15.4674242381216,45.8182928036513 15.4680747815655,45.8182477581084 15.4683388746638,45.8181885618832 15.4687626084037,45.8180782768189 15.4691689847786,45.81798227982 15.469552392489,45.8179316687414 15.4700210549883,45.8177630328578 15.4703984568755,45.8176091148692 15.4705733641176,45.8175230012088 15.4708493697605,45.8173871187139 15.4709875352745,45.8173419282539 15.4712412655135,45.8173269766857 15.4715604630937,45.8175329922102 15.4716136115949,45.8175672849931 15.4722585164572,45.8177322414155 15.4724166350734,45.8177724206089 15.4729506434623,45.8179081256271 15.4731623196162,45.8179212712247 15.4732910724651,45.8179292244842 15.4735216156938,45.8179434720502 15.4742438701976,45.8179402697318 15.4747905593693,45.8179687422945 15.4754156953218,45.8180420733011 15.4755002002283,45.8181417979701 15.4755067059488,45.8182526213248 15.475521128963,45.8185226213789 15.4755003342208,45.8186670997765 15.4754865829621,45.8187626464821 15.4757649095632,45.819070792159 15.4758617378058,45.8190584673307 15.4761833015422,45.8190196059458 15.4764598870836,45.8189331328764 15.476637193963,45.8188703586862 15.4768633583015,45.8188877257668 15.4771471482329,45.8189674756501 15.4773197094344,45.8190314456006 15.4775879345716,45.8191308838879 15.4779423423632,45.8192022414462 15.4780968965365,45.8193024360195 15.4782938104527,45.8194300696841 15.4785677688397,45.8196392682586 15.4787647509523,45.8199636827692 15.478619527224,45.8203770397345 15.4785004058303,45.8207026144554 15.4783049937434,45.8209588388575 15.4782413761969,45.8210775019923 15.4782121169231,45.8212015058312 15.4781813953298,45.8213300945421 15.4779976102124,45.821649090506 15.4778912509088,45.8218332748888 15.477881273682,45.8218507604565 15.4778705925972,45.821950446032 15.4778618949554,45.822031902377 15.4776828042355,45.8221915840503 15.4776190526048,45.8223788658889 15.4774834724788,45.8227771801654 15.4774515666529,45.8229008586574 15.4774002232796,45.8230998299825 15.4774916170032,45.8234249066316 15.4775391096648,45.8236939757187 15.4774853928326,45.8239598535537 15.4775902944105,45.8241947222315 15.4776312270486,45.8243406890244 15.4777388028148,45.8247327110645 15.4778883228413,45.8249155286356 15.4778784817032,45.8250397447143 15.4778746087528,45.8250877186813 15.4778115565381,45.8251018437582 15.4778312832416,45.8252942652536 15.4777973728713,45.8255490693123 15.4777869312883,45.8256284458675 15.4778898073585,45.8258697206218 15.4778570264384,45.8260067703982 15.4778260682396,45.8261362026014 15.4778790661343,45.8262472319513 15.4779334465573,45.8263608614548 15.4779906327713,45.8264527715635 15.4780867231075,45.8266077579799 15.4782346901908,45.8267807479741 15.4782777404592,45.8268310734262 15.4783885729902,45.8270016759948 15.4784730587091,45.8272066085395 15.4785711911463,45.8272969588697 15.4787724495609,45.8274314904033 15.4789742748477,45.8276063779781 15.4793981549754,45.8276576150203 15.4799848135084,45.8277643383583 15.4802860113828,45.8278394523973 15.4805329184779,45.8278738072761 15.4805977198717,45.8278827985598 15.4810416123344,45.8278943399134 15.4811333725511,45.8279181039173 15.4813365838428,45.8279707390448 15.4817050556332,45.8280817732923 15.4817907133507,45.8281074979198 15.482148751643,45.8281954893666 15.4825828500151,45.8282363922806 15.4830531194564,45.8282695614321 15.4835571143993,45.8285669341875 15.4838278498404,45.8287101253193 15.4841777174459,45.82886572483 15.484798247065,45.8291063369637 15.4854725823997,45.8291251407707 15.4857396726328,45.8291251960411 15.4860177188811,45.829125103176 15.4864245371996,45.8291761851962 15.4869786816835,45.8293363963845 15.487218349803,45.8294853893109 15.4875440385205,45.8296877874498 15.487969137509,45.8298085027395 15.4886084624004,45.8299230814318 15.4890010262065,45.8301679420316 15.4894561144843,45.8304552208642 15.4898441028065,45.8306418501266 15.4900153518535,45.8307292710971 15.490325963436,45.8308878231303 15.4907389117596,45.8309984743697 15.4911802117473,45.8311165134246 15.491548244369,45.8314259770321 15.4919437553182,45.8317763849984 15.4921070627117,45.8318156810002 15.4926086794103,45.8319349007343 15.4930635739279,45.8317526342552 15.4931717114224,45.8317089763044 15.4934854442883,45.8315837996122 15.4938327091644,45.831442828125 15.4942690254767,45.8313015939347 15.4944257742472,45.8308933275779 15.4946907732222,45.8302341428817 15.4947667007447,45.8301679804553 15.4951580143219,45.8298270521715 15.495184849785,45.8298043721988 15.4952395074094,45.8297581796028 15.4957679504465,45.829463170378 15.4960402490583,45.8293111576607 15.4966153389777,45.8292387507106 15.4969809841686,45.8291926587636 15.4972476768108,45.829080414387 15.4975658530557,45.8291741298319 15.4979496238393,45.8291503926599 15.4983045433134,45.8291283259169 15.4985154622574,45.8290567858084 15.4987281540315,45.8289844708259 15.4987871159689,45.8289107076311 15.4989241633794,45.8287392620874 15.499304176283,45.8286472865561 15.5003166974467,45.8283338381872 15.5005510220014,45.8282916209776 15.5006240264653,45.8282941788325 15.5009155675376,45.8283044452072 15.5012668081665,45.828374356458 15.5014848555907,45.8284175754792 15.5019436558751,45.8285964729231 15.5020828468127,45.828605614126 15.5023286529119,45.8286223500615 15.5024188830921,45.8285862958031 15.5027121645313,45.8284709721647 15.5028480214126,45.8284169914881 15.502932374149,45.8276733035644 15.5030130573702,45.8274132739215 15.5029529509344,45.8271201872171 15.5028735670653,45.8269188112485 15.5029168283537,45.8266841505036 15.5023731694725,45.826339715715 15.5020859796568,45.8260214757146 15.5021527644242,45.8258740930073 15.5022363650352,45.8255433203783 15.5021819676059,45.8253249858723 15.5021136627953,45.8247633873296 15.502121838924,45.8243482344319 15.5021945892171,45.8243037216426 15.5023204071716,45.8242267387835 15.5021919349061,45.8238167333876 15.5020790730013,45.8237459675961 15.5019721879525,45.8236787415108 15.5015058292816,45.8231139391003 15.5011938982631,45.8227149513909 15.5011331207062,45.8225414243403 15.501003941708,45.8221725580892 15.5012707840226,45.82196770118 15.5023062019393,45.8218134830246 15.5029179466278,45.821811395513 15.5031788103409,45.8218484434892 15.5035110860462,45.8218956425726 15.5040354601831,45.8218799532231 15.5045004768471,45.8218868312671 15.5047674726552,45.821890891224 15.5048937690849,45.8218927984097 15.5054345929786,45.8218684836922 15.5059047556969,45.821973508301 15.5061234676271,45.8219781140498 15.5061338622144,45.821978335841 15.5064384188295,45.8219854674973 15.5070631418403,45.8219599076823 15.5072098652902,45.8220114606271 15.5073063274093,45.8220445384815 15.5073699273807,45.8219905777995 15.5075832923171,45.8218087505031 15.5077943095586,45.8217274132594 15.5080187293866,45.8217403610703 15.5081702923688,45.8217437032267 15.5082836867948,45.821746201002 15.5084896289991,45.8217502261846 15.5086606445752,45.8216697279227 15.5086982368158,45.8216519951812 15.5090693935593,45.8213381599418 15.5093493211065,45.8213436503476 15.5095159775382,45.8213469191341 15.5095671808239,45.8212908872978 15.5096393385188,45.8212115172988 15.5097436978212,45.8210966351562 15.5099167956047,45.820921108462 15.5103815735556,45.8207307017366 15.5105371916175,45.8208381427302 15.5106899420433,45.8209437491885 15.5111172261233,45.8212390902029 15.5122717641286,45.8215412688558 15.5124325432499,45.8217411609419 15.5123677783536,45.8219442600951 15.5123940747083,45.8220862439961 15.5124131705875,45.8221888589523 15.5128030547061,45.8226625194233 15.5130625665306,45.8228632573318 15.5132937813921,45.8229028379449 15.5146282848445,45.8230000291513 15.5147672852119,45.8229554651391 15.5148432598696,45.8229317708789 15.5151192367719,45.8228546010011 15.5154657047428,45.8227447481514 15.516141760088,45.8225568555913 15.5163896905373,45.8224445344344 15.517007619754,45.8221303916094 15.5170750054934,45.8220999139862 15.5178129167533,45.8217667235822 15.5184044187108,45.8216425251158 15.5187780646645,45.8214384485852 15.5191022228172,45.8212301965195 15.5198851454903,45.8210557513648 15.5201544157546,45.821000714246 15.5204041667009,45.8210489191265 15.5208447404513,45.8211340075955 15.5209493477068,45.8213093655308 15.5210476677025,45.8214744406106 15.5213440350016,45.8214550389435 15.5217080674034,45.8219436577624 15.5221608251745,45.8222163827676 15.5223285819382,45.8228689431994 15.5223675428723,45.8230205124912 15.5228006134214,45.8229503638618 15.5230866628093,45.8229040213144 15.5231732978878,45.8231194569611 15.5239318832456,45.8232900349453 15.5244094038292,45.8233974234633 15.5257367835582,45.823509320166 15.5258347820861,45.8235394252346 15.5259194620216,45.8235653810867 15.5264938116759,45.8238156137389 15.5272038330742,45.8239294190498 15.5282476618379,45.8241040666614 15.529024957161,45.8246141710518 15.5297923632577,45.8251264824051 15.529943864919,45.8254221045327 15.5302184703268,45.8259167938962 15.5304279421234,45.8262670552595 15.5306257205093,45.8265979964776 15.5308089833459,45.8267786104703 15.5309029357541,45.8268711064471 15.5310972447807,45.8269913321204 15.53155259863,45.8273361215404 15.5319100343713,45.8276044544083 15.5324282293283,45.8279714056133 15.5331722062072,45.8284128634062 15.5335143873236,45.828590864859 15.5338698525229,45.8287756189973 15.5341524452298,45.8288754740256 15.5343944866099,45.8289610046327 15.5347744644445,45.8291457885437 15.5349997882718,45.8292553037332 15.5353604314633,45.8292901668168 15.5357145101415,45.8293148578642 15.5360972671515,45.8293406058741 15.5360670471364,45.829633086587 15.5360054636667,45.829976166262 15.5359152189277,45.8302721931212 15.5358311410099,45.8305295456703 15.5359408914474,45.8306641308784 15.5357389373011,45.8310332527332 15.5355065737253,45.8314665320038 15.5354672861917,45.8315620167725 15.535426578991,45.8316602456118 15.5353402899504,45.8318357499609 15.5352886630223,45.8319371923955 15.5352595752257,45.8319944877481 15.535540268512,45.8324035133118 15.5358542731782,45.8328902177701 15.5360689236299,45.8331730868582 15.536310730662,45.8334043114447 15.536510656367,45.8335954762213 15.5366063484594,45.8336822728661 15.5367696632927,45.8338304143429 15.5375348066947,45.8343953141628 15.5379233088542,45.8347103216242 15.5381974952722,45.8349697929872 15.5384303841537,45.8351901701006 15.5385866927364,45.8352420323048 15.5386380787584,45.8352591396668 15.5386584754687,45.8352987474555 15.5387894739349,45.8355441292538 15.539051779307,45.836025622586 15.5391692759077,45.836235653533 15.5392466218474,45.8363707367387 15.5392636556799,45.8366088592289 15.5391824188898,45.8369205206085 15.5390447446051,45.8372502843977 15.5389979415338,45.8373624909263 15.5389324918526,45.8375573827878 15.5387500398351,45.8381006063662 15.5385246805416,45.8387839307989 15.5384933293217,45.8395088959314 15.5382047326042,45.8403661788869 15.5379107133057,45.8412456447188 15.5379495713078,45.8419774802267 15.5374611832597,45.8426088393465 15.5374251232589,45.8430392096925 15.537325203175,45.8440195693085 15.53744066467,45.8444740915317 15.5375071587019,45.8446966080187 15.537577421299,45.8449316894117 15.5376248872706,45.8451446579966 15.5376602367139,45.8453031437469 15.5375689286279,45.8459709042036 15.5378182262644,45.8461085116847 15.5382049950853,45.8463219991572 15.5382792765063,45.8467731656898 15.5384231378635,45.847672299767 15.53847987431,45.8476489273521 15.5385013635423,45.8476396495762 15.5385058485351,45.8476378274481 15.5385251676241,45.8476300061648 15.5387946295313,45.8475128376674 15.5391603847486,45.8473538039058 15.5396227755668,45.8471343414184 15.5400049959579,45.8469529278404 15.5405129806171,45.8467618166502 15.5412068372024,45.8465336359181 15.5418603940803,45.8463110138641 15.5427133361927,45.8460321733213 15.5432342471284,45.8460604457883 15.5441820084779,45.8459921136177 15.5446188182615,45.845940706823 15.5452312852351,45.8461042537525 15.5453658208046,45.8461402007538 15.5456797582298,45.846350771593 15.5460326313888,45.8464305804282 15.5462639207194,45.8464830355271 15.5462779922692,45.846480530091 15.5467160884084,45.8464036007128 15.5473693590184,45.8461441018664 15.5474758205022,45.8461655793947 15.5482460820224,45.8463209228142 15.5489485183285,45.8463578561101 15.5489994481179,45.8463522019302 15.5491093866264,45.8463395426657 15.5494566223464,45.8463008543602 15.5502060285183,45.8460183476297 15.5505022376193,45.8458962072318 15.5507136169891,45.8457860546723 15.5507580223842,45.8457629129258 15.551097540053,45.8455863370254 15.5510573677518,45.8451234111559 15.551027825345,45.8448153243229 15.5510045529681,45.8445737266191 15.5510191365841,45.8442676636652 15.5510384301312,45.8438602565863 15.5511602828959,45.8435214205098 15.5513824500609,45.8430332039997 15.551603092787,45.842620222233 15.5516821819185,45.8424335922263 15.5517392147416,45.8422990066807 15.5515527037221,45.8416793270158 15.5520938427564,45.8412543375794 15.5521272157084,45.8409641549759 15.5521740390628,45.8407511332056 15.5523039563189,45.840160100241 15.5523163896765,45.8401516094441 15.552661979895,45.8399155946848 15.5526835129415,45.8398909038372 15.5528080974106,45.8397480408927 15.5530722873398,45.8396235200571 15.553364278682,45.8392856405341 15.5535740415659,45.839074558263 15.5542595319782,45.8385260912494 15.5547283593742,45.8383336612169 15.5547573821315,45.8383214193918 15.5550079319759,45.8382157605513 15.5554972682482,45.837889919044 15.5559853959992,45.8375727808397 15.5567369977635,45.8373881006971 15.5572197692132,45.8372514529514 15.5574562268505,45.8370289746191 15.5574903261179,45.8369945040847 15.5577415351865,45.8367405280907 15.5579962277188,45.836468865117 15.5581569605154,45.8363015229702 15.5582646986965,45.8361893789508 15.5584567861162,45.8359186412682 15.5587523965212,45.8355020384512 15.5588262471475,45.8350609056331 15.5589333503661,45.8347909444804 15.5590203389578,45.834471067052 15.5591625578462,45.8344946665009 15.5595545016237,45.8345596983217 15.5596309541753,45.8345725548793 15.5597273733294,45.8346212426342 15.559840170894,45.8346779148807 15.5600209981184,45.8348759437598 15.5603405489267,45.8353026756701 15.5603658527981,45.8358782352962 15.5605367739543,45.8361880046076 15.5607708830594,45.8365600612239 15.5610073687981,45.8368263670343 15.5612148856461,45.837059790714 15.5612773816374,45.8372030690326 15.5614174186325,45.8375241176583 15.5614856138509,45.837703271543 15.5615657116145,45.837913690186 15.5617565890753,45.8383867216049 15.5619215919924,45.8387635997753 15.5621448093391,45.8392916529029 15.5619981430524,45.8399637371304 15.561902214784,45.8403235497212 15.5618156373602,45.8406483245711 15.5616901958685,45.841174547944 15.5616749329966,45.8412387721883 15.5618479394942,45.8417538998876 15.5619045587999,45.8419467314686 15.5620066252969,45.8422943090623 15.5621434564757,45.8427125752845 15.5621872775883,45.842846441706 15.5625719955035,45.8435095480553 15.5626574218956,45.8436254106522 15.5627137622199,45.8437018162293 15.5628085237781,45.8437988614454 15.5628855978298,45.8438777836598 15.5630417291371,45.8439613267348 15.5634167110357,45.8441619739522 15.5639681717741,45.8443818259376 15.5644845572338,45.8446179577435 15.5648532538004,45.8448983072451 15.5651388640204,45.8451389112744 15.5654068500622,45.8454125520571 15.5655400543403,45.845549593854 15.5657167119013,45.8457313325752 15.565808375806,45.8458835719792 15.565873206836,45.8460313062235 15.5659027942513,45.8460987256941 15.5663411566792,45.846405549349 15.5666816073275,45.8466661608469 15.5669787636049,45.8467912861273 15.5673005870828,45.8470490892651 15.5676392779386,45.8472455319472 15.5677755904684,45.8472854243272 15.5678156624266,45.8473768255021 15.5681398839944,45.8476268455159 15.5681561099201,45.8477550443227 15.5681651324109,45.8478290987904 15.5683284850016,45.8480752858455 15.5686611206153,45.848213910353 15.5692366839644,45.8486365644812 15.5695881893446,45.8489229049194 15.5698033710482,45.84912707408 15.5700281127633,45.8493400819093 15.5700978184568,45.8495928734077 15.5701845501282,45.8499074274281 15.5702698830373,45.8502019730186 15.570569801338,45.8506226640258 15.5708046569878,45.8510047720421 15.5710929534703,45.8514496074766 15.5712764775742,45.8517539258907 15.5714987369516,45.8518790585363 15.5715257913728,45.8519368650207 15.5715558587973,45.8520007920664 15.5717193535392,45.8521743450005 15.5716379459387,45.8523956809477 15.5716365712915,45.8525384225336 15.5719169940118,45.8531452666417 15.5718210997968,45.8532545060286 15.5718666251382,45.8534379608064 15.5718820739348,45.8535011643405 15.5718991812916,45.8534931547947 15.5721360460642,45.8533792736609 15.5721954636302,45.8533508224815 15.5722373699116,45.85332400977 15.5723855377165,45.8532292437686 15.5725422214308,45.8532279836924 15.5725541594956,45.8532461034079 15.5725650096524,45.8532625865698 15.5726896017133,45.8532391207984 15.5728470565581,45.8532080411916 15.5729149573278,45.8531946642879 15.5730615676628,45.8531986656231 15.5730890610653,45.8531300474562 15.5730435723022,45.8530902540834 15.5730278643911,45.8530765182087 15.5731559376095,45.8530346866433 15.5733817822367,45.8529749799208 15.5735215367042,45.8528768473764 15.5736101808352,45.8526568941731 15.5736605076539,45.8526378073304 15.5736992617624,45.8526234837176 15.5738110473368,45.8526275634767 15.5738423555562,45.8525948165226 15.5738537936824,45.8525828763314 15.5739460917656,45.8525696614766 15.5743859010046,45.8522824829438 15.5744049035072,45.8521379171807 15.574646776411,45.8520601476151 15.5748220389215,45.8519804471198 15.574902868186,45.8519436945669 15.5750984842298,45.8519271852076 15.5752067428665,45.8519179865274 15.575423532478,45.8517201277166 15.5755897021766,45.8516805263374 15.5757946496877,45.8516316889016 15.5759680901267,45.8515403052126 15.5760506899449,45.8514967772396 15.5762286077625,45.8512931003232 15.5764343872681,45.8513046507541 15.5765286513116,45.8512551098337 15.5765717507017,45.8512324631026 15.5766011781573,45.8511254746059 15.5767795724805,45.8509558379753 15.5770362835777,45.8508247968146 15.5771765581335,45.8507532006145 15.577392432127,45.8504151053549 15.5775234989083,45.8499631294416 15.5775269667104,45.8499609295556 15.5776815522948,45.8498630222914 15.5778188145051,45.8498672291003 15.5778228040141,45.8498673512788 15.5778513469755,45.8498439981111 15.577880747322,45.8498200292001 15.5779584126459,45.8497566475049 15.5785091249754,45.8494547032151 15.5787685061635,45.8493942962048 15.5793990680098,45.8489823287208 15.579415997478,45.8488956694289 15.5796984064672,45.8487593378648 15.5797825960266,45.8486544289987 15.5798780387677,45.8485352167246 15.5800495977611,45.8483177445375 15.5801560692855,45.8483053361146 15.5803852844102,45.8482784805414 15.5804227554359,45.8481939038749 15.5804472065299,45.8481358994349 15.5805173301207,45.8481180198394 15.5805694085858,45.8481446084654 15.580552037165,45.8481749149283 15.5805407241219,45.848194409656 15.5806534317474,45.8482033634181 15.5806845240376,45.8482061465027 15.5807354032286,45.8481836966548 15.5807739353688,45.8481664472238 15.5808160567401,45.8481475827351 15.5808960360895,45.848075003776 15.5811006386307,45.8480289019878 15.5812772416251,45.8479201732441 15.581310786908,45.8478484830256 15.5813234135151,45.8477440179518 15.5814383862086,45.8476489561304 15.5816066744111,45.8476167736949 15.5818959982205,45.8475614519182 15.5820035458739,45.8475695296803 15.5820087520034,45.8475593174813 15.5820675287197,45.8474438263351 15.5821562231652,45.8473494938511 15.5824699849692,45.8472399826118 15.5827094191074,45.8472243906462 15.5827801346654,45.8471207975439 15.5831834225349,45.8469974560523 15.5834273280047,45.8469228550188 15.5836203542161,45.8468636799478 15.5838294471551,45.8467872404044 15.5841397530357,45.8467627019986 15.584371799663,45.8466854988684 15.5845318549038,45.8467073029408 15.5846602766197,45.8467147815271 15.5847230524435,45.8467184489845 15.584802060458,45.8466963387196 15.5848659039702,45.8466784727333 15.5849827619407,45.8466197119376 15.5850819611522,45.8465540566833 15.5851210481729,45.8465281767223 15.5856164620344,45.8464354805416 15.5857863622554,45.8464789206584 15.5859710072932,45.8464736269749 15.5860118092604,45.8465417373934 15.586051830408,45.8465505362675 15.5862254166259,45.8465886811456 15.586313559576,45.8465629042557 15.5864107830617,45.8465352527548 15.5865491340044,45.8465273888764 15.5867817925349,45.8465143373048 15.5869831704616,45.8465039065418 15.5872988223629,45.8465527740041 15.5873681795954,45.8465399301115 15.5874975451731,45.8465163783256 15.5876249202979,45.8465245533573 15.5878787156366,45.8466440745054 15.5880633312177,45.8465940413529 15.5881108752048,45.8465815951756 15.5882913896744,45.8465343182782 15.5884785582076,45.8464764478422 15.5886488765823,45.8464237883631 15.5888933009751,45.8463595426989 15.5892153482717,45.8462852203652 15.5899337012431,45.8460395262416 15.5909359628054,45.8461332793206 15.5917333528737,45.8465067826297 15.5917839970201,45.8463219108561 15.5922353852945,45.8459833304899 15.5930589454882,45.8458531355006 15.5930687350473,45.8455636889429 15.5930772486811,45.8452846941243 15.593212670931,45.8451384514031 15.5932900423521,45.8450548322855 15.5938335620946,45.844846114787 15.5943193071386,45.8447898348287 15.5944117155285,45.8447791201222 15.5954794335186,45.8446971854474 15.5960403548319,45.8446890697845 15.5964868290547,45.8446789576694 15.5967492356671,45.8446730125396 15.597393715095,45.8444239835665 15.5976146504522,45.8443386198005 15.5978623293495,45.8442324800135 15.5981323005279,45.8441168032919 15.5985104736182,45.8434034099938 15.5986483978415,45.8433595202075 15.598767466658,45.8433216505064 15.5988924536106,45.8433113735967 15.599256255673,45.8432815185326 15.5997198960344,45.8432521889754 15.5999239013571,45.8432392960713 15.6004389460211,45.8431200896633 15.6013316346798,45.8429621734401 15.6015125968537,45.8429562740999 15.6016904280709,45.8427711157196 15.6024778050156,45.8425555055319 15.6030641115528,45.8425348578222 15.6036693629181,45.8424594027025 15.6037410694115,45.8423870973142 15.6039298477303,45.8421967782137 15.604174150494,45.8421732270753 15.6044379376808,45.8419554504706 15.6049100310007,45.841701058717 15.6052172191905,45.8415001278841 15.6058211907707,45.8414037059632 15.6061469934452,45.8412655645551 15.6069685516003,45.8409967017042 15.607496206301,45.8408223498316 15.6076930879437,45.8407685611162 15.6083049538628,45.8407297078526 15.6088371679626,45.8407038124594 15.6088499373256,45.8406988219274 15.6089415293535,45.8406630019786 15.6089937976128,45.8405829537296 15.6091429311531,45.8403545965917 15.6093512843122,45.8400263892948 15.6094251263444,45.839956340143 15.6094794209324,45.8399048497829 15.6094831444044,45.8398912667386 15.6095798467797,45.8395392620267 15.6097091055376,45.8393358849366 15.6098128014439,45.8391727353288 15.6099863485562,45.8392272056822 15.6103263745321,45.8390717359165 15.6104197051794,45.8389706978265 15.6106395477414,45.838732586547 15.6109893528799,45.8385243145827 15.6110002306167,45.8385164045587 15.6113609220921,45.8382526854279 15.6115015231052,45.8381106793854 15.6120202123759,45.8380684884101 15.6125421676766,45.8379836495629 15.6126887682131,45.8379333703663 15.6133107922186,45.8377189934546 15.6136710560897,45.8375772648285 15.613848989618,45.837419081962 15.6137938585211,45.8370872578558 15.6129559416675,45.8364340644358 15.6126755792204,45.8359413822567 15.6126574227757,45.8355779676734 15.6129233030213,45.8352250457344 15.613513717024,45.8350332877634 15.6137018984362,45.8350267988733 15.6138873294317,45.835020361226 15.6143803160788,45.8350933470036 15.6144204636412,45.8350992980897 15.6149314956623,45.8351495117099 15.6151825358155,45.835248066882 15.6154349034277,45.8353469026152 15.6158416653369,45.8355946499244 15.6160789135226,45.8357401132927 15.6162076192258,45.8358177686102 15.6166307655652,45.8357842285599 15.6170507711073,45.8356879785673 15.6173828883291,45.8355906189411 15.6176228739184,45.8352118032396 15.6176428060758,45.8351529775085 15.6177060458172,45.8349639477674 15.6178995250811,45.8346532367037 15.6178313359852,45.8343431209815 15.6178098396331,45.8342435494144 15.6179360205229,45.8342322072239 15.6181076855121,45.8342170391294 15.6183576799191,45.8340927822804 15.6191827909047,45.8341097852577 15.6197585311859,45.8340884629381 15.6198750342372,45.83408396256 15.6203384635274,45.8339959828219 15.6208949342816,45.8338185703871 15.6211468535416,45.8333849236905 15.6213600448658,45.833178324079 15.6215431691677,45.8330008684653 15.6218521762367,45.8329906071196 15.6220605978355,45.8329836832523 15.6228620480236,45.8329926343539 15.623073682729,45.8329647888063 15.623273640137,45.8329229019621 15.6239697478465,45.8329230773478 15.6240168043648,45.8329090225333 15.6241166722218,45.8328792005647 15.6245778096059,45.8321372249104 15.6255486653987,45.8316612009938 15.6262845033876,45.8315311971254 15.6266139577395,45.8315598972677 15.6267076057682,45.8315680318798 15.6269616255515,45.8317152232595 15.6270601241374,45.8317941481386 15.6271455056366,45.8318622723771 15.6273101519035,45.8324430962606 15.6273887472702,45.8325280261132 15.6278543586331,45.8326586995193 15.6283442337976,45.8327961795138 15.6290054870019,45.8328330416306 15.6291209699314,45.8327833930938 15.629272478103,45.8324778342078 15.6298046071406,45.8321907401223 15.6298904123212,45.8319726636101 15.6300217092788,45.8316390201706 15.6301176602045,45.83144097095 15.6302049288287,45.8313413119012 15.6304096265942,45.8312156634325 15.6307133772787,45.8311000532224 15.631258152115,45.8308994341408 15.6319559315794,45.8307568383619 15.6324180645662,45.8306422486196 15.6325926184339,45.8305810076379 15.6328508053707,45.8304904236105 15.6331552656291,45.8303706435363 15.6334511016366,45.8302542074605 15.6337117490252,45.8300098239401 15.6337147241363,45.8297434759382 15.6330281583455,45.8288516822437 15.6330955018878,45.828567420014 15.6333040556866,45.8284665705009 15.6334212112493,45.8284099073777 15.6337142249087,45.8280018681019 15.6338391852001,45.827673619372 15.6335831719796,45.8271849794357 15.6336386734549,45.8269767100384 15.6339063969438,45.8266876310112 15.6341043731684,45.8264649972005 15.6343043490601,45.8262401278034 15.6342557089151,45.8259806993597 15.6342376542711,45.8258839866845 15.6343710245669,45.8251543035275 15.6346002284482,45.8249551425878 15.6349332814682,45.8248446765636 15.6352161877495,45.8247508118568 15.6356929693141,45.8246496222107 15.6362515455792,45.8246412473382 15.6369136921499,45.8247191578578 15.6371440945049,45.8246362291687 15.6374138227429,45.8245391642033 15.6376864428216,45.8243215128075 15.6379117350061,45.824141654973 15.6382993829628,45.8238207024807 15.6384865746922,45.8236958530516 15.6387851318434,45.8234967368962 15.6389087151969,45.8234075223753 15.6390344312732,45.823316766245 15.6392602371551,45.8231092912819 15.6394218460713,45.82293639917 15.6395401549852,45.8228098099289 15.6395920902255,45.822650680846 15.6395795214457,45.8220187229631 15.6396289886864,45.8219150710339 15.6396723935974,45.8218242441061 15.6397093154148,45.8217063034014 15.6397704587249,45.8216749164061 15.6398591021103,45.8216293513781 15.6400687065484,45.8216102374323 15.640240942327,45.8215058283467 15.6403185746489,45.8214527828861 15.6404736811284,45.8213468219856 15.6405399909689,45.8212169755372 15.6405845053591,45.8211295191341 15.6407433081762,45.8210505516357 15.6409633250241,45.8209412468715 15.641282195064,45.8207304481147 15.6414980908949,45.8206080346146 15.6415481534442,45.8205741870431 15.6417046448654,45.8204679829201 15.6418258877788,45.8204576515918 15.6421278903682,45.8204290376446 15.642669074077,45.8207576622939 15.6428596032888,45.820873408106 15.6428563010132,45.8209700186663 15.6428879553639,45.8210403025082 15.6432898625812,45.821214940161 15.6437062665362,45.821698521804 15.6437351909122,45.8218602590344 15.6438599219557,45.8221415690464 15.6438868469234,45.82215814797 15.6439559436984,45.8222006915237 15.6441160121101,45.8226263978878 15.6442843231112,45.8228085272961 15.6444619723605,45.8230518071674 15.644818425101,45.8233103990104 15.6450250218449,45.8233690173528 15.6456761831098,45.8235263088883 15.6459154238672,45.8236382459099 15.6461103122082,45.8237631427431 15.6463038616623,45.8239233173966 15.6464763628359,45.8240658460687 15.6465099879967,45.824307890148 15.6466346222749,45.8245070072174 15.6468568670855,45.8247665931134 15.6469617796572,45.8248417939696 15.6471356239671,45.8248683480974 15.6473345471647,45.8248947346007 15.647599535855,45.8250415122099 15.6478136484568,45.8253088349693 15.6479080123023,45.8254219096125 15.6479814635499,45.8255099336103 15.6478773519767,45.8257347276327 15.6478416047462,45.8258117281949 15.6478872061188,45.8259436200736 15.6480578497002,45.8261363661852 15.6483337393328,45.8263184430982 15.6484264963586,45.8264301313288 15.648468302495,45.8265570629003 15.6485874815903,45.8265692569727 15.6486184290241,45.826569998664 15.6487113265584,45.8265722312975 15.6487389435118,45.8265934634578 15.6487878624513,45.826631079408 15.6487830295014,45.8269233191589 15.6490623475968,45.8273580308212 15.649441874757,45.8275260284101 15.6494069630966,45.8279763846342 15.6494566342412,45.8282059761054 15.6496717161473,45.8285052541381 15.6497909471035,45.8286056289704 15.6499628884587,45.8287275239051 15.6501675834566,45.8288726789363 15.650252722709,45.8289888169404 15.650201848653,45.8290905499127 15.6501062073783,45.8292818357069 15.6501516300795,45.8294788523679 15.6501682518066,45.8295508299565 15.6502869714729,45.8298973076188 15.6503977449137,45.8301478314056 15.6504681222648,45.8303070000763 15.6506308570549,45.8305923630616 15.6507621790441,45.8308226489869 15.6508788374489,45.8308701208346 15.6510088961462,45.8309230396094 15.6511942849145,45.830930473504 15.6513192107823,45.8309349601802 15.6513687207518,45.8309289699757 15.6514026467336,45.8309244476448 15.6515223571226,45.830908432251 15.6519857461657,45.8309099396868 15.6522830945388,45.8310287423938 15.6523348598601,45.8310884417569 15.652293024759,45.8312046726752 15.6522554452884,45.8313092594267 15.6523641507024,45.8314323164082 15.6525425777342,45.831634294864 15.6526826847773,45.8316870487083 15.6528644742341,45.8317553476392 15.6530790719688,45.8319113647169 15.6532593300708,45.8320483824061 15.6533224398425,45.8322083367104 15.653374655768,45.8323409222133 15.6537541170777,45.8328119616029 15.6539420475709,45.8329893259716 15.6540465617447,45.8330605167733 15.6541865967974,45.8331559067401 15.6544786381079,45.8333019767248 15.6549174597379,45.833390337376 15.6549631770222,45.8333852686455 15.6551733417664,45.8333612218803 15.6554009500891,45.8333237626815 15.6555033830631,45.8334751812408 15.6555139550823,45.8336497959107 15.6555212889477,45.8337717901181 15.6557156263118,45.8340319375886 15.6557492500139,45.8340769588561 15.6560413648892,45.8343507348277 15.6562556440126,45.8344215852716 15.6562737445709,45.8344280921706 15.6562894125124,45.834433730799 15.6563512396171,45.834485861558 15.6564233964879,45.8345463682422 15.6566200101202,45.8348325889546 15.656690768378,45.8348797241129 15.656913281402,45.8350279443196 15.6571761467807,45.8350983336125 15.6573967104522,45.835157430175 15.6577003642614,45.8353351062543 15.6579204862804,45.8354499515286 15.6582070107109,45.8356834050512 15.6583557988994,45.8357862902371 15.658572779348,45.835936315506 15.6586785553386,45.8359938056743 15.6587388928509,45.8360266505906 15.6589260956036,45.8360384231828 15.6591717413163,45.8361234719084 15.6592695415326,45.8363237602671 15.6593508038277,45.8364901720265 15.6598748860317,45.8367702550588 15.6600778380347,45.836809891175 15.6603078058742,45.8368547994066 15.6605029911093,45.8369116330161 15.6606832823752,45.8369641269583 15.6608095149033,45.8370295000285 15.6610118996611,45.8371343086113 15.6613802931519,45.8373241637013 15.6614059422663,45.8373474082454 15.6615946410406,45.8374724686537 15.6617514652431,45.8376605674339 15.6619261683802,45.8378330804541 15.6620903864402,45.8380014555459 15.662148498922,45.8380610304687 15.6623304178807,45.8382141224578 15.6625111335195,45.838293724666 15.6627649895394,45.8384010119927 15.6629538234752,45.8385208451256 15.6628653215781,45.8386751482216 15.6628753657179,45.8389620018998 15.6629488375353,45.8390411793413 15.6630174569666,45.8391151599792 15.6631670108119,45.8392858105125 15.6632620213738,45.8393912268806 15.6633385356863,45.8394761139341 15.6634621153155,45.8395661864133 15.6636378031531,45.8398521767858 15.6638022196619,45.8400332189835 15.6639747398742,45.8400854222785 15.6639905939882,45.8400902199006 15.6644275193591,45.8402314684005 15.6645265169631,45.8403797195753 15.6647684206769,45.8407401660457 15.6648504974893,45.8408783469308 15.6649076067185,45.8409745670213 15.6652794598697,45.8413329306663 15.6656073663378,45.8413600574052 15.6659530983137,45.8413822771866 15.666321408974,45.8414207804428 15.666592483992,45.8414998404815 15.6667917776485,45.8415519540539 15.6670190356936,45.8416113705092 15.6672575494702,45.8416679721154 15.6673949264756,45.8416728999548 15.6675428748248,45.8416789178149 15.6677648359869,45.8415973759532 15.6678353580763,45.8415648420318 15.6679911661715,45.8414929306722 15.6681800393099,45.8413434448973 15.6682313995499,45.8411947862191 15.6682750462835,45.8410682782369 15.6683034527133,45.8410429462101 15.6683320639762,45.84101743031 15.6686507874669,45.8408548133753 15.6688867456112,45.8406594673656 15.6692133658161,45.8405547287434 15.669696710328,45.8405645982883 15.670072073455,45.8405905157231 15.6701110659604,45.8405961104145 15.670689236115,45.8406856320263 15.6712435266057,45.8405743013438 15.6714594659385,45.8405977845531 15.6718171755787,45.840636680012 15.6727111394882,45.8406723913675 15.6728013399466,45.8407147551926 15.6729501537755,45.8407846494663 15.6733204639936,45.8408645692683 15.6734742311962,45.8408977043935 15.6737120158987,45.8408839559002 15.6738003008089,45.8407298300584 15.6737412990745,45.8405691963013 15.6743661389017,45.8407393558341 15.6750893744539,45.8409649243319 15.6755890041311,45.8411337529181 15.6756973692786,45.8411602121178 15.6757797727228,45.8411803293623 15.6758780199112,45.8411860741718 15.6759424790206,45.8411898530144 15.6762959586155,45.8412282351435 15.6769844851134,45.8412599475271 15.6772735678439,45.8412840158581 15.6775804799704,45.841309565079 15.6783017364732,45.8413813155039 15.6788372916554,45.8415622969677 15.6791501396589,45.8418531739097 15.6791111633882,45.8419212834844 15.6792160747445,45.8419433856289 15.6793447830338,45.842497113508 15.6797975445571,45.8427364851996 15.6801802914511,45.8429590521192 15.6802654497214,45.8430084921056 15.6806087963136,45.8427945783265 15.6806241191639,45.8427847626066 15.6807848264881,45.8426899935437 15.6811715805798,45.8424619701116 15.6814507890994,45.8425387964801 15.6823137388139,45.8427762335469 15.6826503334416,45.8428871846402 15.6828988808621,45.8429693731337 15.6830191920101,45.8430091566407 15.6834126652103,45.8426286931552 15.6834166992989,45.8426233727233 15.6834214019239,45.8426167073813 15.6835043478156,45.8425384783732 15.683572214514,45.8424747325835 15.6841487805197,45.8428143679905 15.6847982773095,45.8432188100443 15.6849489484477,45.843042579162 15.6850477137363,45.842925401022 15.6852585674613,45.8426956600362 15.6853750875183,45.8425686952008 15.6858808454697,45.8423493638986 15.6862178704894,45.8423659427817 15.6862277757403,45.8426379997106 15.6862925462978,45.8427290178453 15.6863437472083,45.8428008106376 15.6865052007568,45.8428457648166 15.6867735484009,45.8429020287784 15.6868536838718,45.8429156703777 15.6869761891552,45.8429372319512 15.6872684972221,45.8429297215364 15.6881707555699,45.8426916272298 15.6886590017101,45.8425657834526 15.6892290868508,45.8424188405491 15.6895139218067,45.8425288345636 15.6898383268824,45.8423071131514 15.6899692993511,45.8422171672606 15.6901323811447,45.8422757156178 15.6903113469514,45.8423399748077 15.6905315272652,45.8424828804792 15.6905533667022,45.8427270218452 15.6906093777253,45.843111752982 15.6911717228828,45.8431236802835 15.6915957137858,45.8431331512666 15.6918079227565,45.842984227095 15.692245041597,45.8430307258764 15.6923939675427,45.8430966679848 15.6928514479945,45.8431351013614 15.6933272130053,45.8432390192657 15.6936232672369,45.8432727447953 15.6939798218362,45.8433134603396 15.6941305949408,45.8435951256617 15.6943971882703,45.8438896565416 15.6944450375889,45.8439306032922 15.6946210067539,45.8440811821794 15.6948950523654,45.8443911022453 15.6947510324119,45.8446936320114 15.6949810922486,45.8447866791378 15.6947758325249,45.8452148670011 15.6946781389497,45.8457588113844 15.6946014498675,45.8460662010121 15.6945270464135,45.8463636972842 15.6943863801666,45.8469457009645 15.6943395759917,45.8473463151609 15.6943053404649,45.8475598101207 15.6942601338953,45.8478448843519 15.6944221000296,45.8479081335581 15.6944289667833,45.8480288763305 15.6944834390284,45.8482074432619 15.6946525988913,45.8483565046211 15.694748898309,45.8484134706502 15.6948695323855,45.8484848283677 15.6949891709223,45.8485340017975 15.6951646514924,45.8486059120647 15.6960227559488,45.849180341156 15.6962441486906,45.8493224865406 15.6963221135889,45.8493715939566 15.6964065118531,45.8493435094288 15.6966140545231,45.8492740572754 15.696653400369,45.8492608118605 15.6967732134972,45.8491646243469 15.6969167894164,45.8490493940926 15.6975151596131,45.8485856781676 15.6982902719818,45.8487695361919 15.6988021799512,45.8490418889521 15.6988404719757,45.8490468417605 15.698892201535,45.8490543640948 15.6989677452624,45.8490265989035 15.6991374126155,45.8488839215941 15.6992312733016,45.8488049857388 15.6993645423182,45.8486564005066 15.6995767706273,45.848309042102 15.6996705970223,45.8481149620974 15.6997376601865,45.8479572215802 15.6998548604799,45.8476814439355 15.6999526101259,45.8474256043044 15.6999770223889,45.8473617047167 15.6999864462194,45.8472465407617 15.6999955925225,45.8471347463775 15.6998836900283,45.8469155322483 15.6998449210305,45.8468028723529 15.6998004790817,45.8466737128339 15.699926758107,45.8464116934578 15.7001354690712,45.8461779159942 15.7002983687367,45.8461396705747 15.7006047011478,45.8460671710863 15.7010226275418,45.8459682675699 15.7017542562815,45.8458825814823 15.7018515620657,45.8458639913091 15.7019593261716,45.8458434162761 15.7022152114627,45.8457191721348 15.7022302018304,45.8457108799471 15.7024285510734,45.8456005636683 15.7027485050958,45.8454497061056 15.7029153927805,45.8453710247618 15.7030959428775,45.8452605075676 15.7033798775334,45.8450867168673 15.703440815389,45.8450455686485 15.7035963840911,45.844940534387 15.7040284975576,45.8450183774834 15.7042487870365,45.8450363708563 15.7047887488862,45.845121638572 15.7048194709702,45.8451066207148 15.7048866804277,45.8450712524412 15.7050269386156,45.8451015966711 15.7051790570961,45.8452328358516 15.7053486786343,45.8453560984353 15.7055095490362,45.8453560627014 15.7056186879606,45.8453561421859 15.7059057761239,45.8452901990282 15.7060475354641,45.8452576372291 15.7069339587756,45.8456881977569 15.7074080962449,45.845921143205 15.7080035209499,45.8462180099986 15.7080579858493,45.8462451652931 15.7089112871561,45.8465834186963 15.7099905514243,45.8470108553035 15.7107565740867,45.8462710330118 15.7110970309927,45.8459422070477 15.7122551996089,45.8445869850991 15.7128982884576,45.8438344556982 15.7132778452421,45.8443179704437 15.7127986613395,45.8451037763081 15.7131653456815,45.8478061674122 15.7131682849869,45.8478278195252 15.7140371626967,45.8473095147903 15.7143751268439,45.8475593310254 15.7143898133907,45.8475498456327 15.7144083601151,45.8475378799611 15.7149242091803,45.8472049639576 15.7166241835094,45.8472392929136 15.7175199253762,45.8478095266343 15.7195307091129,45.8469870584934 15.7200719093521,45.8470196210217 15.7213139976195,45.8474886541532 15.7240659060996,45.8482180344686 15.7242778653473,45.8486755721691 15.7267489775567,45.849586638138 15.7267435088626,45.8501535312064 15.7271486318136,45.8506098447638 15.7281978413239,45.8510890368517 15.7302044982997,45.8506494068045 15.7307108841133,45.8505384683177 15.7307785216477,45.8505236389426 15.735610318858,45.8497997443747 15.7364121468442,45.8490927343351 15.7386055634093,45.8474949205544 15.7420227979541,45.8488584078441 15.7418962973054,45.8484084210494 15.741873311398,45.8483266692291 15.7417930279924,45.8480411053404 15.7436247855056,45.8473363275492 15.7440302662541,45.8478105706078 15.7440571090015,45.8477419403065 15.7440615329532,45.8477306322122 15.7442419188356,45.8472693258464 15.7453237061276,45.8472892521111 15.7456650074966,45.8470462201729 15.746012386238,45.8467988480276 15.74542957501,45.8465417338568 15.7454191854609,45.8438424377709 15.7460822218613,45.8433612223656 15.7461789396726,45.8428926966582 15.7461070820006,45.8423353020281 15.746525865579,45.841882651998 15.7467235345958,45.8412605229924 15.7465306363607,45.840317008092 15.7467601423806,45.8391907724947 15.7474591422631,45.837557570452 15.7484373433414,45.8375448154291 15.7487719480466,45.8375399614783 15.7500385945149,45.8379185431923 15.7572396254537,45.8458610600662 15.7621456699118,45.8468541363478 15.76594867438,45.8472065689921 15.7670689619623,45.8472170303988 15.76735445107,45.847684183521 15.7680428967968,45.8488107163567 15.7685311453333,45.8496096274706 15.7689003902515,45.8493102000998 15.7699747437831,45.849670049766 15.7701383997168,45.8497248640183 15.7702981895995,45.8497783792432 15.7703750565778,45.8498041272174 15.7706178012229,45.8496675160237 15.7724627213358,45.8508029899258 15.7730839130818,45.8511852908295 15.7732930879654,45.8513140127352 15.7759673028484,45.851025913808 15.7777077262311,45.8502582325775 15.7787498979761,45.848361570423 15.7778825510097,45.8461810158777 15.7767184631681,45.84487525129 15.7754389202815,45.8426704871673 15.7750880793987,45.8415121486847 15.7749859624404,45.8406490397738 15.7751406531102,45.8397392061819 15.7764108302951,45.8385068534394 15.7769220693473,45.8382424377466 15.7774129076148,45.8374382809428 15.7785097638158,45.8376287491123 15.7789784716426,45.8370856716275 15.7818855760728,45.8378485915439 15.7826197120559,45.8383861562191 15.7833122811339,45.8388932430957 15.7834073939079,45.8389628896651 15.7840566269901,45.8382570894007 15.7845485197302,45.8377223315169 15.785095477352,45.8363418864247 15.7850303019622,45.8353705694223 15.7837363073909,45.8339758056706 15.7812667546458,45.8304385806647 15.7799368455964,45.8301417543356 15.780084486342,45.829654854553 15.7808352593945,45.8281200782309 15.7811091804118,45.8274613580041 15.7796570113081,45.8257796862243 15.7800255556306,45.8254442471575 15.7793148726333,45.8252421513092 15.7782986071622,45.8252760915932 15.7784074277815,45.8250064150844 15.7785971517944,45.8245362280936 15.7795001359033,45.8237652342178 15.7796127168654,45.822612737098 15.7787896973515,45.8217365593436 15.7781391416558,45.8212281261609 15.7773558892091,45.8204326541323 15.776456867251,45.8196379624167 15.7753510822899,45.8178549023451 15.7734502340986,45.8171929655462 15.7728426297819,45.8160633464808 15.7723449964112,45.8145100780257 15.77226748625,45.8126300431142 15.7721406184376,45.8118300874221 15.7711373717276,45.8109280852346 15.7705924227787,45.8105988417782 15.7692474051158,45.8091682522801 15.7686299920793,45.807564194291 15.7682732992417,45.8066374061033 15.766718878209,45.8058740441958 15.7664086637804,45.805768158693 15.7648832529045,45.8052385371925 15.763533655238,45.8025121942062 15.7624512212789,45.801439688623 15.7607912962478,45.8004699954649 15.7602271398467,45.7996639411278 15.7597082159955,45.797453927426 15.7594936992412,45.7968164868652 15.7578494305945,45.7960356068612 15.754523045371,45.7954728055521 15.7552010430128,45.7942446000109 15.7549691357993,45.793265354712 15.7557163161546,45.7933503884768 15.7554581276291,45.7913815399923 15.756195072537,45.7907108056088 15.7538207840802,45.7872893192567 15.754173427555,45.7857843233637 15.7545396802724,45.7852870194033 15.7547346255539,45.7854386766072 15.7555643249402,45.7849742971779 15.7526165356044,45.7828702774833 15.7522698113391,45.7819547785452 15.751512608629,45.7811139612342 15.751302039413,45.7807554181484 15.7507817441174,45.7803179443273 15.7515143202069,45.7802861347646 15.7527128555062,45.7804761809593 15.7535479340269,45.7804166823071 15.7531835345817,45.781048952269 15.7530231745126,45.781553883643 15.7543210616214,45.7821352541589 15.7550027548298,45.782440589216 15.7561119873483,45.781731392541 15.7566257916851,45.780738208932 15.7577048010771,45.781594850545 15.7597024533989,45.7809697043484 15.7614857530865,45.7797160808203 15.7630817534068,45.7788776043683 15.7649106556346,45.7772097266252 15.7673979100477,45.7757353364865 15.7687832349042,45.7726846862263 15.7698525517232,45.7719036606826 15.7694859792444,45.7714292271357 15.7680668085967,45.7710788735502 15.7678897730057,45.7703602259274 15.7684054813426,45.769528938985 15.7691035111658,45.7679316000491 15.7694844441185,45.7666513058778 15.7692950061508,45.7650329499974 15.7692131517282,45.763755794228 15.769297893434,45.7624415052448 15.7712688993175,45.7618073383423 15.7729282737761,45.7609502878466 15.7751137152262,45.7609534454096 15.7774918632542,45.7609462516872 15.7805268474189,45.7601067328695 15.7808559627498,45.7625429455465 15.7830624849874,45.7612500629558 15.7841321294101,45.7605228719397 15.7840584907819,45.7589397296643 15.7842800300863,45.7582363612438 15.785254722206,45.7580766848384 15.7869367532588,45.757939115204 15.7902115725749,45.7559009089756 15.7927939567551,45.7549022086074 15.7949196998354,45.7543385280375 15.7948534909019,45.7523954257928 15.7944401862469,45.7522543320356 15.7942296791894,45.7519138799243 15.7945319966143,45.7514798579445 15.7968082110974,45.7506631602541 15.7970854330184,45.750274311874 15.7983140508002,45.7499057886831 15.7983740217412,45.7499476839182 15.7986647324448,45.7501507337619 15.799041068606,45.750413585618 15.7997132692462,45.7498060172485 15.7999038938331,45.7496337101753 15.8010985815288,45.749589330838 15.8016059148751,45.7491178648919 15.8024988899737,45.749279466013 15.8046212920308,45.7496635059882 15.8053589800604,45.7493825607587 15.8065342299345,45.7489349681185 15.8066421868677,45.7488934602374 15.8065763432048,45.7488127817585 15.8063227311223,45.7484954256824 15.8060277921179,45.748117508518 15.8056639475924,45.7476512904781 15.8054179506908,45.7473457363712 15.8051247581049,45.7469815476568 15.8047525028287,45.7465198608748 15.8046186847752,45.7463539032492 15.8041990644721,45.7458373710621 15.8039633426452,45.745549015809 15.8031682216498,45.7445763426487 15.8031099842124,45.7445011685258 15.8030399775274,45.7444108049281 15.8028565874932,45.7441752090687 15.8017767172999,45.7427790118134 15.8018629753132,45.7427720615439 15.8018789010214,45.7427704780201 15.8020279440493,45.7427556618287 15.8028171146701,45.7426772139872 15.8038579169885,45.7425364295241 15.803903974421,45.7425424194249 15.8039016512416,45.7423158348252 15.8038920880426,45.7421319343309 15.8038698201465,45.7419479474217 15.8037844317346,45.7414747108659 15.8037682937538,45.7413853669722 15.8036606928209,45.7411550750713 15.8032591827034,45.7410402224076 15.8031291075569,45.740997378399 15.8030807430369,45.7409815077269 15.8030414925358,45.7410481419482 15.8029935714094,45.7411293424223 15.8029469954259,45.7411721446213 15.8028729607885,45.7412401502139 15.8028420194136,45.7412435822345 15.8024701108835,45.7413161401596 15.8024500301272,45.7413200567914 15.8022720362971,45.7413028183745 15.8017919173923,45.7411976986677 15.801797183575,45.7411893563472 15.8019093328025,45.7410117197125 15.8019845096541,45.7408497530734 15.8020698772347,45.7407182729103 15.8021096824491,45.7406589677364 15.8020981063479,45.7406542351228 15.8020736857325,45.7406442582519 15.8021181482026,45.7405762722919 15.8020135151503,45.7404427091004 15.8018284236384,45.7403104573733 15.801610536067,45.7401771374556 15.8020250889137,45.7396994122317 15.8023260737861,45.7393096275223 15.8027482309428,45.7384459475779 15.8027503235398,45.7384416682676 15.8027965429401,45.7384028743947 15.8021830307761,45.7383210525019 15.801639671738,45.7382443162565 15.8016002781168,45.7382387557898 15.8018588043655,45.7376417776262 15.802044835904,45.7372069466994 15.8021455988488,45.7369977495851 15.8024313485005,45.7363430831464 15.8026368476761,45.7358643568238 15.8025860091102,45.7358554974245 15.8016701877205,45.7356745936963 15.8002012452076,45.7353875990891 15.7985729098539,45.7350711389715 15.798447185108,45.7350397735464 15.7987404945037,45.7347490547904 15.7977160436287,45.7341989721009 15.7973618948036,45.7339909787942 15.7970566872524,45.733806948671 15.7965621652822,45.7334361335224 15.7965350889147,45.7334158290995 15.7963631466457,45.7334682872562 15.7960732410502,45.733556780961 15.7960199041249,45.7335730591794 15.7955386805381,45.7331451405096 15.7954960804913,45.733107668956 15.7949247020228,45.7326050645822 15.7946174830902,45.7323216757353 15.7939964621405,45.7317673135861 15.7939629849294,45.731737429223 15.7936818346009,45.7318652593272 15.7933567472158,45.7320213670094 15.7929682440048,45.7321935649175 15.7925773844691,45.7323714633924 15.7921874565785,45.7325514961434 15.7920809514049,45.7326006730372 15.7919058408902,45.7326838837057 15.7917966156392,45.7327383037543 15.791382726421,45.7327759507129 15.7908718795614,45.7329634585524 15.7904795681777,45.7331473983272 15.7897141505279,45.7335311209683 15.7892838885238,45.7337530886167 15.7892435776455,45.7337644705635 15.7892070288215,45.7337757643254 15.7891999642147,45.7337635198736 15.7888493014934,45.7331355795272 15.7887958119987,45.7330389337822 15.7881507917873,45.7322670129931 15.7876992224155,45.7317265926206 15.7864951141184,45.7302052076778 15.7864058483532,45.7301210084325 15.7851764264974,45.729044210416 15.7849278526007,45.7287351667492 15.784819381442,45.7285337682835 15.7847674761583,45.7284373950329 15.7842936487196,45.7272775440074 15.7841766470088,45.7269788535509 15.7840633990581,45.7266897352584 15.7836966243056,45.7252345022699 15.7834648272236,45.7247615179045 15.7833229324071,45.7244719635475 15.7830319024935,45.7238277984673 15.7830172208073,45.7237969886241 15.7829947737135,45.7237498704812 15.7828929946145,45.7235928150421 15.7827818637613,45.7234210905876 15.7823313859106,45.7229416018101 15.7822899402327,45.7228894098223 15.7822306839105,45.7228147555441 15.7815763138057,45.7219653412018 15.7812864689061,45.721538583767 15.780983728992,45.7210928339983 15.7805253395269,45.7200954274691 15.7803976858842,45.7197523059255 15.7802421942716,45.7193345450254 15.7800277178143,45.7187593106551 15.7798742053146,45.7183689014993 15.7797826994312,45.7181416389779 15.7794593825588,45.7173386220847 15.7791315726496,45.7164394985003 15.7790808630163,45.7163004042789 15.7790328719712,45.7160575078958 15.7789068617427,45.7156798942569 15.7784086584063,45.714153494282 15.7783159610805,45.7138666985716 15.7781280089746,45.7133918981143 15.7779465617713,45.7129335590801 15.7777651863446,45.7126469654042 15.7776414228899,45.712451412424 15.7775146099675,45.7123095722672 15.7773846425283,45.7121641919503 15.7770811559295,45.7118976778513 15.7764887086617,45.7113774130365 15.7759944032768,45.7109544653711 15.7749345371757,45.7100747930826 15.7739686026711,45.7089470717134 15.7731945619242,45.7081650443325 15.7732826091021,45.7081421562312 15.7733858474447,45.7077587532103 15.7735107283119,45.7074892023864 15.7735437717062,45.7074178765239 15.7738658297076,45.7069872194763 15.7749711760536,45.7060801030421 15.775230652849,45.7057536220003 15.7754289970131,45.7053033631353 15.7754652384461,45.7052210918564 15.7754357155452,45.7051930806113 15.7752881861604,45.705053130087 15.7752529721285,45.7049838352763 15.7752435905771,45.7049653547947 15.7752426730459,45.7049513865796 15.7752328798679,45.7047957171333 15.77528889944,45.7045389672008 15.775505257943,45.7039756637143 15.7756877026733,45.7037277532492 15.7757040333888,45.7036564152373 15.7757315603608,45.7035361155954 15.775709840326,45.7033496509243 15.7757975971627,45.7031541406999 15.7758446189864,45.7028581105341 15.7759965292037,45.702725203649 15.7760575450608,45.7026718210789 15.7761100167136,45.7026212466428 15.7762637442391,45.7024731998589 15.7763206251607,45.7023395393171 15.776371977411,45.7022193121288 15.7764403148646,45.7021239166576 15.7765014707544,45.7020384878855 15.7767229538251,45.7018525455944 15.7767456090597,45.7016045916165 15.7767521948551,45.7014056647994 15.7767615896482,45.7011220383335 15.776814001209,45.7007556412877 15.7768220250616,45.7006995320266 15.7768174424047,45.7005588531842 15.7767960773678,45.6999035214605 15.7767984405106,45.6986123452662 15.7767625697312,45.6985206467224 15.7767005944373,45.6983622236729 15.7766913615149,45.6981534993022 15.7767190408538,45.6978302742596 15.7766661744295,45.6974853270329 15.7766458593126,45.6973527484984 15.7766225924906,45.6973195294173 15.7764511717822,45.6970753852322 15.7763491440146,45.6967177369059 15.7763608683772,45.6965736285699 15.7764653032716,45.6961743361733 15.7765175095501,45.6959747649928 15.7765473227905,45.6957398584473 15.7765487591897,45.6957244591255 15.7765458872203,45.6957130735862 15.7765418261865,45.6956940239981 15.7765419822609,45.6956910816943 15.7764528210339,45.6953104382164 15.7762876768739,45.6946028462974 15.7762450355226,45.6933793810079 15.776327033884,45.6918851391495 15.7759559701385,45.6910508363433 15.7753851192291,45.6896960223946 15.7752795572728,45.6894897756283 15.7745950649581,45.6882706663979 15.7738307265842,45.6868451603003 15.7736566303451,45.6863244595224 15.7734582389389,45.6859028886923 15.7729305563151,45.6858074849493 15.77251730245,45.6856303393791 15.7723331187827,45.6853076477925 15.7725344066534,45.685009345934 15.7726439798399,45.6845766913821 15.7726128387623,45.6841809808058 15.7723638643218,45.6838137487631 15.7719106202247,45.6835288766842 15.7714612229198,45.6835229091316 15.7709434404347,45.6832114855503 15.7709240315532,45.682734719158 15.7710733614816,45.6823917730907 15.7714407774766,45.6820383609437 15.7711237929893,45.6813926445461 15.7702695367366,45.6799497242773 15.7700292247733,45.6792764938317 15.7678853363725,45.6783281423406 15.7669876270479,45.6783881786755 15.7656829894295,45.6787298739925 15.7656098751824,45.6787549732045 15.7649682762258,45.6789750777096 15.7648269365336,45.6790235582867 15.7647037797735,45.6790071583531 15.7646067143096,45.6789942258723 15.764183953299,45.6789378872166 15.7634184420927,45.6783401475214 15.7630672333396,45.6780005672485 15.762096374356,45.6774041833289 15.7607967595687,45.677169917519 15.7605779493472,45.6771263837481 15.7600046522295,45.6774451382283 15.7596027160007,45.678095698583 15.7596398495511,45.6789412650512 15.7600072752443,45.6804774966283 15.7600572606047,45.681322985689 15.7597570061988,45.6819008660693 15.7598000070838,45.6831783151513 15.7601381314467,45.6844447821494 15.760993295867,45.6850239786814 15.7617275643838,45.6852080270511 15.7617449469426,45.6864856438315 15.7612056728023,45.6874250438499 15.7609063513487,45.6880749116171 15.7605673326597,45.6886350565564 15.7600616342013,45.6892142957479 15.7595197434562,45.6899647659429 15.7586325456159,45.6908164835839 15.7584073059812,45.6912498950743 15.7579285965497,45.6919279437698 15.7589996675439,45.6923257305167 15.7594565733223,45.6928805612508 15.7593639910799,45.6936280327729 15.7586798357236,45.6943074355009 15.7587627283796,45.6947388000132 15.7586645266453,45.6950723718719 15.7586713536362,45.6955762321059 15.7596023670863,45.6960559256043 15.7600585838696,45.6965567746472 15.7593030082196,45.6967057753792 15.758822927172,45.6972848540571 15.7576593816492,45.6976525227332 15.7563625734632,45.697661132244 15.755871582877,45.6976325487653 15.7556686185466,45.697620737439 15.7544979086115,45.6974575233655 15.7536771556932,45.6975267627263 15.7535744162622,45.697535616041 15.7528205151644,45.6978105452774 15.7524786852178,45.6981727202604 15.7521551164244,45.6989397014032 15.7524723493756,45.6996124681483 15.7536252965583,45.7013144830495 15.7533656915829,45.7020630393845 15.7526755612703,45.7023105457969 15.752065013672,45.702746486063 15.7516869069626,45.7032798640688 15.7511148560265,45.703715537547 15.7505033177289,45.7040794949316 15.7496860553279,45.7044267967667 15.7493087850056,45.7044506181016 15.7488904995452,45.7044770182474 15.7479268037726,45.7044383515866 15.7459726514926,45.7042801913093 15.7446535108525,45.7035869623949 15.742893686979,45.7035534542538 15.7409456645839,45.7038540677685 15.7382158042633,45.7052484869317 15.7378230614266,45.7056559400347 15.7381180254987,45.706598825479 15.7366131941587,45.7070727622285 15.7364553479317,45.7071224703084 15.7353832761615,45.7060490806129 15.7352320097763,45.7058976293142 15.7344307839851,45.7064966635877 15.7341056281606,45.7071646169664 15.7338057963395,45.7078054136809 15.7349872684779,45.7107311785811 15.7346901448585,45.7115789107096 15.7348019872741,45.7122710357048 15.7351870851986,45.7132313478948 15.7352698268457,45.7136627288784 15.7361314600301,45.7147189412422 15.7362157453692,45.7152672775277 15.7357754424195,45.7159719653169 15.7358555106439,45.7171771950146 15.7362586014131,45.7185242997233 15.7358925551064,45.7199933530185 15.7363497048541,45.7205662767647 15.7375345015963,45.7217643549509 15.7383731000477,45.7230096567057 15.7380943693855,45.7252519709623 15.7381949592299,45.7270329438803 15.7377962188534,45.7279713167317 15.7380239665462,45.7296524710956 15.7374695488652,45.7324274681829 15.7359875726801,45.7320951082323 15.735086699248,45.7319839510511 15.7344401772341,45.7316731943152 15.7338542695946,45.7320638787202 15.7319861674182,45.7336415505243 15.7307365452935,45.7353591862333 15.7300245418032,45.735939617914 15.7292530617146,45.7378701449285 15.7276328623508,45.7397610888664 15.7268816510122,45.7402967624909 15.7249259456656,45.7411010467684 15.7240709536053,45.7415653637169 15.72227064393,45.7424675848982 15.7209003228749,45.7428361853805 15.7195322129305,45.7433757136596 15.7189104861599,45.7440005099097 15.7188081746147,45.7440371307748 15.7164766584573,45.7446186762009 15.7151488416042,45.7453018717686 15.7145017349641,45.7459537831157 15.7125790512961,45.7463527321128 15.7094653815071,45.747091989131 15.7079528278135,45.7474073312202 15.7060316214094,45.7479321260943 15.7046610683393,45.7483005289947 15.7040244745769,45.7483837160212 15.7037856872726,45.7484149148523 15.7024925602619,45.7485838583279 15.7002137733662,45.7485374152534 15.6997800014046,45.7485285479974 15.6989580622194,45.7485785858888 15.6964969613287,45.7491065376155 15.6945870659438,45.7494881277811 15.6934327957561,45.74971908213 15.6905530315624,45.7506993546561 15.6889627981742,45.7507698161023 15.6874956880092,45.7508348027624 15.6871291738318,45.7507680853385 15.6864909019897,45.7506519042429 15.6860748840344,45.7502674972025 15.6854536006231,45.7499113072461 15.6842808611229,45.7496574099071 15.6825870595561,45.7498835229946 15.6823432051027,45.7488592012413 15.6819792991898,45.7474756910978 15.6820835363525,45.7465392662439 15.6813825492982,45.7459675886904 15.6804852995938,45.7461619021159 15.6791964117297,45.7469164405424 15.6789696435487,45.7469326740818 15.6787855054023,45.7469458798207 15.6785696392552,45.7468580392024 15.6784367748926,45.74680397455 15.6783310213173,45.7465616572984 15.6779798878746,45.7462218235326 15.6768394029786,45.7454367726826 15.6758297429328,45.744839901313 15.6748358989407,45.7444858653561 15.6730067643878,45.7441367649687 15.6719655454728,45.7441159060812 15.671220860929,45.7441742775066 15.6696702677793,45.7445433256693 15.6694559959601,45.7445785189991 15.6694402631802,45.7445811040466 15.6684774035124,45.7447392894373 15.6682701913757,45.7447053952452 15.6680524690195,45.7446697954912 15.6662944784089,45.7438162634296 15.6647409582668,45.7428625524909 15.6617905259167,45.7411430986846 15.6615543616287,45.7418193285131 15.6615611783446,45.7423951635925 15.6614378999245,45.7428367742231 15.6611294827735,45.7428385636841 15.6603701612816,45.7427439920999 15.6602745341016,45.7427527246518 15.6597703029326,45.7427988100355 15.6586884671268,45.7428976871761 15.6575436168242,45.7428053203414 15.657598590065,45.7441996919626 15.6580209186052,45.74514204825 15.6580958734378,45.7460504204404 15.6582843880139,45.746778162402 15.6581078492267,45.747067128502 15.6566279578707,45.7469047013744 15.6544974795378,45.7471599050697 15.6528496904599,45.746926403599 15.6518467584777,45.7468871470186 15.6476256877701,45.7475140599324 15.6470492484621,45.7476793164741 15.6468095455893,45.7480675874639 15.6467766117459,45.7485536672236 15.6466505883839,45.7487703361173 15.6463683800008,45.7488169289967 15.6462993985373,45.7488061449679 15.6460149838128,45.7487616591593 15.6454799581092,45.7486779897731 15.6444403042063,45.7488008500032 15.6433143345068,45.7492391142207 15.6430727409101,45.7494654267219 15.6429770701406,45.7500868325846 15.6426830068114,45.7513392127646 15.6415184140713,45.7517776812666 15.6390127941552,45.7518457490713 15.637148588944,45.7518021919649 15.6344326351002,45.7514574095136 15.6332163630877,45.7507443399457 15.6331061974251,45.7500970903357 15.6342264475691,45.7491460791575 15.6340561196902,45.7488590915649 15.631253767642,45.7495012358857 15.6307261421193,45.7496221444953 15.6299750473788,45.7497942343307 15.6294282837233,45.7499195109255 15.6286036397624,45.7497351010914 15.6273134395507,45.7458640630137 15.6270042156454,45.7457937840038 15.6259073274523,45.7453948969132 15.6247510691538,45.7465799834279 15.6233821132692,45.7471363561181 15.6221943195103,45.7472202697077 15.6221111850569,45.7472261446225 15.6211732829832,45.7472924021256 15.6209400023578,45.7472693206732 15.6203112335084,45.7472071029446 15.6196667634587,45.7470396480115 15.6190711197809,45.7466379808316 15.6182362864369,45.745526742007 15.617470712347,45.7448650420902 15.6160257670554,45.7443599766377 15.6149609308594,45.7445277006995 15.614678606572,45.7445652127524 15.6140746170828,45.7445684687936 15.6136119950269,45.7445709604373 15.6120083590685,45.7460012592376 15.6112304468377,45.74655431528 15.6105446344814,45.747304842061 15.610385431648,45.748025528435 15.6106689923004,45.7492747280176 15.6105095836158,45.7499774318843 15.6093930346868,45.7513061067684 15.608740699697,45.7515975265607 15.6083148918461,45.751680542189 15.6082661383286,45.7516900460353 15.6080241209642,45.7515709668698 15.6079043140136,45.751512019102 15.6075154095859,45.7512081619929 15.6071258274283,45.7508413189882 15.606696913588,45.7504026999613 15.6064378216139,45.7502151174895 15.6060903263977,45.7501719725692 15.6059246055756,45.7502988361417 15.6056437152884,45.7504712855565 15.6053772447333,45.7507876281807 15.605187667479,45.7510855694299 15.6052677081984,45.7513550863709 15.6041670767706,45.7517928346579 15.6040174065896,45.7534042676602 15.6028581873588,45.7543731932097 15.6020022765136,45.7548636134326 15.5963720080611,45.756044951752 15.5960962863242,45.7560587835647 15.5953699187742,45.7560951794612 15.5932738350904,45.7560161300162 15.592313624737,45.7562299510376 15.5910809312259,45.7565044209411 15.5900975990652,45.7561533608664 15.5894164551874,45.7559101854755 15.5878977502349,45.7557290728906 15.5868455726401,45.7559054529065 15.5856035906,45.7563707372738 15.5835124082559,45.7567593830612 15.582796346369,45.7571229618365 15.5815535773413,45.7575162338211 15.5805690699243,45.7580251363437 15.5797486574909,45.7582452711301 15.5789516946357,45.7582493226087 15.578498906225,45.7581841084779 15.5779861586798,45.7581102546369 15.5764410705915,45.7578661405149 15.575872713353,45.7575990676583 15.57517498951,45.7572516683299 15.5743976571438,45.7566617258776 15.5739056012108,45.7563132827074 15.5737737345559,45.7559900202066 15.573519440925,45.7562612383541 15.5733648269901,45.7562260158389 15.5721264175686,45.7570510582011 15.5710031041716,45.7578215256815 15.5703489345643,45.7579597711247 15.5695495146261,45.7577208317689 15.5683734797124,45.7571058396255 15.5683958261949,45.7555130810387 15.5692410548547,45.7539432101761 15.5700425332933,45.751869659848 15.5702739610424,45.7518775064429 15.5702674502167,45.7517961136415 15.5702588255524,45.7516882178284 15.5702444824619,45.7515087264506 15.5704073370333,45.7510940071639 15.5707499445754,45.7506603809014 15.5711189794898,45.7502986164719 15.5714503733788,45.7500270132853 15.5718454747414,45.7497011086787 15.5721250875988,45.7493937707948 15.5724012936879,45.7487535263394 15.5723481278164,45.7485828277636 15.572180496835,45.7485296853127 15.5718853782246,45.7485761594177 15.5717076490406,45.7487929960323 15.5714523709067,45.7489652429274 15.5708785335637,45.7494090188578 15.5705369511887,45.7499416182969 15.5702946912767,45.750131783761 15.5699116931949,45.7503856422073 15.5697810094527,45.7504032573114 15.5697222320649,45.750411184711 15.5695651416143,45.7504323628301 15.569433360551,45.7503464683203 15.5690993511501,45.750128768073 15.5683114211236,45.7497457813361 15.5676155787466,45.7495692878829 15.5669716005137,45.7494375247578 15.566406390897,45.749467332188 15.5657907579929,45.7495963556387 15.5655725601076,45.749624434877 15.5647602480883,45.7493675345834 15.5613493817137,45.7488804835915 15.560525528925,45.7474718598199 15.5589600197138,45.7451490579563 15.5577843614358,45.7471073883546 15.5570067033049,45.7477410572819 15.556585769222,45.7483502203437 15.5564161306961,45.7485956958799 15.5561831683235,45.7489328233773 15.5548694154234,45.7486512861091 15.5543512412004,45.7495356107902 15.5536187518398,45.7495481767795 15.5529652525748,45.7497493031889 15.5520509026936,45.7498674590804 15.5515923791075,45.7499267012472 15.5515572267157,45.7499312377888 15.5513735462826,45.7499549658461 15.5507241940808,45.7492742660647 15.5505050005403,45.7492033357673 15.5500846223547,45.7492774396885 15.5495271646007,45.7493756907787 15.5493502631806,45.7494068674973 15.5493101460224,45.7493491709673 15.549165695067,45.7491414055071 15.549063457019,45.7489943466952 15.5480136068916,45.7480996008945 15.5476006763297,45.7479306217097 15.5474014893659,45.7485884360834 15.5474053708523,45.7489843197332 15.5472149668322,45.7492281804531 15.5468946351442,45.7493287073747 15.5463823983731,45.7495201183787 15.546075452852,45.7496745550996 15.5457954419132,45.7499548398214 15.5453723434626,45.7500648428676 15.545095184421,45.7500523209935 15.5450123136206,45.7500485698542 15.5446115258719,45.7498075312946 15.5444798500186,45.7494842379379 15.5447341678162,45.749204079913 15.5450010734851,45.7488968694536 15.5449325207765,45.7484562978442 15.5448280427187,45.7482858403992 15.5446723159264,45.7481336199214 15.5443215583582,45.747748371666 15.5440085578862,45.7472819705933 15.5439901812884,45.7467151900359 15.5438836011762,45.7463287881556 15.5438151367037,45.7458972018953 15.5435795189817,45.7454574272806 15.5434733009252,45.7451070103775 15.5436117769052,45.7448094191061 15.543468747611,45.7446391360661 15.543478613118,45.7443331544096 15.5438354686083,45.744025528851 15.5434585923993,45.743595406987 15.5422681959828,45.7427642663078 15.5419813840643,45.7423427236909 15.5407592753992,45.7422135781504 15.5401043419139,45.7422616607703 15.5393901854155,45.7428319123788 15.5385865007334,45.7434475887411 15.5381289041108,45.7439716318471 15.5375672671956,45.7443701948498 15.5373902212694,45.744667969439 15.5374962278681,45.7450003878035 15.5377304072136,45.7452962251515 15.5380662745496,45.7454745926351 15.5381207195701,45.7457892702126 15.5384089902282,45.7463637820627 15.5388903963759,45.7469733675307 15.5395364613153,45.747330236888 15.5399513629869,45.7477061950343 15.5404696903221,45.7481446238654 15.5407428001777,45.7484762594354 15.5406552793341,45.748728625025 15.5404125745065,45.7488827374633 15.5398613362166,45.7490293195786 15.5393741727115,45.749157596757 15.538681199034,45.7492688471215 15.5380155802184,45.7495509387579 15.5372995031045,45.7499322414624 15.5367644607888,45.7504296475876 15.5362180297496,45.7510800689409 15.5356680487417,45.7513616034213 15.5347949359092,45.7514556771584 15.5325251822195,45.7520061975144 15.5308855145324,45.752589718088 15.5252208139879,45.7557112891273 15.5232044043704,45.7558915237686 15.5186471331533,45.7565332230394 15.5183793987882,45.7565496460915 15.518280791824,45.7565556976116 15.5181717988661,45.7565623859332 15.5164015493058,45.7563006414304 15.5157521962248,45.7562046229316 15.5154558222496,45.7561607960083 15.5150735421463,45.756522447975 15.5147939859644,45.7568746259688 15.5144762115619,45.7572629796149 15.5143001461006,45.7576866865365 15.5141750852046,45.7580651654334 15.5140353546085,45.758245752815 15.5136154938179,45.7583679214252 15.5134681003571,45.7584108040279 15.5134071591225,45.7584285420338 15.5132009977594,45.7584215651162 15.5130438111433,45.7584162481582 15.5124684489329,45.7583967812366 15.5119908016964,45.7581739842329 15.511411032851,45.7580326149445 15.5106641756951,45.7578919923161 15.5098415120645,45.7578956773691 15.5089038272293,45.7579718674847 15.5088130237889,45.7578822877528 15.5059946660309,45.7589476002013 15.5042414988106,45.759828175341 15.5029608346924,45.7603647240224 15.4998350023002,45.7615752192615 15.4985653457379,45.7619137083232 15.4967185339908,45.76240766405 15.4972663280008,45.7661754342406 15.4981738098328,45.7684569518775 15.4998266981604,45.7692595224107 15.5003474145552,45.7699770802912 15.5000847720527,45.7707970490593 15.5006059109139,45.7715595877671 15.5018794339961,45.7716259680989 15.5031207147569,45.7723943111765 15.5034037176935,45.773832742848 15.5036001454274,45.7742277837084 15.504176141987,45.7753589800412 15.5051379001869,45.7764884671944 15.5053525331286,45.7774682951681 15.5045579823683,45.7806121066556 15.5048565226995,45.7823383915566 15.5047675773017,45.7838774285243 15.5049822158492,45.7848572514996 15.505160327074,45.7860621957808 15.504999001792,45.786710764471 15.5038646581384,45.7864278466286 15.5028989673566,45.7863061457419 15.5020382031387,45.7864089144126 15.5009887994259,45.7869893993045 15.4999284471784,45.7877858867099 15.4987568078046,45.7876470548646 15.4970357935584,45.7864758438476 15.4966587463918,45.7860185912977 15.4957890016888,45.7851135872581 15.4951668301615,45.7845674195151 15.4945336480489,45.7842282534863 15.4941221197502,45.7842300397115 15.4936470079159,45.7843130762063 15.4929929913921,45.7844994049973 15.4926848848928,45.7845871864639 15.4924129756268,45.7844506156542 15.4922585832777,45.7843730685754 15.491743712831,45.7843213088152 15.4912038056528,45.7843506299864 15.4909350082409,45.7844957535878 15.4905511835312,45.7847223595327 15.4900139662853,45.7850576045509 15.4899691158013,45.7850792747963 15.4899076373082,45.7851089916108 15.4897322507804,45.7851937804501 15.4889010689984,45.7851468020182 15.4888443867254,45.7851436018586 15.4867215655961,45.7850537205063 15.4857439320123,45.7850309016026 15.4849724651622,45.7850521806887 15.4849614313022,45.7850469609854 15.4849384119079,45.7850360947123 15.4844817402565,45.7848203201699 15.4839789419419,45.7846784941401 15.483543020971,45.7848333102139 15.4806622914983,45.7848455034117 15.479298797066,45.7833215937944 15.4789168218649,45.782270442472 15.4786061762487,45.7820377958082 15.4763809869826,45.7819931413721 15.4741939891489,45.7819032951839 15.474051846988,45.781822902782 15.4737142828427,45.7814463943434 15.4730884017083,45.7804322254821 15.4724312837933,45.7802819842066 15.4718506314303,45.7800504507652 15.4710490948933,45.7795498789812 15.4707134680507,45.7793983027306 15.4705323949602,45.7792730868955 15.4703891770524,45.7790667176675 15.4701662491797,45.7785547566652 15.4701643529938,45.7783298166702 15.4705940347071,45.7774372429625 15.4711653784297,45.7765710730275 15.4730443589495,45.7752405802618 15.4731005564415,45.774286563711 15.4737982632707,45.7731679277664 15.4750142118019,45.7710033419562 15.4764250559029,45.7705925394482 15.4769364777863,45.7702574738734 15.4769574220817,45.769699511836 15.4757595064185,45.7694435845145 15.4754361745912,45.7692199812574 15.4753692808027,45.7689143232819 15.4751595861409,45.7684473081977 15.4747241395808,45.7671354170735 15.4740084013324,45.7661216302214 15.4732378765986,45.7662238146217 15.4730053266392,45.7660898120627 15.4710671003854,45.7664577631943 15.47003212742,45.7672178757186 15.4695103938366,45.7678588744654 15.4693572505163,45.7679944775017 15.4696193003667,45.7685782644602 15.4698276558246,45.7688923387551 15.4700504764865,45.7693953058656 15.4700152328113,45.7697913601302 15.4697346505142,45.770062447243 15.4694138317845,45.7701357581019 15.4693117817163,45.7700875122702 15.4691685619424,45.7700198001325 15.468999460983,45.7697865394716 15.4688686224371,45.7695171413203 15.4688289201643,45.769382344977 15.4677579502341,45.7689278451763 15.4667546017965,45.7688689782468 15.4658005742189,45.7685579594064 15.4651049595056,45.7683988329551 15.4648090407107,45.768373049501 15.4646682876308,45.7684546037641 15.464643998272,45.7686256587764 15.4647521011889,45.7692550817967 15.4647681224675,45.7696329334528 15.4650932820718,45.770081495906 15.4650723996001,45.7702122804806 15.4650159945637,45.7705656068107 15.4649710878359,45.7708468342604 15.4645496332828,45.7706689408881 15.4635775780213,45.7702586492229 15.4633990731589,45.7704393318975 15.4631172054893,45.7703094733068 15.4630164139986,45.77026303918 15.4619277045641,45.7697614628268 15.4618911420632,45.770004555629 15.461426958767,45.7698444726783 15.4612025260549,45.7706911899012 15.4616146959994,45.7707794959973 15.4622730919923,45.7711007589513 15.4629970667816,45.7715747036844 15.4631033581472,45.7719881809968 15.4630937103285,45.7723751298107 15.4628789466527,45.7728349049892 15.4624428229634,45.7729626403715 15.4618261099998,45.7730191396374 15.4611332024548,45.7731929079562 15.4612122103691,45.7734175372024 15.4613558091314,45.7736778963614 15.4615892497249,45.7739198962351 15.4620033152343,45.7742331411814 15.4624551336958,45.774447268555 15.4629449439648,45.7745892427094 15.4636538461374,45.7747933029803 15.4643631406451,45.7750423660833 15.4646603070375,45.7752121116549 15.4648814380273,45.7755171377961 15.4650904746947,45.7759121971619 15.465247565345,45.7762444814467 15.4650828656687,45.7765420915063 15.4648019383636,45.7767771781508 15.46444316489,45.7769316064718 15.4642515561473,45.776964612738 15.4641221496562,45.7769869072524 15.4639518363546,45.7769567419408 15.4637744517784,45.7769253397944 15.4635299096123,45.7768993433099 15.4634330377622,45.7769303840545 15.4628758389408,45.7771089563839 15.46280303701,45.7770923041622 15.4626052858841,45.7770470589825 15.4621936642976,45.7770307386368 15.4615767402444,45.7770692286531 15.4612160378778,45.7769897136969 15.4611240892154,45.776756137147 15.4611081825603,45.7763872926035 15.4606170436817,45.7760833473821 15.4602268282937,45.7755450424265 15.4590796347919,45.7752077565753 15.4581802189721,45.7752923586413 15.4567036669269,45.7755592262717 15.4563312923193,45.7756237072345 15.4554854438479,45.775969011444 15.4554869134252,45.7761489748138 15.4556450270969,45.7766162306124 15.4557229999915,45.7767148950718 15.4561368194427,45.7770011746849 15.4568381121983,45.7778441706519 15.4569556836105,45.7780686481892 15.4570356341543,45.7784102478805 15.4572847539499,45.7789941213603 15.4581780214393,45.7797193570165 15.4586312783408,45.7801044533999 15.4591622838175,45.7805611985694 15.4599018039044,45.7813500448738 15.4600738773846,45.7819432154151 15.4602058175757,45.782347586408 15.4605036791579,45.7825983230362 15.4610210432006,45.7829561594081 15.4615258656944,45.7833500145823 15.4617740808792,45.7838168970119 15.46188039257,45.7842303747797 15.4616513648298,45.7845282398799 15.4612028163881,45.7847190100165 15.4603835421458,45.7851812303007 15.460180893366,45.7855599529223 15.4601464792834,45.7860639814931 15.4600599349266,45.7864872353745 15.4601032854379,45.787062924662 15.460224665874,45.7877462790034 15.4601646036675,45.7882593986108 15.4600675859589,45.7889706357205 15.4600210292949,45.7895646883578 15.4598832672101,45.7900151364173 15.4595128037605,45.7903225599378 15.4590025632435,45.790837514829 15.4586074751087,45.7912799907285 15.4581624068509,45.7919026463663 15.4582446119041,45.7925141711044 15.458275003985,45.793080925192 15.4582135733284,45.7934320927615 15.4579732620278,45.7939279482271 15.4578548732723,45.7946620110717 15.4578260403833,45.7948408642055 15.4577905241897,45.79504900696 15.4579389992451,45.7950313728008 15.458208968745,45.7949978104481 15.4582979829521,45.7949793564669 15.4583074038847,45.7949785344662 15.4584701891587,45.7949644799288 15.4587952301906,45.7948991765674 15.4592158904661,45.7948145311695 15.4593814963107,45.7947417872285 15.4596519425054,45.7946587781547 15.4601309851827,45.7944628850449 15.4604156366115,45.7943559211834 15.4606716904836,45.7942597100227 15.461140143422,45.7940864677993 15.4619906775743,45.7936468553078 15.4625568210563,45.7934737065638 15.4631032799809,45.793560124597 15.4634381095662,45.7936130731068 15.4637720916044,45.7937644556641 15.4639740039701,45.793840344029 15.4647079903989,45.793972075299 15.465017247375,45.794083303287 15.4654780198718,45.794366151117 15.4660957395848,45.7946337576763 15.4663896041797,45.7946891314759 15.4665779405925,45.7947246209193 15.4666795105529,45.7947497676451 15.4669773934557,45.7948235223108 15.4673663435801,45.7949298065182 15.4674735993008,45.7949592995754 15.4677787984292,45.7950432248288 15.4683103456869,45.7950545441941 15.468993932269,45.795056152176 15.4692525617275,45.7950610826331 15.4694754757434,45.7950653475332 15.469662249108,45.7951133736069 15.4699201531361,45.795270016792 15.4707204930152,45.7956089036196 15.4711179479975,45.7957545432429 15.4713489052581,45.7958391634201 15.4713159792368,45.7958888346852 15.4716329482161,45.7960442655621 15.471910070674,45.7962050606267 15.472137040011,45.7963482050282 15.4722336833479,45.7964075740808 15.4722844549546,45.7964387634855 15.4726089507018,45.7965366118309 15.4729757219736,45.7966744062108 15.473146138245,45.7967385551193 15.4733752181943,45.7968247802483 15.473488173088,45.7968670114406 15.4737244598917,45.7969553629613 15.4741065973008,45.7971110276908 15.4744660090631,45.7972488141702 15.4746078769638,45.7973175554517 15.4746681950714,45.797346742834 15.4748005510678,45.7974043102712 15.4750256321969,45.7975133124297 15.4751323796531,45.797564982792 15.4754018603085,45.7977203127813 15.4757015757422,45.7978513261629 15.4758413425795,45.7979156200501 15.4758475753066,45.7979700256507 15.4758633915669,45.7981097462272 15.4756191488991,45.7982335411809 15.4753494588273,45.7983925631103 15.4750802463831,45.7985514105236 15.474960886405,45.7986829747245 15.474872711248,45.7987801610163 15.4746754275682,45.7990193382281 15.474503270635,45.7992183684038 15.4744495599653,45.7992856736183 15.4743164193545,45.7994524953627 15.4741264818258,45.7997142973346 15.4739542743508,45.7999709376936 15.4737013404499,45.8002970955229 15.4733944799927,45.8005137367863 15.4730180013875,45.8007492312125 15.472799774618,45.8008946709754 15.472365754745,45.8011982565072 15.4722384869758,45.8013610534114 15.4719002755794,45.8017581738419 15.4717133932865,45.801995368987 15.4715654585154,45.8021832445808 15.4715118113434,45.8023835627185 15.4714237260954,45.8026547971152 15.4713631840125,45.8028651551417 15.4713313446438,45.8029757804523 15.4710963041233,45.8033115746504 15.4710566286301,45.8033684166832 15.4710205608998,45.8034617096736 15.4709454966891,45.8036557852605 15.4708557868811,45.8038723138301 15.4708109393729,45.8039807558625 15.4707860043435,45.8041052839085 15.4707206633458,45.8044316643138 15.4706413399701,45.8049830592294 15.4706107498379,45.8051899947543 15.4705644041866,45.8055020422958 15.470510549305,45.805619742935 15.4704669705232,45.8057147217433 15.4703640425875,45.8059130771745 15.4703197562257,45.8059983218187 15.4701358628756,45.8063591087456 15.4699031973209,45.8067865545297 15.4699240860187,45.8069574445999 15.4699709174243,45.807339925886 15.4699782412048,45.8075135666917 15.4699894746749,45.8077799229052 15.4700016827007,45.8084647761329 15.4701699275393,45.8087787658263 15.4704249789892,45.8092178411093 15.470537405304,45.8094119248425 15.4706364559695,45.8097764375368 15.4707235011785,45.8100949612496 15.4707162431427,45.8108916231449 15.4706802735103,45.8112594254236 15.470452986726,45.8116246283149 15.4701072015591,45.8118517746589 15.4700182823534,45.8120374094386 15.4700326399582,45.8121936655284 15.4695792273158,45.8124608752358 15.4694795331228,45.8125533642919 15.4693445408045,45.8126782254015 15.4691890431994,45.8128858969069 15.4688617004758,45.8129721589102 15.4683073939527,45.8132572595845 15.4682828181186,45.8133188690712 15.4682479357455,45.8134061682862 15.4678902434304,45.813646755785 15.4678843216194,45.8137721359027 15.4678161578741,45.8141743559692 15.4678431109138,45.8143215688293 15.4675291726535,45.8146473923555 15.4672669226077,45.8147160620694 15.4671147007828,45.815050245746 15.4668872176736,45.8153302890079 15.4668290795068,45.8154706697791 15.4667716575053,45.8156087004244 15.4669859186907,45.815836888368 15.4669920074442,45.815986316099 15.466822816348,45.816228863484 15.4667915144476,45.8163047752622 15.4667669309897,45.8163644740533 15.4664931813847,45.8166537951676 15.4662257666735,45.8169113327046 15.466162677072,45.8170017304477 15.4661304519532,45.8170476326397 15.4660812735092,45.8171177569135 15.4659808126921,45.8173260407208 15.4659104852611,45.8174718966023 15.4658198498789,45.8176593785935 15.465789727651,45.8177639664971 15.4657679065714,45.8178397226507 15.4656930343039,45.8181192776958 15.4656770804722,45.8181799136637 15.4656519039177,45.8182756311053 15.4659007057067,45.8182841215881 15.466104648213,45.8182624708985 15.4662606518402,45.8182464129496 15.4664431668208,45.8182433861365</coordinates></LinearRing></outerBoundaryIs></Polygon></MultiGeometry>
  </Placemark>
  <Placemark>
	<Style><LineStyle><color>ff0000ff</color></LineStyle><PolyStyle><fill>0</fill></PolyStyle></Style>
	<ExtendedData><SchemaData schemaUrl="#rpj_opcine">
		<SimpleData name="id">464</SimpleData>
		<SimpleData name="zup_rb">1</SimpleData>
		<SimpleData name="zup_naziv">Zagrebačka županija</SimpleData>
		<SimpleData name="zup_sjedis">Zagreb</SimpleData>
		<SimpleData name="mbroj">05339</SimpleData>
		<SimpleData name="naziv">KRAŠIĆ</SimpleData>
		<SimpleData name="status">1</SimpleData>
		<SimpleData name="status_opi">Općina</SimpleData>
		<SimpleData name="povrsina">71229484</SimpleData>
		<SimpleData name="opseg">61161</SimpleData>
		<SimpleData name="shape_star">71236416.7956</SimpleData>
		<SimpleData name="shape_stle">61163.5875955</SimpleData>
	</SchemaData></ExtendedData>
      <MultiGeometry><Polygon><outerBoundaryIs><LinearRing><coordinates>15.5059946660309,45.7589476002013 15.5088130237889,45.7578822877528 15.5089038272293,45.7579718674847 15.5098415120645,45.7578956773691 15.5106641756951,45.7578919923161 15.511411032851,45.7580326149445 15.5119908016964,45.7581739842329 15.5124684489329,45.7583967812366 15.5130438111433,45.7584162481582 15.5132009977594,45.7584215651162 15.5134071591225,45.7584285420338 15.5134681003571,45.7584108040279 15.5136154938179,45.7583679214252 15.5140353546085,45.758245752815 15.5141750852046,45.7580651654334 15.5143001461006,45.7576866865365 15.5144762115619,45.7572629796149 15.5147939859644,45.7568746259688 15.5150735421463,45.756522447975 15.5154558222496,45.7561607960083 15.5157521962248,45.7562046229316 15.5164015493058,45.7563006414304 15.5181717988661,45.7565623859332 15.518280791824,45.7565556976116 15.5183793987882,45.7565496460915 15.5186471331533,45.7565332230394 15.5232044043704,45.7558915237686 15.5252208139879,45.7557112891273 15.5308855145324,45.752589718088 15.5325251822195,45.7520061975144 15.5347949359092,45.7514556771584 15.5356680487417,45.7513616034213 15.5362180297496,45.7510800689409 15.5367644607888,45.7504296475876 15.5372995031045,45.7499322414624 15.5380155802184,45.7495509387579 15.538681199034,45.7492688471215 15.5393741727115,45.749157596757 15.5398613362166,45.7490293195786 15.5404125745065,45.7488827374633 15.5406552793341,45.748728625025 15.5407428001777,45.7484762594354 15.5404696903221,45.7481446238654 15.5399513629869,45.7477061950343 15.5395364613153,45.747330236888 15.5388903963759,45.7469733675307 15.5384089902282,45.7463637820627 15.5381207195701,45.7457892702126 15.5380662745496,45.7454745926351 15.5377304072136,45.7452962251515 15.5374962278681,45.7450003878035 15.5373902212694,45.744667969439 15.5375672671956,45.7443701948498 15.5381289041108,45.7439716318471 15.5385865007334,45.7434475887411 15.5393901854155,45.7428319123788 15.5401043419139,45.7422616607703 15.5395158199796,45.7423115865207 15.5392055040812,45.7423379114186 15.5382415342782,45.7421599219583 15.5380622156914,45.7421268082675 15.536592108925,45.7418553485737 15.5355419012215,45.7408885046223 15.5346204842528,45.7412887520711 15.5340020085236,45.7408895817311 15.533637767691,45.740654492855 15.5331285398936,45.7398110650585 15.5319433390451,45.7381519639633 15.5304257602236,45.7366653773078 15.5291301887625,45.7355466418465 15.5270526812137,45.7346204823225 15.5252312835552,45.7335941143121 15.5233624408484,45.7329818529491 15.5224589804342,45.7311773952977 15.5190131990187,45.729537511584 15.5173964151101,45.7283751205218 15.5154132774454,45.7278802161997 15.5138906921754,45.7271672496945 15.5150408757146,45.7265052005174 15.5149249162836,45.7250750345554 15.5149304701086,45.7242831838703 15.5157917561498,45.72434227258 15.5163789719709,45.7241314626182 15.5186855207835,45.7233033571016 15.5216916018009,45.7232986257335 15.5232521760718,45.7225806231949 15.525021712767,45.7208628520475 15.5271410088794,45.7194673590864 15.5286941792944,45.717984490117 15.5282635770315,45.7159169307221 15.5285531301941,45.7139360157167 15.5291195988188,45.7113599411883 15.5292547085034,45.7079940301346 15.5279039457366,45.706398649745 15.5258454546448,45.7046445414456 15.5251269895781,45.7033521317766 15.5249224640512,45.7007166390032 15.5253847327848,45.6993468004062 15.5277596017247,45.6979051232939 15.5290414134571,45.6963065138029 15.5295343078772,45.6941176940547 15.5323257647707,45.6933128502268 15.5362007877012,45.689020571996 15.5376950058581,45.6855222753617 15.5385821936002,45.6843303251395 15.5400574972605,45.6828926455461 15.5424017778601,45.6810548920558 15.5428405895926,45.6799730249462 15.5457033499166,45.6786726142722 15.5472396949541,45.6782603324818 15.5485472750871,45.6780830848065 15.5496282349405,45.6770520819085 15.5505804485204,45.6759857147 15.5513664063301,45.6749831201499 15.5520226617072,45.6738461833373 15.5520128151766,45.6728474332467 15.5526546290321,45.6702528652987 15.5530955585822,45.6694138951018 15.5535401095648,45.668943837688 15.5539628277014,45.6675650732533 15.5528599229394,45.6663466701356 15.5532865038052,45.6640590708878 15.5534858959665,45.6621594981204 15.5534838610593,45.6597659870324 15.5534840954728,45.6593790812851 15.5538439057481,45.659431313684 15.5537592151734,45.6593120733919 15.5537391206992,45.6592837740407 15.5535445991126,45.6590098668468 15.5536116302506,45.6580017443743 15.553155430983,45.6572841026038 15.5523652938524,45.6565320938038 15.553026277917,45.6558990123047 15.5521250109305,45.6542837236895 15.5524417692961,45.6538772701225 15.5523937897108,45.6529147034176 15.5524523490851,45.6523475283779 15.5522174200821,45.6519437450262 15.553357350989,45.650444520156 15.5534234827159,45.6493464309147 15.5536321616979,45.6483916134363 15.5544558920461,45.647361812783 15.5550329084249,45.6395575791962 15.5514267758502,45.6393951338497 15.5495165326116,45.6395033412745 15.5488188091001,45.6394567914658 15.5470006900229,45.6393354795897 15.5469185088616,45.6393616555044 15.5462310527557,45.6395806011432 15.5459393135288,45.6396735031002 15.5451345862391,45.6387055584067 15.5448542062483,45.6375731287177 15.5438848932996,45.63682192412 15.5437974568953,45.6357425554865 15.5455428084705,45.6345194484085 15.5462704564454,45.6341650398482 15.5481434593874,45.6342010369524 15.5497363928785,45.6332802278159 15.5501840871196,45.6330214272224 15.5513557978353,45.6308741892085 15.5527050954529,45.6285371235916 15.5537222673475,45.6276413624832 15.55867142479,45.6262314719783 15.5605045134666,45.6261504991995 15.5609834539364,45.6253112920909 15.5587897328645,45.6226586095086 15.557906124356,45.6214931758318 15.5561114465869,45.6202601921316 15.5558795686283,45.6201533524788 15.5534318420796,45.6190044931464 15.5481081357829,45.6174645418671 15.5469022843811,45.6160936131388 15.5456676395672,45.6157126183598 15.5471014682209,45.6141670411448 15.549669445029,45.6132278577774 15.552119378651,45.612028253512 15.5533672818682,45.6111583672286 15.5554697378483,45.6098433887526 15.5562087410364,45.6080851218522 15.5551725735359,45.6057236418897 15.5542531044516,45.6034875597166 15.5552603512965,45.6029337647892 15.5540922115937,45.6014727389238 15.5539957666158,45.5994935965235 15.5536881308737,45.5994950958217 15.5532165318551,45.5997673278411 15.5528025188896,45.5998281461359 15.5522053379097,45.5999162063456 15.5505002944215,45.5998974617304 15.5500271780302,45.600016726537 15.549671179871,45.6003153911062 15.5494801447045,45.6004422892623 15.549018692506,45.6004445133689 15.5487950597139,45.6004287426904 15.5485312580908,45.6004108643311 15.5481209087828,45.6003948425846 15.5477251304023,45.6005587151765 15.5474209978714,45.6009201093026 15.5483627912867,45.6015364484824 15.5483547223794,45.602022400942 15.5481893148715,45.6021491729696 15.5478444421555,45.6022768083237 15.5469864900326,45.6023709061137 15.5461173617469,45.6026360283467 15.5456076016186,45.6029444135364 15.545162794683,45.6033424558189 15.5447308860484,45.6037494522334 15.544411987303,45.6039129411496 15.5436944012502,45.6039433655217 15.5436735221156,45.6039392161771 15.5431297896223,45.603834454154 15.5427825201374,45.603767744028 15.5423198357149,45.6036439834071 15.5416635633663,45.6033861483344 15.5406367588247,45.6032560576636 15.5394821235901,45.6031625399124 15.5392758984541,45.603046544375 15.5390019558142,45.6025529357334 15.538717786687,45.6023293242483 15.538472683502,45.6021685142765 15.537970780729,45.6019639304856 15.5374077138775,45.6020655675766 15.5369253504774,45.6025627501424 15.5372293171935,45.6035151250246 15.5373545846913,45.6045493290332 15.536661410786,45.6057943543352 15.5352767368036,45.6071236083142 15.5303368051135,45.6093962673799 15.5275790000948,45.6106148393865 15.5272977124517,45.6106971255478 15.5269538423263,45.6109416686145 15.5262762182328,45.61114276766 15.5255597097204,45.6112990362637 15.5253917982576,45.6113090333888 15.5249061955221,45.6113380469765 15.5247926180731,45.611322194232 15.5246939017535,45.6113084109912 15.5244378101189,45.6112730609882 15.5243924581115,45.6112671991008 15.5243092534111,45.6112553170698 15.5242272425696,45.6112435729519 15.5241550673976,45.6112338690271 15.5237122825424,45.6111725720977 15.5230808033469,45.6108245464773 15.5217580602214,45.6092109374515 15.5209320611206,45.6086208256366 15.519863587885,45.6081487987722 15.5184257710874,45.6079394017904 15.5168377735949,45.6081265833057 15.5153164297657,45.6085923797755 15.5137714813474,45.6092832288125 15.5128016675494,45.6097824944835 15.5120888264254,45.6103435918457 15.5108598411419,45.6119508022667 15.5104146289629,45.6123397231114 15.5085779725785,45.6134007323925 15.507197285663,45.6138477944521 15.5059973693749,45.614438013515 15.5057054798969,45.6147722527345 15.5053791808829,45.6155565374841 15.5055512171056,45.6161496604422 15.5059772768715,45.6164263945435 15.5061574052556,45.6165428887737 15.5082778850233,45.6170733389181 15.5095380380447,45.6174636324982 15.5126003566511,45.6186196570582 15.5142185211373,45.6216897492379 15.5146815157042,45.6246300700474 15.5148419080456,45.6253402071132 15.5145336225404,45.6266823356295 15.5136477988231,45.6279820763368 15.5133928454877,45.6281867598928 15.5131567435052,45.6283765885368 15.51306215531,45.6284526209828 15.5129984523587,45.628497888818 15.513032003988,45.6293615750975 15.5127934382793,45.6299205378654 15.5128220460538,45.6302443417058 15.5135095943725,45.6310960688077 15.5137092255658,45.6318870151191 15.5139328743363,45.6324978847073 15.514207399358,45.6330635249254 15.5148403852234,45.6335555634386 15.5155479495412,45.6337863182644 15.5159488769052,45.635539152115 15.5159069294213,45.6365561343854 15.5146039380909,45.6371379123883 15.5143669134835,45.637867843253 15.5135325552193,45.6392033329011 15.5129867598427,45.6398356605614 15.512427641339,45.6404140653876 15.512072840006,45.6408925617079 15.5116382610813,45.6410654829143 15.5101912192,45.6413419213304 15.5097833690042,45.6416316824457 15.5096582085465,45.641974179883 15.5093019829762,45.6422996976855 15.5078077513479,45.6430352293734 15.5071795111526,45.6430740125607 15.506527084004,45.6432748858396 15.5059900137374,45.643391779892 15.5053875886146,45.6435228936986 15.505254856129,45.6435067720657 15.5049509557214,45.6434708399001 15.5038054623118,45.6430530019903 15.5013040363983,45.6430640389204 15.4995979303653,45.6430715347755 15.4983091446528,45.6439672163115 15.4973284683417,45.6446471486632 15.4951761703642,45.6464291684001 15.4941972505464,45.6474412146758 15.4919848218456,45.6482426244071 15.4907301662559,45.6485449814971 15.4900018349724,45.6488810456225 15.4896077417266,45.6492966674385 15.4892114418287,45.6494603341541 15.4880317734555,45.6495373732491 15.485145320036,45.6495677099844 15.4844710219291,45.6497069803632 15.4840934854136,45.649785239169 15.4832370842944,45.6499627411671 15.4817096800137,45.6498882205307 15.4792373788973,45.6503395664119 15.4756734456695,45.6521811344508 15.4746500190866,45.6525363331983 15.4737274665585,45.6526841417689 15.4733555522901,45.6527036841535 15.4729335209808,45.6528674067907 15.4728081871664,45.6532188554458 15.4726723013188,45.6538402907002 15.4722563351364,45.6547238340063 15.4723366466662,45.6551194227593 15.4728119223829,45.6567011248814 15.4724799132161,45.6568914719755 15.4721731103807,45.6570277028632 15.4718403508242,45.6571280735603 15.4716497578459,45.6573538122019 15.4713179044024,45.6575621348392 15.4711014982061,45.6577699945945 15.4710133473599,45.6579683203177 15.4711560090067,45.6581476826873 15.4707210958687,45.6583114609585 15.470453312659,45.6585105196795 15.470197658311,45.6586285591992 15.4698129442492,45.6586571438349 15.4696704067249,45.658674756356 15.4695052887102,45.6586943929618 15.46939909585,45.6586766451808 15.4693641024864,45.6586707973663 15.4693382304114,45.6586658425768 15.4693102810424,45.6586605271066 15.4692537424829,45.6586511987128 15.4691454888379,45.6586328985068 15.4687726238745,45.6585444432978 15.4682983056431,45.6586003927177 15.4681623158176,45.6586407154998 15.468149804492,45.6586444249297 15.4679917527327,45.6586903862667 15.4678569250149,45.6587295935068 15.4677990758543,45.6587464157619 15.4676308611548,45.6587260857974 15.467582405442,45.6587208203322 15.4675036573687,45.6587116367761 15.4672844480001,45.6585865695552 15.4668458681821,45.6583094215405 15.4663577647429,45.6582484233852 15.4659987211023,45.658276893617 15.4657369775401,45.658256587057 15.4656648538364,45.6582512585559 15.4651249781303,45.6581364863076 15.4647140675792,45.6581021843592 15.464239474098,45.6581221035701 15.4639042815705,45.6580141077652 15.4636347421508,45.6579266106778 15.4633755148765,45.6576127295062 15.4636425050358,45.6573147132505 15.4640755608049,45.6569260148011 15.4640475931999,45.6566471988239 15.4637387514011,45.6565404663653 15.4634431189404,45.6564786874585 15.4630711025496,45.6564892053034 15.4629349246874,45.6565225510477 15.4626997476321,45.6565807056148 15.4626178430121,45.6565448363976 15.4626074124448,45.6565401021924 15.4626024283699,45.6565378262716 15.4625633544741,45.6565200049756 15.4624164222258,45.6564558782051 15.4621060211128,45.6561602023475 15.4615236677026,45.6571163586225 15.4608996798476,45.6576947685423 15.4609927556559,45.6580903129416 15.4616015484392,45.6587806983245 15.462067563608,45.6592737084793 15.4629711279733,45.6599179013492 15.4632687155068,45.6602136347323 15.4639044084835,45.6610478703653 15.4639082852182,45.6615157657408 15.463849501325,45.6621638676826 15.463545311465,45.6626240057508 15.4630619313165,45.6631388714259 15.4628604836808,45.6636075976531 15.4629021666506,45.6639943537347 15.4632009777281,45.6644340398064 15.4636662345681,45.664828067488 15.4637336874709,45.6652237051415 15.4634438815267,45.6658727519255 15.4624018944564,45.6671277278947 15.4614771482413,45.6685981799499 15.4610181696191,45.6689689631809 15.4604303362803,45.669277276263 15.4592022587446,45.6697681293806 15.4580889523729,45.670168534143 15.4580911616327,45.6704384669452 15.456695826022,45.6708849854535 15.4556071829862,45.6711682844176 15.4548143060875,45.6715223823376 15.4540028915905,45.6717020513284 15.453328136808,45.671852243336 15.4530705855028,45.6718186549929 15.4521075495795,45.6716951249385 15.4510805851411,45.6716722051909 15.4507945915241,45.6728160937881 15.4508007529421,45.6735809096039 15.4503699386871,45.674275477163 15.4496434044331,45.6749082143152 15.446510980186,45.6764502250965 15.4466797088927,45.6766835068833 15.4470141618817,45.676772184647 15.4474769563614,45.6768603487411 15.4487101202407,45.6769724657843 15.4496996185988,45.6771125381714 15.4506001533016,45.6773609219867 15.4512833421752,45.677718140556 15.4521684745433,45.6792353073409 15.4525964381624,45.6797734983743 15.4533984865181,45.6805351464257 15.4512999085942,45.6813623117043 15.449664768336,45.6823585811988 15.4493964943551,45.6825216033743 15.4492456968241,45.6829271096046 15.4487238516387,45.6834870422192 15.4482906344829,45.6838936639983 15.4476878639097,45.6839680204204 15.4471250459082,45.6842221898579 15.4469837029752,45.6844657400595 15.4468464248631,45.684700176405 15.4466201019791,45.6852949441209 15.4453746185719,45.6868834972402 15.4451372875139,45.687712244039 15.446373642696,45.689803963524 15.4466420524269,45.6912606012466 15.4466604336528,45.6919533811941 15.4470755918833,45.6924916374251 15.4477010344086,45.6936319321683 15.4489867879259,45.693851821571 15.4495755348579,45.6939887088656 15.4499001242178,45.6940641759534 15.4502077871892,45.6939909539058 15.4512457480169,45.6937439131526 15.4519366028626,45.6934352403955 15.4527286412888,45.6929371970309 15.4532354361861,45.692098362138 15.4538854870127,45.6915108940703 15.454653559596,45.6912288940755 15.4558756111537,45.6915119452822 15.4577028617716,45.6920085075319 15.4580379284479,45.6921601274957 15.4597540366403,45.693187994212 15.4601302349797,45.6936543666438 15.4612270057795,45.6943068020588 15.4621021829829,45.6945551930763 15.4632231155046,45.6950185353347 15.4640706690355,45.6950375016895 15.4645844242195,45.6950489862916 15.4646162410713,45.6950478133656 15.4648461007821,45.6950393245205 15.4651232413314,45.6950290796872 15.4654059530179,45.6950186353879 15.4661735575631,45.6946825657931 15.4668265077495,45.6944549392551 15.4666704030159,45.6942126312566 15.4670311984883,45.6943641317578 15.4671155464083,45.6943656880654 15.4673596330678,45.6943702081615 15.4674292839989,45.694371493712 15.4677355034764,45.6941362805087 15.4683387269209,45.6941068087739 15.468969075399,45.6942481802024 15.4700004682257,45.6947478218853 15.4706082569536,45.695258209515 15.4712057042136,45.6960655641225 15.471674860056,45.696882439738 15.472113924248,45.6971775661338 15.473300334252,45.6977755113686 15.4739842263512,45.6981685817897 15.4748094616152,45.6985700638459 15.4755856231381,45.6992416842128 15.4759126372226,45.6992709807917 15.4770249402711,45.6993706267216 15.4771799785423,45.6991418251084 15.4772146666254,45.699090626654 15.4772908676641,45.698978160691 15.4773673336276,45.6988653038275 15.4786609340076,45.6984729557228 15.480099144443,45.698475902463 15.4804113458667,45.6989424766445 15.4805846898065,45.699688594641 15.4812291490401,45.6999648065621 15.4822322726163,45.7001405341037 15.4827498866543,45.7004919781631 15.4829039620197,45.7005965921222 15.4833636764437,45.7002977002477 15.4839118726324,45.6998364696587 15.4847338370423,45.6998509698644 15.485374010465,45.6996322957631 15.4861339550151,45.6998989913069 15.4863446527063,45.7005009576204 15.4864156651492,45.7012834999045 15.4861777855398,45.7019863624958 15.4865960713897,45.7028303946271 15.4867626406281,45.7029982523589 15.4870495223973,45.7032873640493 15.4877424331675,45.7029849352465 15.4880109605744,45.7028677370613 15.488111377819,45.7028239102805 15.4886333981035,45.7023087793193 15.4892584391779,45.701829196739 15.4900501896383,45.7013219045593 15.4904434530933,45.7007713267843 15.4909733131408,45.6996892744745 15.491044348385,45.69900511285 15.4916255975411,45.6979318388502 15.4920941221037,45.6971829629917 15.4929224701728,45.6964685362415 15.4937139463986,45.6959432159138 15.4942762776082,45.6956438430649 15.495172520577,45.6953520147398 15.4961040042889,45.6946911011745 15.4974660513656,45.6948021303324 15.4964837816428,45.6955262654357 15.4957383503891,45.6968972362321 15.4952991428148,45.6980508896952 15.4951882649735,45.7000309449004 15.4958299934385,45.7014408603324 15.4975432297217,45.7012547678171 15.498678087449,45.7011314860022 15.4989203065876,45.7023721660406 15.4978020472997,45.7036997717756 15.4976856364888,45.7050499899742 15.4973535814795,45.7052583956685 15.4977407389257,45.7069123579621 15.495170150747,45.7095869870794 15.4943638256363,45.7099054264884 15.4935566906564,45.7101338780067 15.4931633725427,45.710673797867 15.4928333520633,45.7111267882411 15.4926449905043,45.7116135065122 15.4925604738225,45.7122257409834 15.4923592531341,45.7127125054605 15.4919252641891,45.7130203053449 15.4913153191448,45.7137697808696 15.4917159925791,45.7155136800792 15.4914105721562,45.7158389351467 15.4914552854991,45.7165405880318 15.4915348814848,45.7168281761198 15.4921706913085,45.7175542731167 15.4923899188315,45.7176523068933 15.4932178755944,45.7183145772124 15.4934402923071,45.7187725115528 15.4934332492515,45.7194294032239 15.4931448010443,45.7202224823361 15.4940041308433,45.7215234801046 15.4944330525555,45.7220884860024 15.4949512021768,45.7225721422594 15.4948414737228,45.7232384671862 15.4947031889865,45.7235809963631 15.4945669051481,45.7241484634084 15.4945605055107,45.724877327107 15.4948498263168,45.7256319118359 15.4946475428027,45.7260017115536 15.4942272528923,45.7264174491338 15.4945255242856,45.7267310817664 15.4947336217214,45.7270181225747 15.4943003326417,45.7274159153164 15.4939867919983,45.7282810860774 15.4944182396619,45.7291250323919 15.4941808162856,45.7298818865711 15.4940303886267,45.7303054606438 15.4938962246471,45.7311158630997 15.4940432005867,45.7317540808578 15.4945609467713,45.7321837386963 15.4946443378099,45.7328942247571 15.4945200745049,45.7333716608792 15.494026222504,45.7341926251758 15.49347873056,45.7347618724873 15.4928132105558,45.7350616804991 15.4920559223195,45.7351549389221 15.4914827869023,45.7357332885575 15.4910157545205,45.7366890967829 15.4909993047479,45.7367141029715 15.4906974929434,45.7371729293872 15.4904578325866,45.7375373176408 15.4895666270985,45.7374995650629 15.4891080665787,45.737480132401 15.4883888249577,45.7375192106906 15.4878775028612,45.7378273286594 15.4876896326399,45.7383860148906 15.4878509880745,45.7392041401218 15.4882968443401,45.7402280120705 15.4878614426848,45.7404008356205 15.4876078090615,45.7407888326665 15.4871112813664,45.7413218467828 15.4867308713913,45.7419083465979 15.4859864828452,45.7420194971373 15.4853604829001,45.7424450751904 15.4851620644737,45.7432737397765 15.4858600883746,45.7437386570267 15.4861211707727,45.7442054392396 15.4854953291397,45.744864023732 15.4853570713042,45.7450095159171 15.4857340618476,45.7455028018507 15.4853767372817,45.7457922717126 15.4859072400871,45.7462039084945 15.4860128665184,45.7465273939191 15.4867943151404,45.7477117905013 15.4870596017369,45.7486554480037 15.4873619475978,45.7494279848068 15.4880635948426,45.7502977831214 15.4887145768599,45.7512487914166 15.4895407683691,45.7516591380842 15.489714009587,45.7523602351504 15.4902554081619,45.7525378762968 15.4906950210444,45.7528329124011 15.4927945000794,45.7533277368866 15.4931344054379,45.7539741219365 15.4926590092958,45.7554518452514 15.4928311951012,45.7560269765013 15.4935566450991,45.7566626924809 15.4936383057331,45.7566779122226 15.4937661510824,45.7567017188356 15.4938399149692,45.7567154570845 15.4943252463415,45.7563624334758 15.4945412209308,45.7560735575096 15.4948761324585,45.7561530879707 15.4951598616408,45.7562598228359 15.4953590025714,45.7563396153142 15.495378303437,45.7563473497118 15.495559766277,45.7564200533754 15.500237751913,45.7563096246866 15.4998487811663,45.7573730916476 15.5002295313338,45.7582622258164 15.5008268039624,45.7589254503843 15.4983778879961,45.7610777076602 15.4985355794469,45.7617809528347 15.4985653457379,45.7619137083232 15.4998350023002,45.7615752192615 15.5029608346924,45.7603647240224 15.5042414988106,45.759828175341 15.5059946660309,45.7589476002013</coordinates></LinearRing></outerBoundaryIs></Polygon></MultiGeometry>
  </Placemark>
</Folder>
</Document></kml>
